Index,Index_list
109776,"[47258, 88353, 29734, 54730, 94371, 19894, 82668, 5332, 52778, 83368]"
109777,"[105353, 67136, 106992, 53862, 28204, 98313, 97426, 5906, 28477, 44042]"
109778,"[31137, 98603, 38098, 103177, 1455, 73695, 50126, 96854, 12594, 6360]"
109779,"[37568, 48556, 4566, 70377, 72850, 35290, 103603, 34652, 33630, 101776]"
109780,"[106819, 96443, 84688, 9305, 3221, 49239, 41948, 62790, 106673, 9598]"
109781,"[90249, 102931, 97538, 51049, 37835, 97797, 103815, 46344, 58815, 36781]"
109782,"[87823, 18186, 54184, 56862, 80772, 58012, 1803, 80052, 87025, 26028]"
109783,"[12766, 42607, 22443, 49936, 42740, 58438, 80403, 79150, 101323, 88508]"
109784,"[84520, 91316, 105943, 104820, 22105, 51951, 18822, 49360, 91073, 83415]"
109785,"[5944, 4042, 9247, 28256, 107130, 30499, 79813, 88554, 19538, 12082]"
109786,"[3040, 21983, 47911, 40971, 28447, 42519, 802, 2431, 15735, 36433]"
109787,"[8810, 64219, 19953, 104274, 19879, 74337, 61295, 81404, 104171, 89976]"
109788,"[98268, 102449, 35844, 99821, 17230, 18777, 53349, 66796, 28345, 53264]"
109789,"[8660, 40067, 17036, 47322, 39645, 5455, 58845, 67752, 16992, 86273]"
109790,"[13407, 39452, 1365, 80926, 25403, 22956, 29227, 91795, 91225, 49843]"
109791,"[55335, 74038, 30987, 61520, 64490, 31806, 80044, 6492, 30616, 26002]"
109792,"[80661, 27365, 31903, 64489, 85802, 90934, 26788, 44471, 57190, 83467]"
109793,"[109644, 52385, 4383, 21434, 58116, 82273, 68751, 8801, 27363, 72694]"
109794,"[4441, 14140, 91080, 45230, 88749, 57694, 35412, 93782, 26579, 3301]"
109795,"[15187, 16728, 52636, 18858, 80487, 2168, 18598, 43133, 96767, 36918]"
109796,"[43271, 6342, 28479, 82204, 19115, 17482, 14222, 69691, 50294, 52119]"
109797,"[94401, 68214, 15944, 34964, 108338, 7812, 78194, 98098, 76109, 12429]"
109798,"[70616, 69551, 109122, 108395, 70926, 77597, 53378, 67685, 5326, 97807]"
109799,"[60252, 80731, 53019, 96339, 67994, 26899, 17841, 79755, 5663, 90422]"
109800,"[27454, 46465, 26751, 2306, 37790, 50665, 136, 97692, 43387, 50932]"
109801,"[100361, 28497, 10089, 90925, 29125, 74139, 85051, 6346, 87303, 102547]"
109802,"[26000, 90602, 38958, 36890, 84713, 29294, 92979, 83550, 18895, 63043]"
109803,"[57636, 77486, 5794, 103406, 30151, 76676, 83477, 67479, 42770, 72769]"
109804,"[31025, 52110, 61312, 91757, 96601, 12234, 87847, 57666, 69269, 107337]"
109805,"[5400, 20161, 23904, 44305, 33212, 32741, 44064, 74124, 74435, 17637]"
109806,"[108948, 46122, 9765, 42127, 92585, 23011, 61491, 71614, 90665, 3147]"
109807,"[16587, 22276, 16387, 27659, 72575, 70528, 63910, 32630, 10391, 78771]"
109808,"[107829, 21192, 75390, 10343, 65598, 82089, 5758, 86386, 16492, 585]"
109809,"[56714, 69486, 46207, 27184, 93496, 66731, 31005, 24869, 28603, 71450]"
109810,"[16688, 83138, 95198, 14610, 27286, 9766, 61191, 98217, 36518, 107570]"
109811,"[31619, 6973, 108497, 61790, 89322, 56651, 107949, 89627, 80456, 109701]"
109812,"[71738, 71374, 2252, 103645, 36876, 70400, 87146, 49815, 50649, 9541]"
109813,"[84720, 88275, 82012, 30169, 19444, 24787, 10579, 103871, 19257, 46156]"
109814,"[108126, 46787, 65204, 64205, 48765, 108812, 79428, 2165, 11482, 93376]"
109815,"[65622, 41776, 101091, 52604, 48709, 31315, 101382, 27879, 27992, 81295]"
109816,"[69701, 17908, 63543, 6239, 85274, 308, 64382, 92690, 66263, 7273]"
109817,"[95107, 43556, 65329, 27451, 13833, 12077, 95202, 23102, 47604, 24736]"
109818,"[60389, 66348, 7726, 32134, 92275, 63780, 108003, 75368, 97230, 95431]"
109819,"[22473, 97032, 90983, 78890, 87273, 20480, 41884, 100933, 58666, 92956]"
109820,"[78980, 33284, 1493, 80602, 104946, 7573, 57369, 40670, 45795, 97355]"
109821,"[40662, 35474, 52763, 101522, 28489, 107150, 54170, 46213, 20553, 97269]"
109822,"[79226, 30030, 109658, 68921, 4377, 5490, 85889, 3048, 92271, 45924]"
109823,"[19383, 12595, 91059, 79448, 70273, 39434, 43942, 43271, 46069, 52119]"
109824,"[26438, 102042, 23253, 8453, 92575, 102780, 53811, 31373, 41460, 7720]"
109825,"[10589, 80509, 107260, 88784, 98059, 3343, 68908, 45854, 63070, 47653]"
109826,"[30745, 17993, 47720, 34289, 8408, 55094, 90795, 35820, 65587, 69792]"
109827,"[36767, 14364, 17024, 23591, 32800, 23740, 82444, 2406, 102545, 13602]"
109828,"[96879, 23273, 89284, 104755, 5064, 68026, 1862, 34065, 41300, 88578]"
109829,"[71430, 62848, 108742, 97403, 70778, 14106, 55961, 34322, 69843, 44331]"
109830,"[63875, 67879, 70168, 43565, 100881, 42584, 32622, 76743, 106530, 37566]"
109831,"[98544, 89877, 56870, 78038, 96007, 79295, 89431, 92397, 13482, 13132]"
109832,"[89632, 100179, 102381, 2921, 27498, 92202, 18546, 63597, 84686, 27364]"
109833,"[89764, 13676, 26747, 92613, 73442, 48884, 104106, 67379, 88917, 91662]"
109834,"[92885, 76053, 12038, 95558, 80332, 36402, 25685, 89900, 55326, 1610]"
109835,"[38323, 54543, 94740, 72293, 62741, 29348, 91750, 54329, 101185, 3559]"
109836,"[46937, 37776, 82682, 54023, 46271, 91688, 30505, 42125, 104064, 96534]"
109837,"[81523, 95753, 94190, 71998, 34839, 98385, 31335, 94837, 74140, 74577]"
109838,"[56692, 67503, 19389, 68787, 44621, 103272, 94244, 88576, 12584, 77092]"
109839,"[90062, 13548, 58586, 62486, 55781, 18442, 104174, 907, 55561, 36374]"
109840,"[28903, 90137, 90153, 27220, 4488, 38301, 20073, 91105, 77549, 99297]"
109841,"[22676, 4506, 61552, 5360, 6245, 35475, 45582, 22533, 62855, 90984]"
109842,"[33690, 104712, 11622, 89328, 17765, 21084, 74729, 9181, 105929, 17336]"
109843,"[83216, 27012, 47442, 94219, 104637, 35714, 68068, 45354, 21889, 81833]"
109844,"[51300, 109331, 17111, 23610, 43170, 18322, 40875, 86791, 52765, 8388]"
109845,"[99743, 74981, 50836, 56843, 63018, 81425, 79553, 29832, 67666, 94438]"
109846,"[66415, 22645, 66745, 16549, 47755, 94917, 64849, 18565, 9453, 36449]"
109847,"[59316, 20800, 75760, 75160, 9787, 90520, 96484, 101747, 66022, 42898]"
109848,"[66917, 11829, 70342, 92914, 92508, 67532, 35058, 72169, 55630, 106990]"
109849,"[17608, 64843, 75747, 59707, 84284, 31275, 89994, 77347, 55926, 55545]"
109850,"[3765, 56994, 97157, 41674, 20729, 25588, 30070, 73854, 68270, 85696]"
109851,"[78759, 71470, 70686, 59725, 94545, 88604, 29563, 11938, 82477, 1227]"
109852,"[88398, 41219, 98484, 22515, 54706, 19527, 7834, 9073, 57539, 52334]"
109853,"[54222, 23062, 98531, 109283, 20443, 79930, 79682, 106859, 19236, 92338]"
109854,"[100548, 58718, 15891, 70046, 55241, 8906, 54508, 14509, 25857, 35358]"
109855,"[105176, 16047, 22203, 33751, 67111, 10319, 53230, 83757, 103713, 60734]"
109856,"[23754, 23546, 67681, 18523, 7340, 28815, 86327, 29813, 62432, 65320]"
109857,"[5586, 54142, 15125, 30620, 33371, 50493, 18715, 97234, 74177, 109034]"
109858,"[52332, 30299, 51450, 65543, 85262, 73606, 100228, 80414, 14252, 44188]"
109859,"[96052, 72296, 47946, 57232, 84606, 42749, 28658, 34205, 19346, 55935]"
109860,"[8488, 57646, 17767, 21117, 30546, 10927, 23221, 77067, 30242, 2063]"
109861,"[7114, 34933, 28794, 104893, 68282, 11645, 30305, 8269, 54104, 80958]"
109862,"[25232, 9769, 21615, 782, 21869, 106272, 39212, 50469, 39686, 60471]"
109863,"[82917, 55656, 35067, 97419, 13030, 82103, 26899, 66282, 91989, 79755]"
109864,"[10780, 34614, 48376, 40856, 909, 38824, 35939, 28277, 30602, 108453]"
109865,"[9795, 39986, 34235, 87807, 60753, 76731, 22335, 8121, 12713, 54901]"
109866,"[735, 101052, 109266, 28917, 87291, 212, 11992, 101214, 79766, 87757]"
109867,"[82480, 14043, 26977, 55406, 8438, 40095, 12544, 101741, 84265, 36447]"
109868,"[5128, 47669, 8556, 74747, 59820, 46530, 18441, 25326, 67883, 37812]"
109869,"[58868, 23746, 87766, 14415, 39878, 13586, 5207, 3302, 100843, 93538]"
109870,"[74709, 66334, 20901, 20014, 31910, 57271, 37100, 103583, 35553, 45650]"
109871,"[2901, 69563, 68127, 57560, 48459, 23414, 100415, 46844, 9100, 83489]"
109872,"[59247, 98546, 62833, 70257, 70772, 109108, 109535, 71471, 45603, 73567]"
109873,"[9295, 56503, 49614, 43978, 81939, 494, 61647, 75349, 47199, 87607]"
109874,"[50977, 66622, 29370, 88669, 45449, 28870, 4170, 54424, 81578, 98119]"
109875,"[69146, 88694, 49803, 76225, 74654, 109311, 37335, 68617, 87663, 2932]"
109876,"[61920, 20164, 38106, 75049, 24633, 29442, 9616, 98931, 104882, 46579]"
109877,"[105026, 41926, 24567, 95920, 33641, 24389, 56693, 2916, 108222, 97176]"
109878,"[63665, 14744, 46827, 93508, 40117, 23167, 95885, 97867, 58655, 108980]"
109879,"[75952, 76092, 85463, 35792, 93467, 54267, 77468, 3797, 90745, 27907]"
109880,"[17941, 104550, 63475, 46888, 35368, 61183, 32984, 49333, 101776, 27888]"
109881,"[71813, 49856, 12661, 42736, 75082, 34051, 102534, 16654, 88471, 90210]"
109882,"[10713, 48912, 99741, 58879, 32573, 43432, 82602, 86806, 37824, 63005]"
109883,"[99446, 48360, 74755, 61006, 33277, 18590, 21349, 17156, 51811, 103238]"
109884,"[64283, 109007, 1772, 91275, 52331, 56149, 28992, 42113, 81702, 105834]"
109885,"[23869, 92788, 41524, 23351, 42403, 61745, 4660, 65397, 109476, 16806]"
109886,"[108718, 95272, 263, 90325, 52448, 95571, 46421, 102280, 22575, 1382]"
109887,"[101146, 23133, 90179, 52776, 17595, 45466, 101083, 49421, 68827, 66810]"
109888,"[84508, 34660, 50077, 96959, 88292, 70135, 47624, 65565, 14164, 57316]"
109889,"[89707, 40889, 73715, 100291, 28659, 22270, 82960, 56950, 23572, 2465]"
109890,"[79826, 90206, 27887, 36181, 19999, 42078, 32823, 43660, 55971, 35359]"
109891,"[65506, 10125, 68477, 70683, 92768, 99876, 80249, 21643, 107198, 73072]"
109892,"[68262, 65190, 77604, 66978, 70660, 70536, 64795, 89073, 97111, 94250]"
109893,"[6813, 77129, 55356, 82865, 95066, 15743, 47715, 52577, 18330, 82288]"
109894,"[106701, 31438, 62976, 93256, 78480, 37229, 96806, 41069, 8713, 30267]"
109895,"[18225, 107330, 65929, 35093, 96362, 94218, 22790, 3956, 52907, 103731]"
109896,"[9302, 109006, 45522, 74703, 86043, 85790, 46849, 105192, 23073, 25833]"
109897,"[103842, 29273, 45705, 24246, 96801, 12023, 48160, 6860, 32193, 88038]"
109898,"[40476, 49705, 22283, 36828, 99170, 85067, 16802, 55614, 99744, 82364]"
109899,"[23544, 15216, 53668, 41186, 66016, 76736, 88866, 74108, 70111, 74651]"
109900,"[46918, 97880, 70092, 6246, 69916, 48851, 98916, 20025, 20893, 92126]"
109901,"[98576, 22806, 51533, 97781, 27307, 92214, 21415, 52144, 328, 9954]"
109902,"[7883, 3522, 36451, 48137, 37832, 53149, 79490, 38056, 83339, 101152]"
109903,"[37828, 33985, 10300, 93447, 17432, 5203, 50450, 20961, 27248, 2099]"
109904,"[55390, 62093, 55591, 92053, 97923, 89174, 36496, 34089, 90483, 31739]"
109905,"[50524, 101758, 61702, 68320, 12450, 36393, 99818, 100334, 82314, 97429]"
109906,"[91130, 76249, 78245, 55259, 17680, 20847, 65123, 57588, 59104, 106054]"
109907,"[21471, 49558, 38975, 15045, 64376, 89686, 18722, 3200, 34546, 18282]"
109908,"[1761, 17289, 54967, 84618, 67645, 26130, 89942, 93320, 81640, 45036]"
109909,"[22193, 62064, 70989, 4735, 40314, 42122, 36237, 99174, 35565, 42883]"
109910,"[22270, 28659, 100291, 29375, 75146, 20738, 93504, 56950, 38650, 102214]"
109911,"[92170, 74105, 71331, 39949, 16465, 40449, 24343, 50305, 107242, 59281]"
109912,"[79526, 34552, 33852, 47038, 50810, 5954, 86675, 47492, 7663, 56197]"
109913,"[95384, 102350, 82630, 44513, 44731, 98947, 86022, 11150, 98826, 44232]"
109914,"[61230, 53852, 61392, 36428, 31774, 38854, 81943, 3659, 26233, 49447]"
109915,"[109657, 21054, 101463, 99406, 98388, 21613, 43907, 35657, 80887, 90871]"
109916,"[93449, 1448, 96046, 107146, 12838, 13763, 46185, 14123, 37116, 46869]"
109917,"[39037, 85404, 8303, 68712, 57209, 74297, 60169, 71486, 49831, 29420]"
109918,"[89948, 30319, 98419, 101314, 22705, 72575, 57078, 63910, 35917, 83522]"
109919,"[108310, 13756, 52980, 69524, 60569, 27829, 86142, 30788, 10965, 63643]"
109920,"[105597, 64153, 86074, 59006, 16738, 107813, 15981, 106050, 71074, 9012]"
109921,"[31378, 90295, 36, 23228, 70644, 87206, 89940, 108602, 43923, 27148]"
109922,"[98992, 99749, 11910, 33791, 103269, 2097, 76762, 101671, 16164, 38139]"
109923,"[56767, 4686, 6830, 96252, 13936, 79912, 72249, 11668, 23887, 84940]"
109924,"[58758, 61749, 86150, 7026, 1857, 57840, 61017, 2639, 518, 65033]"
109925,"[36570, 96724, 50565, 81252, 51821, 6209, 37271, 11057, 52753, 106381]"
109926,"[567, 40491, 34837, 48077, 16310, 58411, 56719, 101318, 5366, 78057]"
109927,"[103098, 109497, 33679, 103507, 56948, 75424, 3897, 89021, 67455, 11071]"
109928,"[34774, 72748, 16756, 7331, 7566, 95293, 59806, 28074, 39882, 72032]"
109929,"[34026, 87958, 2, 7890, 55833, 4367, 31804, 100043, 23779, 32644]"
109930,"[104755, 5064, 41300, 34065, 72336, 73878, 96879, 96468, 21645, 57861]"
109931,"[3657, 4859, 107325, 66081, 86168, 94081, 8775, 50179, 38808, 26123]"
109932,"[33108, 83102, 11169, 87010, 4708, 24008, 97716, 55830, 94869, 17147]"
109933,"[76618, 22347, 88539, 18532, 94696, 98993, 95501, 16151, 4663, 11459]"
109934,"[66508, 71270, 105618, 72319, 12076, 16416, 76148, 70034, 48351, 59081]"
109935,"[66141, 59303, 24464, 481, 93895, 13282, 17069, 58308, 48332, 75934]"
109936,"[41714, 71708, 38382, 21433, 109356, 17683, 46463, 39813, 35351, 4904]"
109937,"[41012, 102189, 63166, 86921, 50716, 77071, 80784, 45211, 21592, 9432]"
109938,"[4255, 74241, 97171, 24158, 82517, 53263, 13322, 32231, 47997, 108216]"
109939,"[88354, 69005, 25212, 41591, 5141, 11306, 108239, 105635, 99631, 95605]"
109940,"[68351, 37653, 2170, 29173, 93887, 85455, 51871, 95510, 17331, 18700]"
109941,"[22452, 51749, 67552, 9506, 14458, 7974, 103138, 76386, 29048, 64584]"
109942,"[35100, 85628, 38331, 29257, 23358, 24501, 10990, 6753, 107788, 19365]"
109943,"[98165, 30701, 56014, 72068, 49203, 66497, 98757, 105162, 36303, 12825]"
109944,"[72240, 77855, 95265, 70828, 47285, 63381, 49091, 18105, 10940, 30712]"
109945,"[23365, 61234, 107538, 59671, 102899, 74591, 61170, 89498, 31226, 49330]"
109946,"[25008, 105007, 102684, 26289, 12854, 23847, 60617, 20378, 106572, 72291]"
109947,"[106617, 59666, 109238, 85267, 108874, 33497, 91289, 71995, 87098, 82293]"
109948,"[39906, 79010, 67549, 1220, 62042, 72457, 45989, 104958, 22907, 5223]"
109949,"[104247, 11246, 49019, 19366, 23632, 2493, 64975, 68748, 8492, 44793]"
109950,"[41023, 39475, 15206, 86401, 8095, 40451, 40964, 62625, 45672, 62399]"
109951,"[6517, 23048, 95451, 18646, 104807, 46632, 31061, 106793, 14081, 37469]"
109952,"[49173, 61189, 84515, 97262, 74617, 6303, 50224, 94586, 69823, 52065]"
109953,"[12512, 78507, 47421, 33080, 39469, 4751, 99439, 50976, 38310, 81411]"
109954,"[46862, 61350, 42599, 81275, 98515, 38294, 48877, 109396, 57481, 72357]"
109955,"[91347, 99111, 1120, 99373, 371, 105951, 95392, 106050, 92180, 59711]"
109956,"[18238, 102253, 97322, 53522, 11618, 10849, 10302, 10069, 94092, 12689]"
109957,"[69566, 83752, 64705, 101380, 86158, 109172, 81515, 21768, 61950, 90094]"
109958,"[53381, 72101, 39429, 99565, 8959, 7931, 21763, 95363, 3258, 23201]"
109959,"[70799, 98495, 100960, 23187, 59396, 75988, 107219, 64815, 8536, 39498]"
109960,"[25351, 66234, 87099, 5353, 98039, 52274, 26106, 4453, 9760, 11434]"
109961,"[95715, 15305, 20008, 34170, 81669, 27490, 66740, 12308, 73743, 91112]"
109962,"[104092, 68183, 75238, 83387, 82157, 57851, 84782, 106886, 44476, 75107]"
109963,"[71966, 29997, 3953, 96730, 79060, 26907, 104690, 13436, 38963, 36596]"
109964,"[36686, 29311, 54769, 38392, 99661, 18708, 11744, 82224, 15309, 18159]"
109965,"[14085, 38823, 86418, 63406, 100307, 49343, 61327, 17335, 62009, 95640]"
109966,"[79448, 19383, 13409, 12536, 12595, 70273, 30100, 43942, 91059, 43271]"
109967,"[19006, 29768, 12178, 109142, 46619, 44074, 89668, 98116, 60449, 46838]"
109968,"[26561, 92838, 6416, 27792, 14455, 70959, 91117, 69997, 108280, 52158]"
109969,"[100006, 99529, 104668, 32679, 109634, 80068, 108284, 44447, 56611, 98487]"
109970,"[21952, 19578, 97951, 2707, 60759, 100602, 96824, 75706, 93976, 24028]"
109971,"[29490, 18352, 66418, 49734, 99018, 33773, 99450, 91192, 3707, 18831]"
109972,"[31605, 107257, 82388, 54529, 95178, 74626, 105339, 43574, 11990, 102551]"
109973,"[26439, 20103, 8056, 90932, 45291, 76343, 6312, 51936, 12523, 22885]"
109974,"[15936, 78682, 9580, 109459, 71952, 39568, 77352, 17899, 73611, 54183]"
109975,"[36500, 108825, 43331, 3603, 18016, 1625, 55798, 57443, 3900, 31178]"
109976,"[75223, 2995, 38945, 76509, 11061, 65662, 43234, 6473, 12930, 2737]"
109977,"[93850, 102770, 54967, 6726, 63748, 88646, 100440, 43516, 99732, 7170]"
109978,"[34690, 81477, 37034, 17162, 57994, 80981, 50898, 74853, 64126, 28807]"
109979,"[29620, 41297, 48215, 54091, 73385, 44057, 42335, 49833, 3980, 81414]"
109980,"[73279, 88749, 105099, 1885, 96285, 81228, 50554, 9515, 103367, 91080]"
109981,"[13903, 61288, 7774, 40237, 21226, 16704, 41524, 84323, 17492, 16379]"
109982,"[48776, 25235, 72568, 62905, 19320, 42716, 18663, 43612, 8046, 18754]"
109983,"[39319, 45157, 61763, 59632, 96787, 91917, 62916, 6750, 39820, 98907]"
109984,"[89903, 4046, 22647, 25359, 62373, 49227, 325, 83615, 55448, 5383]"
109985,"[1513, 12432, 97514, 76628, 35865, 100051, 28745, 7306, 34492, 73767]"
109986,"[12700, 26554, 39474, 45977, 55500, 53143, 81025, 19373, 18952, 9654]"
109987,"[13321, 54994, 71947, 64119, 33559, 74045, 554, 46851, 45617, 99410]"
109988,"[27788, 24612, 21578, 68107, 67804, 106813, 50935, 48861, 43547, 85763]"
109989,"[70537, 8885, 96296, 17417, 13208, 82489, 61952, 58309, 63495, 76591]"
109990,"[9743, 34274, 21367, 85833, 20543, 93302, 58146, 8750, 104198, 103178]"
109991,"[48676, 8858, 108685, 97192, 29419, 102094, 8946, 71541, 4886, 49784]"
109992,"[25922, 9558, 87619, 64875, 33424, 16174, 9811, 19244, 23489, 84051]"
109993,"[80894, 73818, 65207, 72272, 26894, 7628, 84525, 88399, 76641, 7791]"
109994,"[101876, 88676, 2159, 8808, 61983, 78874, 42727, 94494, 273, 72521]"
109995,"[32508, 101712, 73163, 65693, 10734, 69722, 62222, 10271, 13490, 73093]"
109996,"[93072, 37631, 50575, 100183, 33970, 30898, 37752, 47715, 52577, 18330]"
109997,"[27766, 25866, 80556, 50671, 52986, 87575, 29111, 17704, 104081, 102870]"
109998,"[33467, 71231, 2384, 96146, 81664, 19846, 27094, 107428, 30195, 2079]"
109999,"[24790, 44480, 54601, 31535, 38024, 61891, 53819, 78757, 25115, 57225]"
110000,"[46832, 22302, 14133, 8576, 2254, 52201, 106268, 2076, 53580, 52966]"
110001,"[72647, 37581, 3694, 44041, 67250, 39066, 80102, 61587, 64166, 108333]"
110002,"[19982, 41644, 30085, 74228, 74745, 81916, 46922, 55165, 67067, 72036]"
110003,"[86572, 2412, 100557, 30591, 56448, 45382, 66507, 90762, 20631, 37952]"
110004,"[31913, 27125, 30901, 26952, 84284, 902, 108691, 81929, 1972, 85504]"
110005,"[44119, 57109, 93535, 103362, 56247, 30000, 64783, 90450, 78011, 82522]"
110006,"[98063, 32272, 63358, 1614, 65878, 39455, 94062, 30174, 10452, 98047]"
110007,"[68043, 35751, 82717, 25246, 4000, 73274, 41274, 4093, 1780, 97950]"
110008,"[78156, 82409, 54382, 61446, 54134, 45727, 84579, 64456, 76419, 108836]"
110009,"[22791, 67356, 48963, 42985, 50873, 96302, 34172, 56679, 19766, 104429]"
110010,"[42620, 90708, 68115, 69577, 42621, 69581, 7152, 82945, 9827, 39515]"
110011,"[38793, 18798, 6059, 55738, 71996, 30910, 74813, 101198, 47642, 37259]"
110012,"[22402, 72578, 30934, 38999, 30442, 93424, 54706, 4465, 88988, 64268]"
110013,"[96344, 101701, 92679, 45037, 51799, 8656, 93430, 42872, 41757, 40880]"
110014,"[15931, 26378, 43875, 74505, 81223, 54917, 43885, 49280, 42797, 69630]"
110015,"[32273, 105666, 67421, 30516, 37880, 55100, 13391, 35576, 47270, 84694]"
110016,"[94326, 69731, 66216, 28200, 6392, 15093, 91116, 18707, 88768, 103622]"
110017,"[24153, 27573, 98328, 9016, 90101, 9917, 30016, 99421, 105990, 25125]"
110018,"[19640, 106768, 69421, 92960, 42525, 6981, 58230, 107085, 14248, 46343]"
110019,"[77939, 47684, 35143, 99578, 89745, 61087, 71853, 38611, 95988, 88023]"
110020,"[24750, 59330, 93974, 29842, 101286, 86318, 11282, 89496, 86730, 71850]"
110021,"[77577, 89876, 13647, 28341, 98888, 34246, 55845, 69542, 79276, 64045]"
110022,"[82354, 103525, 101567, 70607, 85993, 818, 11118, 78169, 100176, 49163]"
110023,"[82962, 29416, 58720, 99663, 9846, 3930, 47524, 15525, 60820, 20402]"
110024,"[109069, 30030, 40461, 67756, 33652, 65155, 7850, 30009, 75073, 27747]"
110025,"[39315, 10272, 87539, 97298, 47915, 81646, 386, 49429, 31578, 77633]"
110026,"[46587, 41102, 49831, 69236, 68932, 37840, 33171, 80163, 11499, 71486]"
110027,"[43487, 24398, 58698, 73110, 64898, 45694, 51433, 73538, 6284, 15207]"
110028,"[100843, 13093, 86333, 29833, 14415, 39878, 13586, 5207, 3302, 92098]"
110029,"[68310, 82980, 41565, 63676, 39013, 82168, 25397, 33602, 64152, 66635]"
110030,"[70308, 51820, 62090, 106462, 2804, 32804, 42498, 45649, 50159, 1260]"
110031,"[60190, 74039, 105678, 4556, 41730, 32728, 75690, 55982, 54909, 58239]"
110032,"[58794, 50890, 24076, 237, 14305, 92822, 72576, 106332, 97351, 18413]"
110033,"[39048, 42623, 44371, 87973, 67642, 88606, 61758, 106229, 83655, 52671]"
110034,"[47364, 1211, 98157, 77128, 66262, 81905, 65923, 64398, 20656, 87542]"
110035,"[46948, 42190, 61482, 20548, 64746, 72593, 74733, 100350, 852, 48688]"
110036,"[59005, 27402, 80740, 65261, 54841, 50110, 73276, 6650, 47176, 33525]"
110037,"[50377, 46498, 97652, 101339, 104389, 89917, 97541, 13707, 84225, 97811]"
110038,"[108590, 2757, 28223, 65540, 20531, 79505, 91609, 23289, 108893, 55165]"
110039,"[39132, 101897, 60329, 23864, 26832, 68847, 80549, 107985, 44873, 57066]"
110040,"[255, 92916, 60107, 85616, 24448, 4957, 100490, 58658, 61947, 99687]"
110041,"[13270, 77274, 65099, 7885, 95140, 17008, 35573, 36700, 1436, 97397]"
110042,"[78403, 108421, 37849, 32045, 27438, 67899, 44284, 67032, 107277, 60839]"
110043,"[36498, 14997, 28641, 38403, 20381, 59236, 16684, 72404, 49221, 104364]"
110044,"[42689, 30493, 91622, 25329, 16438, 8636, 38588, 79245, 18947, 54948]"
110045,"[19517, 21387, 11215, 91025, 59648, 108402, 42607, 80403, 43971, 22106]"
110046,"[16679, 104890, 79683, 56929, 60950, 24395, 15141, 67303, 3052, 82936]"
110047,"[66816, 94538, 18356, 46800, 40076, 64812, 73762, 57712, 7037, 76745]"
110048,"[72603, 99187, 98480, 63743, 12218, 48532, 108431, 71014, 41125, 83559]"
110049,"[30541, 16668, 100000, 11962, 39731, 99845, 55634, 61051, 86095, 94018]"
110050,"[60967, 26137, 81322, 76257, 64367, 23179, 40217, 62779, 69092, 86075]"
110051,"[76126, 9911, 61574, 1477, 74093, 77484, 92654, 7882, 54886, 55501]"
110052,"[4541, 12458, 56840, 1514, 3009, 72398, 42750, 14748, 7518, 9613]"
110053,"[16977, 84442, 51558, 22674, 23793, 14000, 23552, 14435, 101819, 27641]"
110054,"[73114, 29256, 834, 39254, 63539, 94905, 18091, 29778, 86870, 44711]"
110055,"[72332, 20462, 60838, 10646, 87638, 57693, 41096, 66921, 92766, 103943]"
110056,"[20795, 64799, 20023, 53432, 77895, 98960, 48665, 44742, 21841, 88241]"
110057,"[101953, 19873, 8070, 55052, 12695, 70214, 75913, 72880, 15225, 82052]"
110058,"[47075, 30832, 24414, 64936, 43795, 83191, 6356, 37986, 102405, 9214]"
110059,"[25191, 81854, 24405, 89844, 47527, 80443, 5725, 79790, 29990, 47158]"
110060,"[90541, 2577, 2399, 9651, 75780, 85240, 21671, 55616, 85602, 107945]"
110061,"[56067, 25506, 4544, 31375, 27951, 89052, 87440, 36432, 16520, 40435]"
110062,"[25349, 101378, 13189, 96640, 74015, 101783, 40326, 85277, 15419, 16377]"
110063,"[46791, 31997, 46854, 20272, 34117, 26645, 19149, 13226, 41599, 19339]"
110064,"[14508, 39033, 8374, 3700, 98163, 101364, 83739, 28876, 67769, 3002]"
110065,"[58702, 8242, 73133, 59259, 50364, 83190, 20310, 76705, 97561, 44569]"
110066,"[16322, 1029, 63231, 47601, 35782, 71778, 1605, 41782, 87353, 43038]"
110067,"[87648, 69882, 12624, 99976, 690, 15261, 12800, 92497, 92812, 79654]"
110068,"[79047, 7505, 5618, 27807, 102640, 94086, 30121, 68417, 6597, 44260]"
110069,"[106511, 22279, 18685, 98845, 51623, 90865, 103724, 74844, 80622, 21522]"
110070,"[21632, 80328, 57950, 35449, 55152, 46280, 9476, 42237, 51402, 41344]"
110071,"[63593, 30809, 47986, 27970, 17615, 21508, 44833, 10700, 34791, 58966]"
110072,"[1662, 1878, 109533, 40755, 58449, 696, 97009, 61976, 53061, 92165]"
110073,"[42960, 84928, 40004, 56406, 63932, 76610, 42142, 81088, 73023, 79550]"
110074,"[79396, 48456, 62409, 69449, 43668, 38317, 5369, 61537, 74008, 54149]"
110075,"[52519, 3417, 18951, 93010, 57756, 15999, 56574, 105971, 14228, 5477]"
110076,"[43422, 26948, 41320, 1770, 64994, 72350, 39290, 63650, 65462, 56200]"
110077,"[21005, 54118, 62583, 40609, 15793, 53911, 87033, 23484, 17490, 36517]"
110078,"[42397, 89812, 9790, 45262, 100937, 71212, 41068, 29253, 20479, 84972]"
110079,"[11145, 20000, 51376, 74843, 82026, 35430, 77947, 62510, 93541, 101481]"
110080,"[26200, 91016, 24986, 83020, 25356, 19677, 53789, 92802, 50432, 102406]"
110081,"[106632, 5527, 100627, 6339, 79874, 88744, 97760, 2951, 79934, 73697]"
110082,"[1991, 64987, 73699, 44296, 42472, 43169, 11988, 94799, 12430, 60036]"
110083,"[63312, 1084, 61642, 37643, 101185, 70481, 54543, 14002, 92179, 38594]"
110084,"[91414, 44701, 22548, 65034, 93011, 78995, 50453, 56410, 102989, 13361]"
110085,"[85002, 101535, 35621, 91372, 49389, 90991, 7371, 32342, 2464, 39888]"
110086,"[38980, 35979, 100368, 62124, 78898, 94866, 72201, 15260, 42643, 94660]"
110087,"[105674, 94471, 17879, 53099, 74874, 55667, 79130, 40879, 69315, 97262]"
110088,"[12397, 64161, 50889, 96417, 66673, 20693, 48805, 86823, 30625, 57623]"
110089,"[64565, 98609, 86631, 103441, 108505, 69390, 79012, 108753, 72103, 84240]"
110090,"[18035, 61603, 64617, 82395, 99770, 73672, 101096, 86976, 62458, 26191]"
110091,"[63886, 43176, 9932, 13480, 65228, 73500, 56206, 59169, 56233, 87170]"
110092,"[64818, 72216, 17758, 72410, 8804, 5549, 103630, 89008, 44916, 57948]"
110093,"[62612, 22310, 47242, 48221, 55429, 83679, 37282, 66270, 31039, 99745]"
110094,"[106100, 80396, 105080, 24791, 23045, 49340, 60821, 66908, 77096, 51674]"
110095,"[97461, 10180, 103799, 69663, 35352, 96733, 12328, 48490, 38733, 9695]"
110096,"[15191, 84817, 70735, 95867, 3504, 65003, 6561, 52208, 96489, 238]"
110097,"[85049, 22871, 88386, 107737, 37354, 103923, 34121, 75579, 23139, 47847]"
110098,"[3478, 12979, 57286, 15331, 73109, 59662, 86697, 79193, 84551, 9816]"
110099,"[73539, 25327, 86661, 72597, 76330, 104399, 17642, 59916, 106817, 13366]"
110100,"[79490, 10268, 104510, 18373, 15956, 68574, 100912, 24048, 10175, 2158]"
110101,"[8461, 26661, 177, 93693, 45965, 99689, 93584, 26639, 47183, 51369]"
110102,"[87439, 86242, 59242, 1671, 59302, 56178, 67206, 34916, 70308, 102514]"
110103,"[35406, 85253, 70990, 18659, 49588, 58208, 66809, 78918, 30770, 19591]"
110104,"[102397, 57429, 58557, 104973, 375, 100111, 22305, 12835, 54626, 62682]"
110105,"[82643, 66578, 33719, 50425, 17935, 49889, 4096, 40956, 69229, 102837]"
110106,"[106780, 23371, 74705, 24913, 84520, 17725, 21685, 65141, 19265, 100275]"
110107,"[41193, 25687, 87996, 846, 53282, 101466, 30531, 88982, 51272, 45192]"
110108,"[35810, 2282, 103872, 106130, 107076, 41641, 104079, 85351, 4770, 72174]"
110109,"[43702, 44669, 28714, 82692, 85467, 55947, 86458, 96719, 38400, 80753]"
110110,"[54477, 41917, 41440, 44807, 65269, 42729, 25, 44334, 11830, 61049]"
110111,"[85559, 2160, 29663, 14181, 98220, 108800, 64261, 23715, 7332, 40407]"
110112,"[1385, 19355, 8426, 33308, 52098, 48225, 43611, 653, 69813, 82263]"
110113,"[10864, 37545, 37281, 40360, 6793, 106236, 52991, 16507, 63970, 73119]"
110114,"[8449, 40495, 107131, 56141, 51941, 50319, 56344, 6689, 107235, 12830]"
110115,"[66961, 105766, 18039, 49405, 29915, 37757, 6705, 29994, 25515, 105966]"
110116,"[4766, 27761, 100512, 38787, 7429, 11730, 87760, 31468, 1988, 37848]"
110117,"[49368, 17166, 36192, 26756, 97924, 16245, 6662, 59774, 47620, 34679]"
110118,"[11743, 48966, 85454, 2057, 90469, 68403, 43484, 8124, 103281, 95254]"
110119,"[100553, 24356, 47937, 98626, 3162, 36279, 36354, 102875, 76951, 19657]"
110120,"[52623, 4851, 53191, 36512, 83945, 56336, 13911, 15543, 108756, 92624]"
110121,"[73281, 34164, 78639, 36507, 2695, 35519, 29803, 22053, 83141, 34939]"
110122,"[76379, 76636, 36838, 35260, 44711, 63116, 87857, 55467, 43232, 33247]"
110123,"[46181, 90866, 86093, 52132, 59339, 103050, 88486, 14297, 39256, 75797]"
110124,"[62609, 38774, 91593, 13963, 24948, 34033, 107629, 109407, 18452, 1527]"
110125,"[9344, 89848, 94793, 19074, 26081, 2138, 46290, 4669, 7693, 90385]"
110126,"[51194, 102846, 81661, 65310, 88685, 106975, 56355, 68588, 49870, 23570]"
110127,"[103213, 18067, 89304, 96113, 98978, 67487, 20645, 66058, 97601, 72932]"
110128,"[67927, 60269, 85570, 22007, 18564, 82542, 7395, 73846, 28740, 29672]"
110129,"[66412, 47535, 103437, 35634, 90151, 42851, 29283, 66298, 50393, 97636]"
110130,"[36503, 72022, 101350, 17761, 7454, 59455, 29954, 94694, 56852, 42200]"
110131,"[47951, 41082, 28671, 88523, 106343, 32778, 68486, 55642, 66423, 89373]"
110132,"[15817, 16780, 18266, 15076, 36196, 63075, 77670, 79407, 85822, 41376]"
110133,"[34954, 23915, 47358, 31600, 104593, 28026, 14150, 1940, 100920, 6678]"
110134,"[2155, 33391, 20177, 97446, 12015, 46487, 5287, 11771, 7489, 57649]"
110135,"[61778, 27294, 16195, 60223, 46248, 63205, 90447, 106550, 45337, 102967]"
110136,"[67899, 26589, 37486, 89682, 11754, 41947, 107107, 62602, 42090, 67032]"
110137,"[13626, 31733, 17003, 7792, 67752, 16578, 2409, 59623, 17715, 5455]"
110138,"[54914, 4818, 54027, 59533, 8213, 49486, 89060, 56208, 94879, 43196]"
110139,"[61808, 36710, 697, 28184, 17324, 80117, 54727, 107325, 65696, 43472]"
110140,"[13790, 25803, 104565, 42798, 737, 45286, 99071, 41267, 81759, 48340]"
110141,"[30884, 5719, 8071, 107843, 76990, 11302, 40968, 49662, 77649, 105270]"
110142,"[102049, 84860, 102384, 20010, 47762, 99640, 63671, 58865, 46651, 6713]"
110143,"[5311, 34687, 105262, 87990, 103440, 34845, 98599, 85965, 65451, 93366]"
110144,"[74671, 25464, 38552, 83973, 7515, 3230, 77858, 87247, 77533, 65282]"
110145,"[16434, 28733, 5118, 107362, 3929, 80916, 19493, 81594, 46502, 92267]"
110146,"[83230, 66172, 53423, 99180, 51254, 12963, 82624, 106139, 33567, 99808]"
110147,"[89222, 62766, 73343, 88760, 104834, 76365, 30952, 34257, 41664, 90858]"
110148,"[44948, 38190, 81836, 28378, 42843, 86520, 52530, 12698, 61251, 43158]"
110149,"[76579, 28198, 63532, 31259, 32601, 44637, 76428, 28403, 85538, 12524]"
110150,"[3141, 96658, 64990, 25717, 32360, 51800, 82954, 18412, 82707, 52232]"
110151,"[87394, 57258, 78962, 107468, 35278, 11174, 18850, 75056, 63929, 105918]"
110152,"[86771, 61014, 59447, 101552, 8175, 68787, 26320, 103500, 56332, 38805]"
110153,"[29828, 56950, 83069, 77312, 89707, 8525, 69038, 100291, 89929, 5254]"
110154,"[39731, 52608, 42792, 63921, 53612, 50696, 6976, 106105, 24691, 27461]"
110155,"[85278, 103099, 47677, 69412, 108810, 81264, 89655, 16620, 106532, 62419]"
110156,"[56066, 31977, 61139, 107486, 95404, 68115, 80160, 57986, 37045, 4571]"
110157,"[26443, 46588, 30207, 85682, 77068, 63292, 100894, 42465, 36006, 58944]"
110158,"[104866, 30886, 22833, 88713, 85008, 20770, 26119, 32889, 5258, 96698]"
110159,"[107853, 59692, 105081, 57883, 524, 40849, 53499, 96722, 88107, 104602]"
110160,"[24858, 93229, 14638, 33159, 6399, 77193, 1025, 61080, 49617, 59580]"
110161,"[57505, 39477, 34699, 77752, 24198, 101312, 59811, 101277, 101115, 89521]"
110162,"[101166, 6408, 106697, 45312, 68745, 96078, 63822, 68908, 3343, 10499]"
110163,"[29309, 15914, 82334, 54384, 34275, 109647, 79957, 101983, 9497, 93220]"
110164,"[48530, 14384, 94048, 29574, 96106, 39065, 79422, 109365, 53080, 76992]"
110165,"[27705, 36235, 1126, 108597, 48037, 16546, 87064, 57551, 98943, 57356]"
110166,"[20202, 12100, 72159, 30297, 61838, 79774, 95815, 55089, 92017, 11318]"
110167,"[80352, 107583, 46137, 62581, 39237, 51566, 64539, 26139, 101247, 26515]"
110168,"[63450, 45814, 45107, 60233, 70434, 18074, 96084, 103254, 68378, 62405]"
110169,"[76621, 80967, 99246, 27916, 17586, 15369, 78023, 18645, 91082, 7695]"
110170,"[57835, 109559, 100725, 12540, 3349, 43076, 42386, 9269, 97266, 16859]"
110171,"[105912, 102517, 105012, 4407, 68656, 91897, 100411, 79708, 59543, 90813]"
110172,"[42236, 108073, 6933, 59040, 103970, 31940, 7465, 29382, 82652, 92952]"
110173,"[53897, 39309, 34004, 36928, 76961, 76313, 3798, 17252, 73599, 50884]"
110174,"[103265, 93914, 36383, 104693, 54031, 1449, 38090, 1390, 56083, 103100]"
110175,"[29371, 41220, 56940, 38160, 40350, 40590, 108580, 40357, 36883, 83060]"
110176,"[105038, 81261, 99978, 98052, 17544, 40919, 5564, 27285, 21921, 40567]"
110177,"[14809, 105615, 79189, 47339, 12115, 49184, 35715, 43813, 49198, 52699]"
110178,"[90095, 2393, 96479, 51003, 10673, 53446, 32173, 92529, 24391, 48406]"
110179,"[89973, 32182, 20915, 78392, 73742, 64481, 35770, 7701, 51362, 37141]"
110180,"[32941, 97407, 763, 56513, 83558, 32324, 60396, 72233, 91248, 71514]"
110181,"[27293, 12935, 80760, 102937, 10906, 77283, 44856, 14732, 51728, 77329]"
110182,"[46047, 12073, 89244, 64174, 34600, 25497, 42727, 31324, 101876, 19191]"
110183,"[100933, 17752, 103112, 61992, 25968, 41884, 10620, 56913, 23096, 16616]"
110184,"[60392, 51376, 66555, 75872, 62510, 80292, 50350, 16678, 65012, 11145]"
110185,"[31944, 70870, 34239, 63463, 19574, 17601, 2011, 4380, 18165, 12273]"
110186,"[73592, 54734, 37474, 44848, 78285, 87762, 42118, 92457, 47241, 313]"
110187,"[35537, 7918, 9211, 97162, 99436, 18540, 62014, 63714, 57939, 84913]"
110188,"[78066, 108983, 78922, 46745, 59595, 32797, 46182, 60470, 24844, 93431]"
110189,"[98671, 68020, 55177, 25908, 10256, 22350, 85179, 61141, 69473, 89386]"
110190,"[105993, 4304, 50469, 67768, 67465, 81438, 37617, 21324, 77688, 91147]"
110191,"[24407, 18525, 62819, 92640, 4177, 73269, 68671, 14800, 2452, 87908]"
110192,"[4161, 17247, 39396, 55658, 62619, 29147, 16733, 27932, 61514, 78505]"
110193,"[96499, 95945, 53451, 11675, 63390, 74674, 75454, 1093, 4418, 89556]"
110194,"[70721, 7938, 27182, 69810, 96559, 96424, 24902, 68188, 28995, 15351]"
110195,"[36686, 29311, 18708, 54769, 38392, 38481, 7729, 45812, 98286, 63482]"
110196,"[101803, 6138, 88598, 6576, 5853, 50069, 50174, 72739, 76468, 82074]"
110197,"[53316, 62601, 82905, 70549, 24276, 32713, 109439, 7534, 37661, 51736]"
110198,"[79074, 86486, 6040, 71914, 98962, 9488, 30125, 43411, 76317, 461]"
110199,"[81687, 81772, 102996, 68693, 71349, 45084, 100063, 38961, 46145, 97409]"
110200,"[26035, 94777, 17318, 76502, 13438, 7002, 24947, 32553, 52666, 8807]"
110201,"[69696, 39354, 107104, 69490, 96931, 99618, 13111, 32680, 40871, 40989]"
110202,"[43057, 11994, 35778, 78388, 35065, 33939, 70840, 15103, 4533, 6231]"
110203,"[57170, 69663, 35352, 9244, 7222, 48490, 12328, 99485, 73838, 84275]"
110204,"[106470, 103533, 68449, 23782, 65536, 75242, 88647, 10210, 28731, 27019]"
110205,"[100716, 86164, 107935, 39322, 308, 48311, 78372, 64034, 89516, 4843]"
110206,"[94761, 97549, 47486, 108683, 2674, 79368, 31528, 38998, 90023, 64777]"
110207,"[77187, 30206, 72502, 89232, 26064, 48049, 23279, 109334, 13159, 71620]"
110208,"[24060, 51371, 90155, 57039, 22609, 49750, 55115, 104861, 24557, 7658]"
110209,"[50150, 25769, 58972, 69605, 1722, 86446, 23514, 21898, 107645, 15534]"
110210,"[43964, 18098, 34027, 28061, 98293, 7682, 47963, 24548, 70458, 50249]"
110211,"[24582, 25372, 99090, 95441, 62637, 63801, 59972, 11633, 108426, 104910]"
110212,"[94019, 14164, 57316, 11574, 11190, 46227, 42807, 38281, 88682, 13713]"
110213,"[32845, 81679, 33353, 66801, 3304, 35768, 43294, 25826, 30322, 104129]"
110214,"[98156, 55734, 26429, 60252, 26899, 13030, 70530, 19683, 35275, 16644]"
110215,"[42855, 78532, 58689, 15473, 57610, 17605, 88705, 7932, 11789, 6497]"
110216,"[62730, 76735, 58243, 86161, 37896, 29376, 89037, 87695, 42515, 30406]"
110217,"[81447, 69583, 2557, 100332, 55276, 85174, 82486, 84878, 6346, 87233]"
110218,"[38760, 92912, 86717, 21604, 13854, 96892, 12683, 70713, 90668, 18763]"
110219,"[90508, 12640, 77138, 56844, 69347, 3056, 28624, 73106, 93812, 29986]"
110220,"[15949, 53827, 74699, 99979, 3376, 71587, 80000, 86725, 45143, 31106]"
110221,"[49744, 36975, 32726, 82802, 3462, 1147, 13351, 45252, 4438, 107754]"
110222,"[74564, 29165, 92558, 220, 28899, 48024, 66959, 37416, 101900, 88095]"
110223,"[12464, 79642, 15960, 49491, 65214, 80711, 106107, 32547, 83968, 21135]"
110224,"[46274, 14896, 30201, 71783, 32130, 89107, 70561, 83665, 78738, 2228]"
110225,"[98426, 13895, 77934, 41708, 109459, 41367, 42719, 39752, 4530, 63522]"
110226,"[45079, 2849, 20762, 49537, 2109, 4236, 92965, 67745, 72461, 46301]"
110227,"[75708, 22908, 1291, 104100, 87650, 59355, 26159, 79537, 41542, 102541]"
110228,"[61871, 55802, 108677, 39710, 69907, 32262, 18471, 17244, 55042, 98780]"
110229,"[70086, 4579, 60888, 88315, 18863, 27483, 11745, 89277, 59041, 40632]"
110230,"[9015, 35292, 86908, 30009, 105656, 109706, 6017, 89221, 55307, 55245]"
110231,"[57396, 26690, 97737, 97703, 108702, 6353, 15210, 70648, 60998, 36270]"
110232,"[12445, 6179, 87224, 2454, 25462, 99370, 51327, 41062, 76424, 89238]"
110233,"[53140, 45345, 81368, 102123, 71156, 40600, 5657, 58118, 34981, 14095]"
110234,"[4654, 103586, 102492, 57083, 58391, 52688, 39337, 43220, 105741, 68305]"
110235,"[9783, 37888, 56598, 91635, 26545, 81126, 11380, 8934, 42491, 12111]"
110236,"[40968, 37187, 56926, 4566, 5719, 21348, 43660, 36616, 33484, 8071]"
110237,"[63310, 66535, 80034, 30384, 71332, 35158, 78561, 98278, 63762, 11341]"
110238,"[58384, 25659, 78172, 34595, 71546, 100162, 1154, 74374, 84931, 99991]"
110239,"[92178, 37441, 3468, 88696, 65547, 21646, 16423, 33660, 31723, 102400]"
110240,"[107795, 107749, 86874, 4013, 34658, 43297, 32069, 75485, 20573, 15653]"
110241,"[3188, 14554, 33541, 39478, 91160, 13908, 84009, 87935, 72589, 99755]"
110242,"[85832, 101617, 91761, 37650, 99598, 11560, 41781, 54177, 83801, 87337]"
110243,"[89436, 13228, 12397, 65121, 67400, 97318, 21345, 57426, 86823, 105471]"
110244,"[81820, 107261, 82334, 106157, 3195, 101291, 80754, 101563, 5913, 32348]"
110245,"[68590, 50477, 109433, 23032, 47043, 42181, 90521, 108300, 22773, 54488]"
110246,"[73484, 90139, 96475, 90647, 100789, 57389, 20481, 67952, 14429, 37445]"
110247,"[62841, 58479, 40746, 108971, 54564, 67283, 8422, 93231, 19791, 86051]"
110248,"[53869, 32185, 60742, 9757, 47391, 98085, 92051, 17063, 95257, 105993]"
110249,"[24672, 90991, 40792, 100964, 32342, 7371, 81608, 80911, 19935, 101535]"
110250,"[79537, 65179, 17070, 22908, 26159, 2456, 30710, 104100, 1291, 64059]"
110251,"[57546, 102958, 37601, 71626, 100515, 44778, 79197, 34675, 9008, 11908]"
110252,"[49069, 92929, 7989, 100462, 28768, 83510, 23426, 76297, 48312, 27291]"
110253,"[85544, 23018, 46934, 26729, 41946, 80132, 85555, 9436, 65819, 73953]"
110254,"[10324, 95788, 40948, 61416, 100102, 33398, 25835, 27052, 34201, 79476]"
110255,"[83723, 41900, 86237, 3964, 22196, 160, 19755, 20046, 19614, 72506]"
110256,"[95159, 88687, 17677, 90848, 43357, 59174, 93051, 36987, 95917, 712]"
110257,"[41938, 86032, 20640, 107420, 77749, 70665, 97009, 94759, 1878, 4626]"
110258,"[37145, 69454, 69694, 57510, 35360, 31523, 2755, 42903, 61592, 56030]"
110259,"[11074, 43488, 61146, 61559, 49028, 6934, 33289, 100632, 79515, 1480]"
110260,"[94048, 53080, 76992, 95436, 96106, 39065, 61490, 79422, 34735, 14061]"
110261,"[17462, 26943, 66881, 100353, 44161, 81337, 50911, 26120, 26100, 19909]"
110262,"[5892, 46245, 60145, 79097, 34231, 76371, 108390, 61211, 17013, 48970]"
110263,"[102724, 48569, 40705, 91179, 32447, 105199, 63634, 12688, 15663, 67126]"
110264,"[31638, 2527, 50899, 69898, 32854, 107311, 79204, 22511, 54476, 346]"
110265,"[44942, 71510, 43678, 75895, 50491, 14, 82461, 67997, 66794, 37162]"
110266,"[6977, 73115, 94157, 72383, 97107, 95727, 55577, 50287, 3156, 19595]"
110267,"[66575, 12012, 51637, 17584, 42486, 81488, 32975, 75139, 92990, 77583]"
110268,"[15275, 24464, 77290, 3287, 94948, 108592, 70996, 2708, 82037, 93657]"
110269,"[99757, 14084, 90396, 2658, 87848, 13722, 86022, 64025, 85146, 19096]"
110270,"[86948, 22095, 49586, 50313, 58965, 19046, 88296, 94017, 6071, 22772]"
110271,"[29236, 84468, 23797, 73675, 95249, 79188, 73508, 33798, 21145, 96096]"
110272,"[20810, 104017, 104196, 28732, 94325, 28608, 52794, 69881, 15938, 77718]"
110273,"[24897, 6774, 13567, 62225, 50083, 6452, 108759, 102269, 58799, 19811]"
110274,"[21172, 43215, 9236, 62021, 41005, 80949, 98975, 62373, 83259, 72375]"
110275,"[71158, 6461, 4729, 11094, 38468, 23129, 60041, 42502, 45288, 82971]"
110276,"[45954, 61444, 9696, 4860, 15667, 37113, 21746, 15114, 7915, 5870]"
110277,"[35233, 93454, 34080, 101757, 74366, 104743, 23499, 74498, 17640, 2833]"
110278,"[15062, 51932, 50708, 30060, 58889, 100244, 69880, 73842, 46109, 83948]"
110279,"[8858, 102094, 81942, 108685, 105986, 21402, 48676, 55541, 20569, 49784]"
110280,"[64432, 46132, 96358, 106613, 55158, 62323, 3333, 56648, 79858, 98932]"
110281,"[58558, 107476, 52873, 41471, 98316, 108163, 94913, 6310, 91392, 15266]"
110282,"[88042, 35950, 43857, 38151, 86735, 109729, 29527, 5471, 17519, 76929]"
110283,"[91997, 46414, 106071, 87818, 102313, 47225, 31583, 100284, 81501, 76160]"
110284,"[37878, 44347, 86449, 25248, 81691, 39674, 25502, 4646, 24852, 17187]"
110285,"[77918, 84319, 21516, 49709, 4003, 29226, 74404, 37637, 18339, 74418]"
110286,"[98602, 65224, 42010, 85772, 12723, 74868, 41157, 55600, 30257, 9874]"
110287,"[101276, 82923, 11907, 54921, 62229, 42092, 26390, 95586, 83210, 62707]"
110288,"[80993, 8630, 7014, 14399, 1473, 74977, 99933, 61824, 2929, 60277]"
110289,"[17632, 95551, 65056, 69445, 94965, 70389, 2764, 26873, 91819, 27415]"
110290,"[54931, 102437, 13025, 65743, 37494, 89990, 34596, 60191, 95361, 10864]"
110291,"[61518, 18003, 101193, 1339, 108629, 104375, 78437, 53499, 103746, 40849]"
110292,"[46120, 66658, 8776, 81106, 76772, 50177, 94704, 24348, 3460, 76693]"
110293,"[105402, 37689, 33068, 91585, 35408, 97137, 62947, 1404, 282, 24026]"
110294,"[85843, 91552, 11595, 79792, 34240, 44417, 106203, 35700, 12318, 16186]"
110295,"[77747, 30579, 55411, 87729, 14031, 100463, 529, 6752, 32977, 37943]"
110296,"[66363, 83034, 1209, 73053, 97972, 25749, 49549, 5031, 28556, 73085]"
110297,"[83713, 34338, 54060, 8275, 77269, 32044, 46712, 20562, 11885, 81551]"
110298,"[85584, 5581, 93421, 304, 924, 74840, 70115, 8212, 81957, 39601]"
110299,"[14342, 36775, 103936, 47665, 48727, 15756, 55719, 43695, 101018, 81786]"
110300,"[61688, 74456, 65972, 105688, 65088, 97948, 61835, 80191, 46749, 82195]"
110301,"[90338, 91489, 51245, 64371, 57681, 88822, 45892, 56358, 62253, 100576]"
110302,"[54862, 21357, 102710, 47823, 26550, 99, 69584, 106736, 20962, 48441]"
110303,"[21606, 108300, 86642, 65681, 75599, 62393, 8446, 33381, 70150, 108856]"
110304,"[83666, 7987, 97562, 95207, 52438, 64842, 12490, 74367, 56010, 107644]"
110305,"[7111, 11456, 97490, 59267, 46549, 7981, 98816, 37145, 75992, 29879]"
110306,"[100563, 56132, 62145, 78178, 78739, 18807, 107077, 25346, 26528, 49297]"
110307,"[7500, 88835, 89125, 76045, 56151, 31083, 75114, 65094, 57971, 24749]"
110308,"[55062, 66157, 91986, 58253, 57260, 95118, 88960, 25219, 61920, 31582]"
110309,"[40104, 92726, 2146, 38324, 79625, 78037, 93683, 96119, 35883, 5100]"
110310,"[13252, 106668, 14340, 28600, 101400, 29648, 32656, 32977, 81379, 61]"
110311,"[49265, 36967, 54113, 40730, 58242, 7172, 87149, 75934, 28455, 65962]"
110312,"[33892, 65945, 86448, 92140, 65160, 103049, 49728, 105300, 13585, 80089]"
110313,"[18791, 8451, 65148, 98802, 66074, 39959, 64731, 100372, 64671, 98259]"
110314,"[91171, 10020, 17085, 15699, 80832, 57895, 27168, 81891, 24324, 20416]"
110315,"[43068, 43042, 64498, 45042, 106659, 37868, 35363, 43557, 17103, 102373]"
110316,"[80632, 63107, 51458, 85574, 92465, 84788, 50087, 53624, 29224, 90799]"
110317,"[62555, 42874, 81830, 80940, 65743, 14931, 45918, 8188, 107375, 66339]"
110318,"[51059, 106208, 5006, 53439, 53663, 3025, 21268, 84017, 23848, 84449]"
110319,"[109032, 95147, 22369, 62588, 16238, 74393, 21200, 91207, 30395, 67479]"
110320,"[9612, 10054, 26589, 82105, 41907, 23692, 12067, 67032, 14840, 102842]"
110321,"[59419, 23456, 15570, 94408, 34268, 78492, 14335, 11066, 2016, 80703]"
110322,"[70983, 75875, 29295, 103998, 15021, 95118, 24894, 102332, 37179, 32215]"
110323,"[8910, 11052, 79830, 97548, 72955, 100587, 71690, 20809, 52593, 36185]"
110324,"[77101, 106194, 20007, 9222, 33355, 869, 75779, 47465, 107590, 43967]"
110325,"[11173, 65357, 95149, 46707, 20455, 36142, 106832, 56437, 78923, 63797]"
110326,"[54771, 21401, 75793, 70328, 66415, 60015, 52769, 91057, 81617, 36084]"
110327,"[19348, 39208, 35568, 90346, 36317, 54088, 46813, 101416, 20412, 13077]"
110328,"[74371, 101485, 88115, 87950, 76258, 51733, 98632, 99281, 80033, 91305]"
110329,"[9563, 19567, 25970, 89083, 59522, 86705, 18381, 26075, 82139, 73589]"
110330,"[45598, 83233, 33666, 7222, 26370, 65753, 103799, 9695, 90918, 75154]"
110331,"[7577, 37407, 35730, 11956, 32096, 84426, 32848, 30665, 54339, 3942]"
110332,"[54928, 723, 66648, 30566, 73806, 22554, 50810, 6681, 96238, 108294]"
110333,"[49726, 20799, 107920, 28111, 91794, 9115, 24811, 88685, 65310, 77962]"
110334,"[72791, 7680, 52711, 99447, 7777, 21139, 75902, 18998, 4432, 64397]"
110335,"[14436, 15803, 72763, 13878, 108117, 31239, 90570, 93638, 50468, 50408]"
110336,"[71043, 84278, 87535, 65170, 73098, 92941, 44677, 46370, 101863, 55867]"
110337,"[75086, 28311, 25514, 63185, 42936, 24185, 30789, 8303, 76179, 57209]"
110338,"[75706, 109534, 103887, 109449, 38993, 16652, 57886, 61614, 66279, 29910]"
110339,"[67626, 105490, 97573, 14167, 83477, 40377, 94920, 16062, 71662, 87478]"
110340,"[48780, 6128, 75098, 33528, 40424, 89472, 83838, 53151, 107295, 47675]"
110341,"[62331, 91355, 10432, 41330, 109454, 66052, 75324, 14420, 62475, 52941]"
110342,"[19329, 75316, 980, 34433, 41027, 54697, 6630, 25795, 38007, 33700]"
110343,"[82707, 104679, 95287, 7255, 28962, 82954, 25717, 64990, 45530, 51800]"
110344,"[18556, 44818, 81333, 44857, 43851, 19515, 91431, 61881, 85650, 99217]"
110345,"[36990, 67444, 21083, 30807, 24196, 66163, 59438, 103, 59408, 49143]"
110346,"[101311, 89462, 1073, 59161, 67108, 69401, 11399, 73241, 99614, 41673]"
110347,"[49273, 33364, 67464, 67557, 23923, 20404, 86080, 33885, 46799, 14518]"
110348,"[13108, 86391, 79499, 108866, 93631, 36629, 89300, 80050, 48025, 60120]"
110349,"[93642, 43417, 91211, 53845, 107411, 39083, 100346, 365, 12556, 85702]"
110350,"[8166, 80586, 76477, 76608, 79222, 13202, 83835, 19416, 10680, 3539]"
110351,"[35384, 108641, 22434, 31272, 67026, 97079, 30040, 86764, 96697, 59901]"
110352,"[3335, 93452, 91957, 99584, 87931, 25736, 72849, 81584, 82010, 44728]"
110353,"[50505, 48209, 99748, 68969, 40609, 8761, 28351, 8571, 1064, 50909]"
110354,"[28795, 53503, 32903, 17695, 92051, 95257, 102825, 67465, 81438, 71142]"
110355,"[72062, 76370, 98312, 100940, 35911, 53995, 59555, 93522, 62002, 73784]"
110356,"[36926, 33377, 14659, 80877, 59848, 38523, 87940, 89571, 87770, 58796]"
110357,"[100955, 94279, 36682, 78148, 86831, 77554, 53655, 8869, 58957, 104458]"
110358,"[68824, 90809, 92678, 45234, 27294, 80314, 50891, 70533, 54678, 33595]"
110359,"[3007, 52293, 33437, 87790, 43244, 64240, 99215, 102929, 12441, 73196]"
110360,"[101059, 13571, 20519, 98566, 92558, 95909, 56200, 97373, 6130, 47938]"
110361,"[32619, 23708, 49592, 41492, 1339, 61674, 73977, 86242, 98493, 88107]"
110362,"[106498, 77647, 7031, 30350, 43947, 94273, 81507, 104957, 16264, 13180]"
110363,"[2533, 31485, 99030, 17035, 34649, 45275, 88093, 49239, 84688, 97070]"
110364,"[30275, 11445, 50733, 70951, 11904, 64866, 82878, 109381, 22240, 81004]"
110365,"[9709, 70947, 91310, 48208, 96480, 62465, 23247, 28209, 94220, 71549]"
110366,"[53008, 70297, 85337, 61695, 106917, 31937, 11297, 93357, 109525, 80954]"
110367,"[84839, 15447, 91581, 54133, 97817, 81874, 71681, 73533, 77233, 69022]"
110368,"[44226, 42957, 98006, 108482, 9761, 7367, 91040, 63572, 3961, 108309]"
110369,"[52180, 78229, 82592, 67170, 15020, 27243, 64959, 10553, 77638, 74644]"
110370,"[9957, 13618, 103171, 90348, 107914, 26474, 27958, 14010, 77278, 42272]"
110371,"[39682, 17251, 41467, 97377, 34398, 68466, 77051, 9835, 54690, 54138]"
110372,"[50238, 89634, 17152, 57644, 92807, 92392, 23717, 27146, 34355, 92042]"
110373,"[37178, 70891, 12072, 77777, 93703, 52269, 97482, 60158, 18600, 93663]"
110374,"[83714, 56524, 78407, 12274, 5021, 19256, 50709, 56035, 98821, 101661]"
110375,"[68267, 36367, 107798, 36467, 20342, 16471, 94203, 53040, 36109, 30676]"
110376,"[59399, 85705, 13333, 28131, 105358, 18724, 106658, 26677, 39992, 7898]"
110377,"[49532, 101987, 28977, 107534, 97997, 20379, 67220, 63708, 38339, 44481]"
110378,"[58614, 26543, 85829, 109240, 15679, 14683, 76267, 3532, 74390, 87949]"
110379,"[7264, 3553, 71972, 95304, 37522, 48686, 62942, 75750, 45867, 68729]"
110380,"[99644, 83028, 8361, 11426, 90532, 108291, 24064, 14197, 42866, 89233]"
110381,"[14457, 6297, 37989, 22616, 67593, 10650, 54048, 89972, 77417, 52068]"
110382,"[109748, 40091, 11519, 51627, 69894, 76762, 16019, 15347, 70910, 7224]"
110383,"[48686, 56051, 30306, 12719, 104060, 79626, 66272, 104187, 53872, 56169]"
110384,"[59442, 145, 65083, 73474, 89529, 8560, 89285, 41218, 4954, 18859]"
110385,"[103067, 54712, 100671, 72028, 46772, 38590, 21977, 94559, 77551, 45156]"
110386,"[78032, 79782, 97749, 45707, 80618, 31351, 7200, 39324, 69591, 104908]"
110387,"[19730, 96903, 48124, 56844, 87836, 79682, 20871, 76152, 67113, 54970]"
110388,"[28103, 29361, 6335, 101900, 22499, 64844, 31390, 37416, 58047, 97373]"
110389,"[18886, 38713, 18475, 94703, 81135, 6336, 83203, 74754, 37955, 29877]"
110390,"[5241, 7723, 44275, 83544, 106376, 109707, 46592, 64424, 26857, 98640]"
110391,"[19740, 15552, 85141, 89044, 31006, 104529, 7380, 87491, 83703, 23103]"
110392,"[61088, 64839, 25355, 61238, 106039, 58905, 59251, 47892, 18997, 86427]"
110393,"[97935, 905, 11411, 99997, 22825, 81810, 88812, 29881, 29185, 67115]"
110394,"[92674, 19513, 10743, 103190, 7198, 37326, 79269, 56285, 56449, 31170]"
110395,"[15415, 86291, 79079, 76369, 54188, 70472, 13465, 75699, 16408, 13280]"
110396,"[22532, 74670, 51501, 73151, 93336, 20253, 46069, 95783, 31269, 50294]"
110397,"[68965, 76450, 11494, 91577, 56646, 103794, 1701, 5442, 108540, 76506]"
110398,"[7659, 24460, 13134, 35463, 37665, 20126, 34720, 21799, 49675, 37503]"
110399,"[63356, 57622, 43599, 87522, 46895, 37713, 87670, 96166, 34550, 96128]"
110400,"[58220, 7645, 40050, 77707, 78339, 34338, 84443, 30524, 22227, 65288]"
110401,"[6253, 96027, 84226, 50818, 24300, 65709, 47918, 71776, 60246, 40195]"
110402,"[70835, 103637, 38083, 107055, 18423, 29774, 40518, 27546, 24861, 102623]"
110403,"[102041, 26588, 68014, 35545, 15693, 64758, 78093, 42761, 109496, 57527]"
110404,"[30456, 67325, 50941, 106439, 68959, 46267, 74652, 71699, 75202, 30675]"
110405,"[88114, 81216, 106311, 66709, 70203, 35856, 29619, 16125, 100941, 84027]"
110406,"[99089, 60847, 53380, 59786, 34554, 104559, 79146, 7948, 74782, 80376]"
110407,"[87448, 105646, 74640, 85303, 107637, 50996, 77498, 98636, 5669, 66621]"
110408,"[41927, 78694, 76684, 33753, 50787, 39933, 55453, 61348, 48586, 38376]"
110409,"[22715, 48529, 10772, 37138, 68819, 77262, 67141, 9909, 14500, 21247]"
110410,"[23528, 58924, 3878, 103246, 74910, 17047, 39798, 18867, 105640, 106327]"
110411,"[94580, 30779, 95691, 95084, 91193, 95098, 74712, 65624, 3432, 34230]"
110412,"[46045, 88964, 81377, 70411, 37965, 9207, 80542, 97398, 52996, 54173]"
110413,"[8446, 68754, 86642, 61199, 70150, 30360, 40536, 74557, 64087, 53029]"
110414,"[2545, 69159, 29062, 95050, 35276, 38431, 41924, 3724, 51345, 53627]"
110415,"[79639, 79167, 14101, 64036, 84084, 92401, 95145, 46488, 54893, 99386]"
110416,"[20024, 28270, 8828, 709, 20525, 2629, 52830, 72759, 84277, 9259]"
110417,"[99390, 51804, 2594, 82667, 35915, 72154, 105579, 682, 30556, 31800]"
110418,"[66532, 68545, 37386, 51154, 33023, 85304, 74805, 10116, 105557, 109506]"
110419,"[12431, 57132, 155, 102662, 3851, 58296, 73186, 83681, 85210, 84195]"
110420,"[34341, 98268, 108860, 46064, 67680, 45730, 56857, 72489, 27654, 73087]"
110421,"[26183, 95812, 36507, 24727, 93241, 22008, 30917, 15422, 106729, 19359]"
110422,"[93710, 46375, 89468, 47162, 4012, 87299, 75894, 97390, 20296, 18878]"
110423,"[60097, 43155, 5232, 94575, 37636, 108964, 55976, 83610, 4457, 36281]"
110424,"[44058, 61298, 79007, 97358, 73026, 87797, 7630, 52630, 55813, 27618]"
110425,"[53560, 65071, 39439, 15244, 105350, 42771, 30911, 101138, 100503, 99459]"
110426,"[88443, 39730, 61193, 45321, 30062, 3150, 6173, 3054, 57598, 90420]"
110427,"[86058, 84955, 34743, 27569, 16326, 60146, 37552, 18855, 98717, 11873]"
110428,"[44106, 8793, 65423, 63437, 35449, 79438, 64646, 81438, 84693, 98085]"
110429,"[90279, 34755, 68019, 44951, 49646, 15734, 45589, 86829, 82450, 108627]"
110430,"[15980, 84808, 9437, 43737, 8351, 4111, 104168, 88029, 104634, 102053]"
110431,"[1128, 98506, 59100, 80892, 27994, 32142, 17213, 27644, 27265, 83988]"
110432,"[40830, 75879, 62774, 24082, 80203, 74023, 70307, 38770, 5233, 12689]"
110433,"[61924, 76539, 37389, 59898, 74327, 36522, 48697, 47013, 83082, 28394]"
110434,"[8025, 64917, 13891, 83449, 108029, 51442, 90757, 51896, 98048, 39461]"
110435,"[42896, 77616, 104971, 34456, 104368, 90243, 22370, 96492, 60874, 32035]"
110436,"[108360, 40635, 27054, 98611, 59538, 15610, 73295, 77913, 21109, 51836]"
110437,"[48116, 48688, 2415, 42190, 80074, 26426, 27850, 90911, 14792, 104465]"
110438,"[60590, 103439, 52813, 35098, 50914, 1689, 28689, 39671, 13143, 76994]"
110439,"[9494, 8546, 39030, 93966, 107601, 58776, 2926, 84297, 4100, 8300]"
110440,"[53833, 18326, 22222, 79995, 104728, 96158, 50593, 48229, 88963, 83375]"
110441,"[35547, 13800, 71844, 31181, 108498, 86044, 50471, 44392, 26157, 99248]"
110442,"[76691, 70322, 62675, 3043, 48126, 51767, 27164, 9433, 97418, 97823]"
110443,"[72035, 72481, 14894, 51118, 35906, 40869, 87591, 40967, 59611, 66989]"
110444,"[43765, 41617, 80284, 77509, 43604, 59045, 508, 21607, 99987, 92569]"
110445,"[37062, 24706, 72549, 28515, 34722, 78004, 23944, 82832, 96284, 76272]"
110446,"[24708, 31782, 31179, 93760, 42853, 77680, 35299, 40549, 101284, 582]"
110447,"[39129, 73217, 1235, 46222, 43053, 61031, 105252, 20974, 75843, 43524]"
110448,"[93901, 44363, 11294, 18320, 26555, 2671, 22693, 9044, 84427, 87209]"
110449,"[64853, 50059, 912, 14236, 27462, 13449, 7137, 92516, 82844, 90211]"
110450,"[25688, 60784, 92975, 90010, 64298, 75335, 50522, 92149, 80927, 21354]"
110451,"[33972, 82417, 27374, 35184, 78837, 100068, 26730, 45547, 43056, 42322]"
110452,"[64735, 71923, 8066, 4296, 44316, 14637, 76468, 72739, 106899, 84819]"
110453,"[84235, 27116, 79281, 59651, 13349, 33245, 95671, 44989, 105356, 69479]"
110454,"[12370, 32280, 3483, 59062, 94960, 42650, 38441, 33128, 34979, 93371]"
110455,"[42216, 90700, 47303, 18536, 86260, 2677, 7448, 60971, 19954, 72483]"
110456,"[41751, 25804, 87116, 81226, 44072, 4140, 84944, 49962, 47849, 56504]"
110457,"[77489, 87911, 48265, 76356, 106040, 94773, 98239, 97481, 36854, 2031]"
110458,"[10882, 18169, 72043, 96923, 65439, 9388, 88846, 66004, 22611, 103986]"
110459,"[21624, 7447, 45445, 97940, 240, 68609, 17137, 57736, 727, 95908]"
110460,"[48535, 18157, 16057, 67169, 11100, 7761, 57579, 41007, 56583, 53156]"
110461,"[109391, 33172, 6060, 7188, 9392, 20514, 23890, 35873, 44171, 4633]"
110462,"[63965, 84118, 45997, 4653, 8018, 32611, 59533, 99608, 74698, 103639]"
110463,"[18078, 33820, 45834, 21768, 61950, 6757, 98867, 41627, 41950, 75616]"
110464,"[78084, 75047, 77884, 822, 1232, 108798, 2584, 61945, 94000, 59331]"
110465,"[2757, 108590, 79505, 55165, 20531, 55217, 17339, 35097, 28223, 17065]"
110466,"[82048, 81935, 81063, 5246, 45782, 29917, 47334, 18164, 61669, 13856]"
110467,"[104637, 97681, 61413, 83216, 93159, 41162, 85033, 8002, 12408, 103075]"
110468,"[52054, 18026, 100473, 89135, 73817, 21350, 59796, 42225, 67306, 49166]"
110469,"[45345, 102123, 77990, 22533, 53140, 14095, 40600, 1441, 68527, 64007]"
110470,"[83523, 50843, 88210, 7181, 73823, 18341, 105594, 27056, 31457, 52469]"
110471,"[33116, 63024, 24800, 13365, 10785, 46618, 38536, 95063, 107279, 38456]"
110472,"[47417, 44946, 14734, 77764, 50194, 61258, 4774, 11658, 14055, 5631]"
110473,"[77397, 26178, 66195, 88208, 32774, 87270, 37009, 86573, 68230, 76637]"
110474,"[22877, 87677, 65857, 100790, 79546, 69212, 51163, 53841, 96631, 4008]"
110475,"[5686, 85905, 10389, 26651, 2283, 60013, 54255, 81652, 22458, 77025]"
110476,"[47385, 68157, 23329, 8207, 8947, 41186, 52189, 37008, 96721, 91828]"
110477,"[95754, 10074, 31296, 51661, 69368, 18543, 17938, 88477, 83026, 107142]"
110478,"[64792, 42499, 90327, 74582, 25066, 42324, 33055, 41962, 74486, 30285]"
110479,"[84591, 35429, 46880, 15876, 83999, 67576, 70258, 104229, 31008, 28588]"
110480,"[1817, 8039, 40771, 46244, 34960, 59230, 85045, 22114, 98576, 54112]"
110481,"[95397, 26907, 36766, 36810, 80861, 75477, 64798, 31449, 82187, 44183]"
110482,"[26384, 39145, 49523, 54911, 69225, 73294, 6005, 12973, 105626, 37830]"
110483,"[76395, 88443, 59119, 89170, 45321, 6173, 3150, 30062, 3054, 4217]"
110484,"[23221, 10927, 21117, 26073, 81499, 57646, 8488, 17767, 67193, 13416]"
110485,"[44166, 7983, 101280, 56091, 95030, 62182, 7203, 48128, 17348, 29930]"
110486,"[66096, 31910, 103750, 57709, 69500, 41139, 5681, 49924, 61970, 78262]"
110487,"[79962, 60382, 58595, 19639, 33746, 35361, 47192, 100713, 51385, 95594]"
110488,"[55143, 33888, 23034, 43883, 4101, 26587, 62358, 54684, 18621, 28391]"
110489,"[77856, 49039, 57076, 73932, 60031, 65475, 74742, 34577, 104530, 70805]"
110490,"[16853, 60865, 98929, 107466, 105576, 35711, 4721, 35569, 47196, 86820]"
110491,"[74528, 94777, 92504, 76502, 52070, 87906, 13438, 44062, 17771, 8807]"
110492,"[29291, 34595, 1353, 46093, 85733, 21358, 41564, 69026, 99768, 97901]"
110493,"[213, 31587, 67463, 44065, 29661, 38428, 106818, 3439, 61180, 65567]"
110494,"[78024, 55058, 42068, 13704, 100039, 13978, 10478, 32838, 85581, 1488]"
110495,"[81572, 53471, 103506, 15594, 31393, 11501, 89071, 102518, 103503, 88396]"
110496,"[40181, 405, 108340, 67187, 105831, 87192, 67689, 83902, 3822, 34096]"
110497,"[24044, 73731, 87064, 38176, 15171, 21053, 108597, 24097, 75218, 67736]"
110498,"[35820, 32395, 22704, 81732, 80496, 79192, 49130, 174, 52298, 91239]"
110499,"[44589, 76436, 92501, 13327, 86959, 90604, 64745, 108559, 74537, 4948]"
110500,"[46814, 104022, 46846, 27409, 103242, 7559, 65023, 61171, 66183, 34785]"
110501,"[77646, 148, 8614, 78126, 85698, 49335, 12382, 99108, 97147, 86621]"
110502,"[42566, 48131, 71991, 72331, 49033, 26716, 4174, 100674, 92719, 37519]"
110503,"[30707, 21449, 1712, 62768, 1295, 35871, 58394, 65703, 67959, 94874]"
110504,"[2389, 82521, 97412, 49269, 77423, 70224, 93955, 57533, 619, 11058]"
110505,"[9004, 79468, 93000, 36214, 54655, 4629, 90816, 3859, 16877, 73666]"
110506,"[58969, 80164, 82211, 47021, 1007, 34840, 18709, 99095, 29572, 39767]"
110507,"[98859, 59197, 53450, 14938, 22260, 17304, 25680, 8794, 88445, 96678]"
110508,"[16142, 11380, 81569, 3712, 25834, 86183, 54212, 37761, 98552, 55038]"
110509,"[78837, 43056, 82417, 35184, 52230, 43761, 45547, 48328, 72389, 33972]"
110510,"[61003, 44591, 35682, 54629, 31073, 31777, 20965, 37295, 18995, 12442]"
110511,"[49483, 68841, 51401, 71587, 16284, 73980, 12518, 99979, 67809, 12521]"
110512,"[106051, 95625, 43692, 57226, 62154, 88446, 71652, 16622, 12155, 95620]"
110513,"[19133, 28219, 15916, 94779, 106600, 30882, 36994, 63507, 103620, 13440]"
110514,"[67081, 36533, 75437, 103110, 38720, 45701, 57135, 57387, 96887, 93474]"
110515,"[27117, 22144, 70340, 17051, 43282, 84577, 11522, 57176, 106554, 69528]"
110516,"[79433, 65875, 101210, 19444, 31171, 95163, 33960, 29681, 8086, 14702]"
110517,"[72744, 101030, 42477, 91795, 88328, 39452, 1365, 56756, 38825, 49098]"
110518,"[49864, 103873, 50415, 6197, 20771, 5670, 66824, 54573, 73972, 39837]"
110519,"[74762, 85064, 90022, 67437, 44236, 60736, 29740, 103912, 83294, 77952]"
110520,"[55522, 75668, 9603, 80140, 4280, 18978, 11952, 18139, 15580, 57977]"
110521,"[12332, 10708, 19247, 80283, 9531, 104944, 107634, 32779, 34871, 86130]"
110522,"[52943, 19442, 90504, 71512, 35044, 105631, 100201, 45789, 91916, 61283]"
110523,"[58679, 8634, 104398, 54745, 54322, 92315, 77664, 95466, 64554, 46508]"
110524,"[66442, 76178, 38513, 62632, 103192, 87509, 52396, 24769, 15313, 66877]"
110525,"[8887, 15467, 82172, 61623, 42558, 67525, 1139, 61303, 4559, 9947]"
110526,"[69539, 97665, 27687, 103386, 4216, 106606, 10984, 81616, 102624, 38988]"
110527,"[97282, 33713, 57528, 10526, 89360, 38450, 29401, 27865, 41275, 30640]"
110528,"[80411, 32952, 100052, 84208, 39035, 89211, 86004, 103784, 19020, 22582]"
110529,"[100236, 105035, 781, 95597, 102929, 64471, 91242, 66471, 106508, 64773]"
110530,"[33402, 70841, 15694, 59459, 94529, 9747, 80416, 27097, 49070, 47061]"
110531,"[27410, 63937, 44738, 7842, 75, 44601, 97740, 66470, 44132, 106551]"
110532,"[3325, 29397, 38447, 67909, 68892, 70455, 6907, 45720, 82011, 56470]"
110533,"[53738, 102498, 81119, 106278, 44060, 81097, 70331, 80435, 37087, 82759]"
110534,"[62067, 47292, 65299, 20871, 77138, 27069, 52016, 66151, 29986, 93812]"
110535,"[94669, 39084, 92550, 93577, 76626, 54615, 31827, 83777, 36729, 25369]"
110536,"[100471, 106000, 54815, 36757, 104569, 73870, 9879, 18731, 59780, 7343]"
110537,"[41751, 81226, 44072, 84944, 47153, 49962, 87116, 38453, 47849, 72326]"
110538,"[38099, 36998, 91647, 59297, 72, 22076, 95648, 72571, 90181, 46184]"
110539,"[37347, 70378, 71195, 29628, 108905, 59618, 32541, 75377, 12697, 26343]"
110540,"[64332, 89747, 37343, 66106, 41191, 28147, 107499, 33619, 75685, 16590]"
110541,"[104808, 72391, 82063, 99715, 35827, 105931, 56167, 68008, 60287, 82768]"
110542,"[52167, 64723, 41761, 247, 100518, 86606, 45207, 100017, 1337, 85395]"
110543,"[66675, 31013, 71869, 103652, 65829, 104069, 48251, 74156, 91269, 58701]"
110544,"[55683, 8790, 1413, 35048, 14005, 99123, 69480, 78029, 57392, 35136]"
110545,"[51937, 64982, 38661, 99400, 81282, 16319, 30066, 28275, 60672, 106807]"
110546,"[29550, 61167, 99882, 39133, 97559, 22687, 69816, 68749, 20167, 72367]"
110547,"[63253, 86087, 96525, 90020, 71603, 34558, 75178, 82206, 78579, 41976]"
110548,"[64209, 10616, 104061, 97479, 6793, 16507, 37494, 60191, 68706, 105381]"
110549,"[20076, 75422, 107137, 42909, 78594, 66174, 31119, 76640, 58506, 87796]"
110550,"[91964, 19780, 49145, 50685, 15863, 65147, 82732, 32820, 104170, 103822]"
110551,"[45385, 11111, 84007, 88702, 19996, 68335, 108136, 14320, 63603, 20695]"
110552,"[65988, 86906, 97444, 77183, 32713, 62601, 87877, 23399, 89316, 1590]"
110553,"[99349, 706, 4798, 30736, 22630, 28811, 54268, 57826, 41956, 54422]"
110554,"[34251, 71482, 80465, 44101, 48672, 13029, 24263, 96714, 95324, 12211]"
110555,"[98964, 8718, 5732, 51279, 1580, 47203, 55512, 11604, 6125, 48067]"
110556,"[23463, 59696, 108171, 21374, 102888, 101022, 95980, 64455, 66544, 12648]"
110557,"[4303, 81219, 81738, 27158, 18030, 89755, 37821, 108639, 69571, 48748]"
110558,"[41188, 39483, 64976, 33341, 1685, 36551, 1416, 106739, 8529, 104277]"
110559,"[98929, 107466, 35711, 31243, 104259, 36204, 22983, 15165, 42910, 46775]"
110560,"[16166, 60843, 49653, 56374, 8710, 55774, 102160, 34163, 40616, 62862]"
110561,"[55252, 19450, 107460, 80715, 55878, 82, 89334, 21813, 55127, 74953]"
110562,"[50529, 107940, 71357, 74916, 52667, 77454, 25011, 83703, 18489, 42205]"
110563,"[20196, 67560, 39028, 53906, 68500, 55951, 34461, 62000, 11091, 47424]"
110564,"[101119, 93697, 93232, 13668, 9170, 88742, 92294, 10425, 14188, 70531]"
110565,"[3475, 69778, 36513, 16936, 17454, 8910, 97548, 74756, 108008, 22654]"
110566,"[96627, 74927, 64783, 30000, 40737, 48658, 78730, 29706, 14700, 97363]"
110567,"[84523, 61673, 8403, 12761, 96030, 37159, 962, 57927, 58923, 38646]"
110568,"[44028, 10445, 54642, 85210, 73414, 105027, 105809, 71345, 104348, 12823]"
110569,"[78926, 10256, 56603, 44263, 43044, 58787, 41823, 80169, 19352, 8971]"
110570,"[8551, 109086, 29661, 78131, 104731, 109121, 26125, 44065, 93767, 61180]"
110571,"[96986, 47710, 105139, 3057, 810, 31254, 69305, 11028, 97278, 336]"
110572,"[94246, 99701, 89110, 77403, 40448, 45003, 52204, 102441, 32109, 57343]"
110573,"[2009, 53463, 47093, 40198, 100858, 66913, 67001, 51266, 35705, 31385]"
110574,"[31720, 24650, 71693, 77684, 1430, 45772, 71316, 31778, 38147, 104159]"
110575,"[38432, 54460, 77611, 109386, 90380, 59873, 107205, 49528, 43912, 88431]"
110576,"[49322, 39181, 10379, 65284, 48783, 102655, 4955, 44903, 103471, 14685]"
110577,"[15798, 80645, 53218, 57982, 2959, 76586, 43380, 56486, 34814, 77206]"
110578,"[75536, 73267, 67932, 49944, 76063, 25051, 69354, 33895, 63523, 46655]"
110579,"[79570, 94082, 89336, 101189, 51946, 98512, 108005, 21028, 79104, 101509]"
110580,"[76835, 41971, 82380, 30771, 2238, 25417, 68013, 3656, 49505, 87862]"
110581,"[8958, 40913, 38325, 49318, 34951, 94949, 54751, 73518, 7318, 2934]"
110582,"[99481, 27076, 79509, 13348, 62483, 70392, 101543, 101101, 65132, 96942]"
110583,"[71846, 104409, 74567, 86081, 100165, 60318, 68399, 79661, 2547, 76625]"
110584,"[37729, 96911, 89320, 66495, 47763, 76043, 25775, 10675, 84791, 5192]"
110585,"[91690, 65758, 106928, 24099, 2968, 24708, 16559, 99451, 75980, 24951]"
110586,"[34705, 62776, 86626, 20304, 38882, 69396, 18897, 67667, 89445, 101212]"
110587,"[38570, 17158, 20468, 73963, 104551, 22922, 22266, 98412, 102582, 7599]"
110588,"[58830, 19360, 34676, 95200, 76639, 41668, 88886, 27785, 87332, 103317]"
110589,"[50043, 44822, 1251, 106781, 57299, 25064, 35582, 102837, 95398, 106190]"
110590,"[7982, 53946, 52196, 96794, 47352, 52372, 85946, 103476, 9955, 11147]"
110591,"[108961, 35959, 63033, 6437, 109686, 4428, 32138, 80708, 14325, 36201]"
110592,"[1543, 40666, 24576, 47538, 23321, 42768, 94206, 49692, 72717, 79831]"
110593,"[15974, 102372, 1062, 44707, 67572, 92955, 3281, 21295, 44505, 13886]"
110594,"[48822, 48652, 101082, 42437, 56320, 86968, 57697, 24847, 34680, 23776]"
110595,"[77715, 103307, 26706, 12209, 9876, 106376, 108623, 37656, 50633, 57512]"
110596,"[7589, 52330, 66929, 79498, 83495, 99365, 80053, 39879, 43165, 88083]"
110597,"[5343, 66791, 68243, 43778, 90025, 20118, 102577, 109509, 22214, 70311]"
110598,"[83251, 12231, 104782, 24899, 94827, 17614, 67257, 27160, 94662, 14637]"
110599,"[78584, 6224, 69665, 87809, 22932, 77624, 49406, 6015, 83820, 104490]"
110600,"[104072, 43569, 52303, 32945, 80575, 37947, 8689, 7882, 22230, 64646]"
110601,"[17692, 107313, 7157, 37201, 60086, 105794, 31119, 91919, 55752, 19380]"
110602,"[56494, 93320, 91458, 53331, 19449, 109208, 70621, 81678, 333, 102513]"
110603,"[99966, 31394, 98111, 72209, 13121, 2063, 37059, 89596, 61430, 45405]"
110604,"[90648, 86856, 45499, 101954, 76493, 72527, 38887, 32078, 62724, 41229]"
110605,"[53908, 82118, 13712, 89016, 92930, 23800, 9850, 62362, 105708, 94788]"
110606,"[80074, 24656, 51410, 14900, 106897, 12607, 35666, 22272, 92418, 102000]"
110607,"[52589, 98010, 106140, 57419, 37334, 66760, 11295, 96365, 69008, 55197]"
110608,"[99845, 16772, 58428, 76105, 41762, 53612, 2796, 83747, 30541, 94018]"
110609,"[10967, 70187, 34512, 72250, 45868, 20036, 97832, 84758, 95182, 60943]"
110610,"[59540, 64193, 54330, 64032, 99108, 194, 65976, 103883, 89611, 21756]"
110611,"[98346, 63768, 19238, 9528, 61883, 4190, 37281, 58266, 77122, 52128]"
110612,"[81751, 73904, 39959, 22589, 41070, 101915, 88554, 101062, 52493, 64757]"
110613,"[47293, 102256, 18026, 24863, 91015, 68033, 80942, 67306, 19193, 44605]"
110614,"[20805, 24145, 1503, 96608, 21930, 53406, 17721, 35733, 36972, 41472]"
110615,"[91670, 24296, 59709, 79527, 72714, 108012, 27049, 93406, 101289, 70010]"
110616,"[30430, 4088, 89406, 1723, 31784, 370, 14165, 8855, 33942, 100721]"
110617,"[70291, 36327, 16003, 5147, 31544, 653, 30124, 79364, 53846, 51684]"
110618,"[27076, 70453, 61506, 103874, 70392, 87886, 9154, 26705, 62483, 83365]"
110619,"[13487, 4016, 92151, 3556, 59973, 43695, 33427, 71979, 78824, 58492]"
110620,"[48104, 70939, 105701, 45026, 90702, 30927, 104032, 28015, 50486, 68586]"
110621,"[47211, 78443, 84078, 7913, 36296, 60748, 80798, 38239, 103295, 69967]"
110622,"[54446, 95687, 78104, 10611, 18198, 78185, 11769, 98648, 50428, 5049]"
110623,"[73236, 76048, 18054, 32959, 60944, 78363, 81537, 26912, 106655, 88632]"
110624,"[43853, 26234, 1998, 60342, 36994, 23091, 65871, 978, 9160, 85113]"
110625,"[30133, 46636, 99479, 41566, 30631, 86897, 46461, 78610, 68551, 6062]"
110626,"[41888, 77250, 85730, 87780, 10472, 15487, 44497, 79006, 47711, 44251]"
110627,"[37599, 91650, 87534, 3444, 93697, 56822, 18405, 87657, 27471, 104801]"
110628,"[19085, 69533, 29853, 95264, 86673, 11788, 23499, 74498, 66065, 21207]"
110629,"[18959, 104590, 19954, 91661, 44096, 15951, 47255, 107287, 7492, 83424]"
110630,"[54948, 66921, 10809, 29250, 57726, 42000, 54901, 79245, 79056, 92661]"
110631,"[68307, 16842, 28303, 15762, 11571, 49914, 70186, 70027, 81327, 36824]"
110632,"[10498, 60403, 78103, 6065, 817, 97606, 60652, 22190, 72931, 32658]"
110633,"[25544, 19246, 96558, 7440, 105872, 97883, 80517, 86962, 100441, 95816]"
110634,"[15712, 2818, 492, 2455, 68548, 59973, 69432, 16665, 20137, 39824]"
110635,"[62417, 67331, 24307, 50025, 71984, 104111, 5263, 32555, 29195, 107947]"
110636,"[30292, 59673, 79186, 41876, 9164, 3770, 83964, 47840, 49705, 39897]"
110637,"[71451, 74092, 108422, 17851, 105896, 91845, 59468, 19882, 8726, 1224]"
110638,"[18182, 43309, 38789, 7448, 59464, 16038, 75062, 59216, 31621, 22796]"
110639,"[48943, 22404, 20102, 41084, 57377, 5606, 43803, 73603, 83941, 10674]"
110640,"[7554, 4035, 106732, 721, 3837, 88714, 36001, 4125, 68584, 37052]"
110641,"[76743, 79544, 64963, 8047, 2462, 43565, 70168, 45327, 12990, 28708]"
110642,"[2192, 101594, 76302, 5033, 75238, 42752, 12157, 105585, 71864, 102520]"
110643,"[50010, 48115, 82276, 23887, 98, 75608, 35757, 79912, 74775, 56767]"
110644,"[1814, 10362, 88040, 45515, 9927, 105124, 18778, 13065, 62233, 28397]"
110645,"[25718, 46920, 51175, 15213, 70264, 24865, 6642, 80552, 55521, 28817]"
110646,"[15623, 12667, 18089, 24268, 101321, 52367, 26869, 30725, 1684, 11358]"
110647,"[80210, 49866, 92176, 69750, 33762, 80881, 36715, 35713, 51050, 16563]"
110648,"[104494, 3580, 106814, 59085, 51003, 25316, 104175, 20225, 29400, 34544]"
110649,"[68188, 96559, 27182, 19501, 69810, 12519, 67195, 7938, 52827, 55572]"
110650,"[33267, 47434, 48195, 43930, 40580, 54567, 35990, 63225, 108727, 67495]"
110651,"[92060, 64296, 8760, 47436, 93559, 89671, 77685, 50639, 65415, 71351]"
110652,"[90755, 45445, 97678, 75457, 9728, 37081, 38897, 21624, 77968, 70447]"
110653,"[21055, 7393, 59052, 54067, 1512, 79823, 52638, 52711, 12020, 25388]"
110654,"[25221, 64378, 105012, 71837, 3746, 105651, 75070, 887, 93709, 26607]"
110655,"[40780, 20152, 68703, 26156, 59288, 95093, 94637, 20406, 46769, 17622]"
110656,"[80758, 16434, 28733, 80916, 46502, 75998, 105959, 19724, 100998, 110]"
110657,"[39975, 59067, 23847, 105007, 40778, 97507, 20378, 106572, 25008, 92275]"
110658,"[32927, 24210, 13001, 67887, 60704, 39314, 58839, 67174, 99930, 5662]"
110659,"[1931, 23725, 60671, 23205, 96541, 101911, 21628, 32602, 84844, 83534]"
110660,"[15987, 103632, 66513, 93528, 36802, 89742, 107274, 41911, 93482, 86702]"
110661,"[6770, 21998, 81522, 72495, 62570, 47444, 100289, 56330, 98751, 80750]"
110662,"[30421, 4208, 6578, 60030, 28444, 67727, 86911, 57040, 63247, 92132]"
110663,"[63577, 48916, 7669, 36262, 93736, 35787, 49301, 41586, 73, 47145]"
110664,"[31271, 16846, 76103, 59634, 75585, 7572, 1764, 45798, 107558, 64179]"
110665,"[81914, 68962, 51312, 37889, 40238, 68646, 44714, 24222, 11758, 91954]"
110666,"[34008, 56800, 64804, 3234, 38234, 1022, 41738, 13879, 105057, 5548]"
110667,"[89386, 15865, 94276, 43052, 18271, 95292, 71443, 89359, 17667, 53277]"
110668,"[9294, 88587, 72977, 46642, 76392, 99453, 99248, 31107, 47242, 52275]"
110669,"[58929, 53990, 78150, 72287, 1214, 91639, 53190, 42184, 29054, 100173]"
110670,"[89867, 50961, 14535, 42175, 56761, 92596, 84422, 78347, 80019, 1543]"
110671,"[6631, 61098, 67790, 99228, 30244, 8117, 12961, 64492, 56057, 84488]"
110672,"[56769, 12545, 53927, 80987, 72757, 59903, 47376, 43631, 67831, 48628]"
110673,"[53741, 59828, 98621, 24628, 30979, 40739, 68511, 59571, 90774, 83849]"
110674,"[2146, 42379, 22135, 84703, 70495, 18893, 35347, 62125, 108185, 715]"
110675,"[105937, 41853, 89750, 98366, 102785, 69748, 103612, 7703, 101127, 29118]"
110676,"[97809, 49227, 7204, 105309, 90658, 5383, 9998, 91302, 91248, 62054]"
110677,"[45004, 79313, 60746, 52921, 107955, 107762, 94691, 51054, 55153, 49161]"
110678,"[64579, 16979, 67432, 71079, 16636, 77948, 104173, 88670, 58886, 77253]"
110679,"[69289, 33843, 5211, 43563, 39007, 74001, 58770, 54527, 104463, 13952]"
110680,"[50185, 105837, 80815, 27672, 16901, 72828, 89803, 58642, 19560, 14657]"
110681,"[56157, 87312, 81412, 94185, 51150, 103912, 56220, 72248, 108443, 32767]"
110682,"[20581, 61616, 59645, 93058, 94502, 98518, 71204, 72605, 88422, 43046]"
110683,"[34433, 41027, 96560, 47922, 70401, 2953, 548, 51545, 6630, 26606]"
110684,"[99205, 87418, 17798, 35582, 4870, 49976, 86402, 69229, 61967, 50267]"
110685,"[30484, 64878, 87824, 41046, 71001, 84566, 25079, 27432, 9051, 42366]"
110686,"[42500, 1402, 6751, 28956, 24524, 100107, 10954, 48661, 9814, 5635]"
110687,"[72028, 103067, 71239, 76070, 54874, 21977, 77551, 33902, 78570, 54966]"
110688,"[58355, 63191, 99380, 7039, 95270, 35177, 95152, 32015, 71560, 73577]"
110689,"[61652, 102075, 47996, 59624, 95663, 3085, 34031, 11995, 81786, 73167]"
110690,"[4895, 33403, 106282, 1833, 46866, 82106, 72263, 793, 93860, 48264]"
110691,"[105822, 22242, 49544, 100197, 17524, 23867, 88990, 99977, 92326, 86761]"
110692,"[46390, 54963, 34623, 100687, 20177, 80167, 45250, 60679, 62590, 29957]"
110693,"[4800, 60910, 77353, 44008, 95018, 6528, 46673, 100532, 67651, 28790]"
110694,"[9890, 108152, 29918, 97680, 72213, 96758, 75125, 107021, 10386, 74756]"
110695,"[98399, 62020, 104057, 20819, 40679, 109651, 64835, 20403, 44793, 7042]"
110696,"[74923, 50386, 104872, 98613, 6667, 95610, 31838, 47327, 69077, 73013]"
110697,"[1374, 97953, 43077, 35454, 96114, 59094, 74679, 16759, 28237, 75552]"
110698,"[31180, 86875, 88780, 61038, 94168, 86110, 45317, 12937, 2570, 95701]"
110699,"[71540, 2525, 42742, 102133, 33789, 89142, 25261, 106391, 20460, 21472]"
110700,"[76509, 3760, 9360, 90159, 63028, 25604, 72343, 37728, 103698, 86898]"
110701,"[99863, 19153, 20314, 101903, 86678, 67111, 55582, 63818, 84571, 39499]"
110702,"[83292, 33523, 51271, 47409, 40460, 91861, 88287, 90318, 7265, 71773]"
110703,"[68048, 14520, 89369, 43777, 2856, 103915, 90076, 34841, 50737, 66475]"
110704,"[106765, 73627, 108805, 18161, 90097, 10394, 36703, 31033, 60415, 30257]"
110705,"[25262, 73367, 44771, 98810, 53139, 57233, 23589, 60623, 99570, 52851]"
110706,"[56444, 40263, 42490, 29626, 94690, 5575, 42516, 78310, 56440, 45634]"
110707,"[23442, 108444, 62673, 79868, 7006, 60578, 50874, 65169, 514, 61665]"
110708,"[64225, 818, 4711, 78169, 51394, 109057, 47350, 24896, 91675, 91162]"
110709,"[21661, 86062, 86173, 45155, 35362, 50140, 103294, 5876, 49776, 49542]"
110710,"[3410, 90171, 77255, 98695, 57134, 70043, 108877, 92137, 21233, 24555]"
110711,"[47032, 49439, 20035, 29969, 82915, 102193, 72896, 44783, 10643, 65606]"
110712,"[9978, 59805, 71527, 94369, 49093, 62110, 100302, 48651, 40722, 53989]"
110713,"[79676, 108191, 9094, 88294, 50050, 50500, 52680, 34890, 63265, 72133]"
110714,"[42944, 13308, 54208, 71192, 103015, 50795, 75842, 51846, 80614, 31765]"
110715,"[102588, 78654, 91913, 42075, 17821, 6181, 106772, 25569, 20740, 15572]"
110716,"[24756, 91101, 22730, 103093, 38942, 97197, 4667, 75633, 66617, 97323]"
110717,"[42881, 17820, 54923, 46284, 25118, 67352, 21278, 85886, 101325, 69213]"
110718,"[71383, 74846, 50793, 17730, 37394, 49657, 55174, 41913, 62893, 74444]"
110719,"[30986, 90186, 339, 99693, 53210, 23296, 78733, 16354, 94886, 3146]"
110720,"[25544, 99582, 7185, 95530, 8591, 97091, 95816, 7578, 55747, 17844]"
110721,"[107599, 72230, 105581, 87674, 83455, 93924, 107125, 40870, 7083, 25494]"
110722,"[90820, 102886, 78348, 63876, 103448, 97728, 105048, 33866, 89581, 87018]"
110723,"[61014, 86771, 106612, 101552, 5882, 77092, 12584, 26285, 69826, 92094]"
110724,"[28316, 71139, 90282, 75314, 44165, 52702, 28843, 20280, 2908, 42219]"
110725,"[34967, 36232, 104153, 26134, 20991, 92855, 100698, 44389, 37141, 43317]"
110726,"[105592, 80924, 63633, 107921, 54018, 98028, 50470, 25980, 89032, 66781]"
110727,"[108896, 63267, 6358, 3100, 108922, 64949, 1171, 14865, 53388, 53352]"
110728,"[28077, 61492, 40828, 86468, 10888, 45612, 104643, 97216, 7330, 36696]"
110729,"[42573, 85649, 62854, 15636, 48262, 30472, 79560, 38634, 351, 76239]"
110730,"[11516, 32614, 79925, 93764, 90637, 19682, 11576, 40584, 30988, 74526]"
110731,"[94400, 84226, 97558, 14306, 6253, 1124, 90574, 16175, 107391, 103249]"
110732,"[106266, 104000, 73981, 106023, 22880, 95157, 52731, 67004, 95210, 91039]"
110733,"[54446, 95687, 29649, 95301, 5791, 97069, 50918, 34038, 98648, 55011]"
110734,"[46887, 53306, 38348, 7038, 432, 23437, 77031, 56673, 53666, 106331]"
110735,"[9125, 107016, 29019, 9835, 54501, 92704, 79480, 84013, 25214, 13514]"
110736,"[97617, 28662, 80557, 25030, 29679, 70277, 12049, 88305, 1195, 28193]"
110737,"[91336, 30928, 63858, 64293, 42762, 76167, 8645, 5654, 16446, 90100]"
110738,"[45115, 73975, 102098, 91439, 8812, 77570, 52550, 109284, 13833, 19654]"
110739,"[35297, 38259, 63267, 91062, 58800, 108456, 3100, 58165, 37435, 24733]"
110740,"[77860, 4527, 77338, 75349, 43978, 29310, 100073, 108949, 16122, 32537]"
110741,"[10028, 93856, 50115, 57223, 38675, 51232, 89261, 18673, 60693, 15523]"
110742,"[24028, 68209, 77485, 11490, 35724, 25408, 82754, 6284, 77283, 2707]"
110743,"[64086, 76934, 11366, 11839, 64906, 86165, 5278, 67732, 89156, 108878]"
110744,"[96297, 102675, 97971, 65766, 83603, 30588, 74984, 13253, 74892, 72828]"
110745,"[58518, 57433, 64951, 98211, 73776, 53884, 2942, 63005, 37824, 59591]"
110746,"[40615, 64446, 102886, 94171, 29725, 78296, 2149, 33683, 78278, 31500]"
110747,"[53040, 20342, 94203, 30676, 94699, 82373, 7475, 61703, 36367, 107798]"
110748,"[4059, 53250, 60021, 12234, 25897, 3353, 69269, 80132, 68871, 91757]"
110749,"[74582, 42324, 33055, 64792, 61303, 57688, 17827, 34858, 101398, 105303]"
110750,"[70540, 72456, 80864, 101616, 76190, 109076, 28906, 48627, 28108, 41407]"
110751,"[84941, 26758, 100482, 90206, 29243, 46032, 100947, 105548, 55971, 48911]"
110752,"[57853, 41833, 103489, 44167, 57003, 72107, 34377, 55060, 65108, 20259]"
110753,"[89963, 28625, 38404, 58791, 25081, 33618, 113, 70498, 105216, 73765]"
110754,"[105650, 30987, 36580, 53200, 65393, 2834, 43226, 109575, 76850, 55053]"
110755,"[99540, 3693, 5110, 98266, 28865, 29859, 16165, 60601, 10793, 101841]"
110756,"[107232, 101823, 84774, 5139, 13787, 68522, 69130, 80100, 66601, 18290]"
110757,"[17451, 106454, 82814, 41814, 105221, 10612, 29044, 34861, 71042, 104391]"
110758,"[45003, 99954, 102441, 43246, 32109, 103373, 52204, 45974, 50812, 89110]"
110759,"[79817, 10018, 21540, 25028, 25935, 100458, 14707, 66078, 47682, 50218]"
110760,"[70085, 41692, 102487, 76895, 108929, 68642, 14669, 41848, 22421, 49400]"
110761,"[9791, 90384, 98927, 89835, 12204, 48445, 27335, 13761, 83021, 69959]"
110762,"[72089, 42237, 77342, 61610, 2965, 63437, 21632, 9476, 36638, 98769]"
110763,"[102188, 106386, 107808, 36188, 78153, 43483, 95875, 70165, 73315, 14723]"
110764,"[64007, 22533, 44004, 51599, 52558, 32153, 86871, 94540, 48782, 10316]"
110765,"[31815, 93615, 51601, 31661, 97267, 4561, 31811, 63273, 13540, 23012]"
110766,"[47974, 59520, 91337, 103561, 49291, 53170, 36274, 61916, 20784, 10279]"
110767,"[61701, 37784, 106896, 31986, 47055, 89125, 7500, 55615, 11639, 5985]"
110768,"[3541, 108076, 100255, 51907, 61480, 2501, 17094, 32787, 21500, 108182]"
110769,"[62791, 99495, 14446, 106106, 91995, 103989, 8266, 88394, 39818, 102963]"
110770,"[79998, 25010, 85230, 54858, 96950, 60714, 41029, 64672, 64790, 34041]"
110771,"[16657, 27314, 8131, 42194, 83598, 57032, 96954, 49585, 69248, 68615]"
110772,"[93087, 24050, 9606, 90522, 36127, 85924, 8424, 82979, 57345, 33453]"
110773,"[52530, 57943, 92191, 44948, 24489, 38190, 91937, 12698, 84830, 108614]"
110774,"[39571, 48961, 18826, 36186, 92308, 79281, 76580, 46746, 13496, 37054]"
110775,"[58702, 42023, 36995, 31358, 25362, 14858, 2508, 46797, 47776, 107438]"
110776,"[29084, 3531, 78324, 92871, 94252, 29729, 100292, 74830, 96966, 81818]"
110777,"[89597, 50782, 58215, 6930, 81946, 54563, 39522, 42074, 44316, 63836]"
110778,"[6061, 27557, 31278, 56855, 6739, 65166, 62513, 91468, 43550, 106301]"
110779,"[53405, 104904, 60250, 96605, 91582, 26464, 307, 94440, 83411, 56695]"
110780,"[101673, 19602, 894, 14116, 50454, 104823, 102420, 62235, 97404, 58812]"
110781,"[84615, 81803, 24765, 9632, 37402, 50457, 40258, 36144, 92426, 30221]"
110782,"[66518, 93019, 15936, 38973, 63522, 5982, 80762, 108976, 40030, 65460]"
110783,"[22770, 78577, 37633, 84696, 102957, 13678, 57669, 99363, 86754, 23397]"
110784,"[65794, 84583, 42558, 86274, 26428, 105428, 15067, 94865, 40571, 13158]"
110785,"[875, 29707, 22975, 57745, 60131, 62982, 101804, 73946, 48524, 42398]"
110786,"[1868, 22873, 2163, 101063, 107343, 91170, 14279, 58117, 99758, 58644]"
110787,"[28879, 6669, 109218, 40623, 57874, 52548, 77941, 97885, 107573, 28546]"
110788,"[106042, 34012, 77520, 62101, 52415, 10682, 9155, 51162, 16539, 68719]"
110789,"[84086, 7531, 46967, 42061, 5865, 73001, 46599, 6886, 57774, 92139]"
110790,"[16611, 69481, 32834, 7134, 6688, 48187, 14297, 35148, 80476, 109545]"
110791,"[86229, 52995, 66028, 92759, 102119, 101074, 22069, 20693, 35083, 53389]"
110792,"[25841, 79514, 58014, 52716, 48435, 8908, 37265, 73262, 5459, 92609]"
110793,"[38597, 94347, 12463, 36907, 85370, 59681, 16949, 41609, 37332, 73319]"
110794,"[63226, 27332, 71151, 83264, 79506, 14484, 18938, 94135, 28818, 55993]"
110795,"[18918, 1257, 83427, 45386, 46182, 9063, 65411, 9901, 21563, 66879]"
110796,"[2646, 105598, 35019, 23220, 758, 54590, 61058, 104312, 80392, 64258]"
110797,"[18671, 61216, 7757, 90409, 72092, 1967, 44058, 10307, 86769, 24923]"
110798,"[5653, 30559, 74352, 83476, 23386, 95401, 89794, 6973, 57468, 102812]"
110799,"[95616, 34368, 12146, 89373, 7833, 66275, 11272, 94098, 107923, 3072]"
110800,"[34025, 92756, 39323, 78060, 58399, 26623, 17519, 89537, 5457, 28576]"
110801,"[63202, 29201, 38689, 58594, 83536, 91374, 95831, 60054, 48393, 46200]"
110802,"[79317, 52798, 54300, 96422, 33967, 22385, 36755, 67188, 57658, 60180]"
110803,"[25608, 78595, 184, 23074, 26864, 8687, 99544, 41918, 106199, 4937]"
110804,"[51366, 79612, 98016, 25000, 20675, 60060, 63293, 16747, 89098, 106398]"
110805,"[6995, 96428, 77034, 1520, 95301, 46935, 31253, 48825, 86210, 83167]"
110806,"[51776, 23403, 13297, 5676, 55192, 50503, 50056, 9177, 95995, 38908]"
110807,"[54131, 25575, 48571, 64671, 98259, 22340, 108951, 67946, 101915, 65148]"
110808,"[70594, 100915, 107358, 75628, 37163, 68071, 50626, 92490, 40799, 78908]"
110809,"[28422, 108444, 7356, 55597, 1367, 23442, 46499, 21724, 44545, 72577]"
110810,"[19517, 103010, 22106, 25479, 3871, 26650, 23859, 13757, 43693, 2235]"
110811,"[101599, 23934, 34762, 80362, 26317, 101347, 4772, 107972, 52826, 22334]"
110812,"[69423, 36350, 44988, 30967, 23117, 22994, 41896, 95899, 62575, 38798]"
110813,"[101528, 15381, 102402, 37067, 70327, 90863, 42939, 87629, 17774, 63288]"
110814,"[20896, 52489, 108105, 1462, 50920, 396, 34036, 24638, 40130, 16791]"
110815,"[47846, 66728, 106671, 100642, 83382, 98563, 8313, 36617, 27131, 77772]"
110816,"[21462, 73491, 25768, 73152, 101760, 8378, 70126, 106507, 79357, 34243]"
110817,"[1116, 23407, 10157, 90038, 67792, 93980, 32916, 14149, 14103, 84310]"
110818,"[35755, 80853, 81531, 17789, 101784, 4079, 53361, 39748, 11012, 102584]"
110819,"[53340, 78278, 101257, 75964, 88939, 56507, 33683, 84656, 5617, 11089]"
110820,"[55540, 100040, 39105, 66763, 104842, 51691, 98083, 92938, 69847, 44662]"
110821,"[77621, 30253, 94646, 100943, 1120, 55021, 76666, 2535, 92180, 59711]"
110822,"[90979, 88348, 95346, 72367, 47720, 89493, 86125, 48004, 43414, 52772]"
110823,"[69669, 35367, 51880, 17301, 28906, 54021, 24347, 99702, 66055, 77500]"
110824,"[22839, 67103, 107591, 26781, 45024, 8691, 104274, 105064, 1691, 76684]"
110825,"[108157, 58476, 87237, 92213, 86332, 24562, 50819, 12617, 83883, 54302]"
110826,"[102141, 88616, 18190, 59911, 58062, 1046, 2277, 103403, 19007, 68519]"
110827,"[67522, 29549, 104641, 22339, 77585, 27174, 18462, 73156, 87009, 109628]"
110828,"[74826, 94018, 31852, 39224, 50336, 96425, 63037, 64292, 91365, 82453]"
110829,"[88773, 14830, 94900, 50303, 72389, 73918, 97382, 56099, 16550, 46426]"
110830,"[90982, 55389, 69751, 79265, 55928, 1386, 4135, 7654, 35931, 10881]"
110831,"[67539, 35201, 2873, 40177, 13397, 85429, 21280, 64636, 52180, 23102]"
110832,"[1878, 40755, 32720, 72832, 11626, 65009, 61942, 104297, 4802, 75602]"
110833,"[16484, 32676, 89273, 32686, 21017, 66472, 81525, 53247, 29217, 42079]"
110834,"[33808, 43768, 61670, 70445, 57567, 71998, 28870, 38104, 1662, 28760]"
110835,"[34435, 81596, 15234, 65732, 106279, 87733, 60503, 90416, 2555, 16779]"
110836,"[16514, 93836, 107499, 13562, 16403, 52150, 96989, 65243, 103918, 109321]"
110837,"[93065, 45487, 42288, 8140, 29534, 65904, 109154, 21270, 44624, 70154]"
110838,"[62389, 28970, 109765, 27063, 28032, 102550, 74388, 58133, 86453, 90970]"
110839,"[32364, 63764, 64408, 45241, 26620, 3297, 12134, 2852, 98747, 54253]"
110840,"[9083, 80626, 69811, 79144, 19715, 82641, 45899, 92035, 23536, 86248]"
110841,"[1394, 57008, 51706, 3611, 92586, 70374, 93217, 61775, 23294, 70247]"
110842,"[45485, 37994, 21087, 43274, 108643, 109676, 54084, 64065, 24773, 100871]"
110843,"[6720, 102634, 79451, 88138, 34912, 21831, 3837, 49394, 73777, 23368]"
110844,"[63520, 92796, 17565, 54045, 71452, 19299, 72370, 104393, 96054, 21142]"
110845,"[26830, 32695, 11770, 55763, 101553, 68452, 12673, 43596, 4380, 82799]"
110846,"[18487, 12260, 48859, 22968, 103009, 27347, 28297, 86981, 56069, 83043]"
110847,"[6616, 53120, 36448, 73488, 72712, 52137, 70710, 4953, 99847, 69597]"
110848,"[92224, 101129, 95593, 20090, 45333, 17545, 74636, 69492, 63154, 24553]"
110849,"[82698, 5332, 105811, 127, 25348, 63781, 56032, 8663, 99583, 82668]"
110850,"[83790, 76099, 83466, 35202, 60978, 85808, 34203, 19892, 44349, 59668]"
110851,"[54285, 87240, 80563, 26491, 54362, 21321, 65376, 678, 70831, 63734]"
110852,"[71427, 69757, 49896, 109525, 11631, 68655, 169, 91151, 18740, 13958]"
110853,"[39717, 100428, 95910, 31174, 55116, 63963, 3064, 98705, 45800, 71008]"
110854,"[95428, 3675, 65522, 103083, 2444, 47508, 43769, 42185, 27352, 19028]"
110855,"[99672, 46072, 38482, 81569, 10026, 66954, 64695, 19418, 4897, 92472]"
110856,"[74503, 68886, 42374, 93661, 22346, 22274, 51982, 57455, 4526, 80533]"
110857,"[109095, 92003, 97928, 79528, 4045, 51381, 40151, 88067, 90861, 101054]"
110858,"[49628, 53307, 12109, 41372, 62668, 99172, 96956, 30394, 59343, 28178]"
110859,"[7652, 64459, 302, 9362, 32189, 77573, 76667, 105316, 9820, 52790]"
110860,"[104815, 23250, 80498, 66062, 57306, 78152, 23598, 47883, 96424, 52542]"
110861,"[36597, 63888, 109300, 87609, 93922, 55733, 43727, 30881, 55572, 14573]"
110862,"[83810, 37311, 1807, 99119, 40235, 69725, 37358, 18680, 26905, 101916]"
110863,"[39645, 16118, 64245, 58845, 16992, 17036, 86273, 8660, 87618, 13467]"
110864,"[42682, 38500, 15661, 23377, 97017, 45156, 93085, 54966, 107836, 104646]"
110865,"[21552, 18353, 104672, 79042, 106751, 41498, 21453, 98677, 28102, 73367]"
110866,"[46464, 28575, 33635, 13624, 21418, 65636, 17118, 39095, 78981, 86212]"
110867,"[33246, 74885, 15928, 105342, 87492, 13116, 19573, 49266, 62363, 31488]"
110868,"[94348, 77800, 14100, 13615, 58711, 103217, 88822, 106794, 30710, 106537]"
110869,"[94682, 84264, 86043, 33204, 33805, 84803, 104197, 107607, 86325, 105102]"
110870,"[89802, 2532, 61278, 24241, 67589, 55176, 83779, 42278, 7961, 95738]"
110871,"[25880, 87837, 21511, 90635, 47389, 72669, 26018, 42091, 13427, 3648]"
110872,"[31173, 60546, 17675, 67484, 91784, 82434, 28260, 75645, 36680, 107592]"
110873,"[50080, 61528, 23884, 7287, 83067, 75362, 63479, 17046, 29883, 93441]"
110874,"[103325, 14908, 89106, 92597, 53522, 26667, 6329, 61812, 11418, 42227]"
110875,"[104282, 83697, 74007, 96860, 37560, 108447, 59457, 98448, 100523, 30291]"
110876,"[54954, 80504, 78431, 15038, 19448, 14791, 86428, 76926, 78650, 25895]"
110877,"[64897, 104325, 71037, 98465, 103707, 86391, 97516, 51, 100648, 26225]"
110878,"[68149, 67878, 82060, 40457, 15387, 88633, 28549, 81036, 67341, 48952]"
110879,"[85345, 82027, 81783, 40392, 88870, 92984, 56005, 63805, 61306, 71612]"
110880,"[63035, 93135, 33898, 83218, 35113, 25124, 17892, 87541, 74369, 96528]"
110881,"[59455, 98308, 29954, 39154, 34654, 9672, 81464, 104881, 26113, 26981]"
110882,"[60609, 98409, 70233, 91325, 107317, 55189, 47890, 93538, 19531, 61244]"
110883,"[1094, 66444, 39148, 104828, 94472, 61597, 87301, 47230, 70964, 61744]"
110884,"[93332, 32411, 99801, 80475, 109397, 71079, 68219, 102582, 56780, 71652]"
110885,"[1517, 51465, 35014, 78686, 75795, 99417, 36455, 9217, 108165, 86308]"
110886,"[67941, 41159, 3117, 29934, 65187, 67063, 41771, 65454, 90091, 106569]"
110887,"[96970, 60494, 101, 1756, 27348, 34479, 93728, 97113, 87493, 98419]"
110888,"[65154, 4369, 20052, 73701, 91743, 46382, 1581, 93500, 29287, 103220]"
110889,"[95923, 26856, 70418, 74076, 729, 53815, 74593, 92129, 942, 7072]"
110890,"[103169, 67001, 52650, 43560, 15072, 2587, 83036, 62247, 63640, 36900]"
110891,"[48695, 59714, 94847, 19642, 51488, 24316, 107807, 57623, 54929, 99888]"
110892,"[88450, 24834, 56866, 18077, 29850, 19099, 27057, 41876, 20832, 108802]"
110893,"[13898, 104882, 2240, 38106, 15399, 75049, 29442, 24633, 34186, 27205]"
110894,"[7311, 44696, 78511, 2007, 23277, 83654, 33278, 94192, 74302, 34442]"
110895,"[74986, 21898, 107959, 8090, 43029, 48140, 59312, 77474, 85646, 20674]"
110896,"[44942, 102527, 101731, 72510, 66039, 34748, 63686, 42956, 104785, 10382]"
110897,"[21712, 61251, 63874, 81416, 44639, 93571, 29511, 43158, 87105, 3890]"
110898,"[87632, 8550, 94913, 39363, 62441, 77162, 82658, 108572, 17180, 89949]"
110899,"[10339, 73557, 24174, 17885, 106959, 60829, 77029, 2461, 25986, 36770]"
110900,"[48954, 8015, 25793, 45113, 99677, 47596, 106841, 10834, 107100, 4510]"
110901,"[51672, 30846, 77886, 24854, 96442, 35399, 68822, 438, 84284, 89994]"
110902,"[92174, 100974, 35492, 94483, 69375, 21475, 20392, 85899, 41034, 35203]"
110903,"[68581, 21595, 65924, 94927, 48184, 87118, 58573, 102711, 89642, 87249]"
110904,"[53484, 13270, 12790, 35573, 101337, 31070, 39931, 77274, 63554, 85998]"
110905,"[23838, 102108, 21517, 48061, 17994, 34787, 12338, 34826, 57965, 37157]"
110906,"[80208, 88267, 42594, 4470, 57671, 14534, 23193, 42508, 65102, 6619]"
110907,"[53411, 71143, 34734, 57051, 31556, 15390, 34144, 100207, 33957, 62413]"
110908,"[26502, 48190, 72855, 95820, 9671, 62536, 9668, 34722, 8327, 104827]"
110909,"[21299, 13422, 9393, 33796, 32988, 23703, 90212, 62694, 76835, 82380]"
110910,"[19019, 76188, 44853, 101997, 60318, 57909, 26222, 59448, 7330, 72158]"
110911,"[57246, 38081, 10483, 10426, 37047, 9879, 18731, 27281, 54815, 76319]"
110912,"[108168, 84760, 87860, 75085, 68257, 107463, 64387, 68415, 2618, 90743]"
110913,"[87635, 108465, 59707, 74641, 21672, 11182, 7074, 76325, 30901, 4068]"
110914,"[21823, 78407, 10582, 39948, 99952, 14565, 55515, 58894, 19975, 19256]"
110915,"[83462, 55697, 3560, 43109, 41394, 2703, 64475, 52758, 109428, 4144]"
110916,"[42959, 99210, 44593, 16208, 1834, 49991, 102895, 94702, 71849, 16700]"
110917,"[55930, 84353, 97942, 102950, 53932, 54089, 72930, 99442, 64945, 45222]"
110918,"[84152, 93729, 16396, 4409, 44582, 32789, 81784, 93849, 94460, 18764]"
110919,"[34604, 57128, 56218, 2546, 66569, 103966, 103957, 15475, 109567, 53963]"
110920,"[21690, 17830, 2147, 65296, 37690, 67265, 61253, 51492, 32084, 102548]"
110921,"[21888, 58317, 7872, 18899, 2346, 29982, 1704, 109704, 18746, 40340]"
110922,"[60542, 31371, 52628, 68075, 93862, 63499, 8796, 63068, 16622, 78550]"
110923,"[10451, 29862, 109171, 15178, 108435, 36299, 29063, 84196, 7909, 64426]"
110924,"[26051, 7707, 87883, 71553, 25614, 35816, 7760, 98269, 49121, 83326]"
110925,"[60163, 91497, 53944, 103486, 67383, 98187, 104078, 25784, 71641, 23127]"
110926,"[81535, 86446, 69191, 59665, 90914, 5138, 94350, 40404, 71473, 19700]"
110927,"[95950, 72857, 21222, 40435, 56363, 24616, 84560, 71747, 26992, 31359]"
110928,"[73957, 39533, 73732, 98661, 12075, 73642, 75036, 89061, 72793, 12350]"
110929,"[27616, 104935, 58491, 29192, 53383, 28195, 94267, 83334, 92774, 70786]"
110930,"[16574, 41505, 84090, 49481, 31647, 25323, 2706, 61862, 106029, 2936]"
110931,"[100483, 14667, 40811, 69952, 78766, 77238, 31012, 24322, 45563, 74395]"
110932,"[92834, 99411, 68295, 73177, 53520, 78175, 34127, 27581, 37758, 95124]"
110933,"[30148, 4571, 11532, 6252, 36491, 40509, 33393, 27892, 36309, 3414]"
110934,"[48939, 59496, 29950, 20520, 28603, 100469, 19848, 2960, 53653, 76843]"
110935,"[91307, 45144, 100394, 60116, 84092, 21621, 97907, 97632, 11711, 1092]"
110936,"[104808, 72391, 105931, 86882, 68008, 82063, 99715, 60287, 27936, 8000]"
110937,"[104668, 32679, 109634, 100006, 48003, 5814, 56611, 62468, 24167, 18711]"
110938,"[7556, 56038, 78182, 64558, 62258, 29929, 48800, 3703, 71180, 10639]"
110939,"[37449, 91365, 31367, 37530, 12396, 72602, 90204, 106893, 100000, 76993]"
110940,"[57153, 31419, 68193, 92009, 66802, 57544, 109746, 69576, 36762, 96281]"
110941,"[103930, 95212, 19679, 102196, 55590, 78367, 91655, 56940, 24816, 95330]"
110942,"[6532, 74979, 47786, 48289, 30998, 54179, 5533, 1213, 52177, 69511]"
110943,"[98560, 9944, 66489, 105216, 62026, 81695, 33618, 6982, 55879, 102311]"
110944,"[109600, 101539, 50466, 11323, 60699, 93106, 94029, 10246, 45281, 101960]"
110945,"[67729, 105909, 20781, 108763, 29279, 26763, 10649, 64814, 25223, 21176]"
110946,"[94395, 83913, 52400, 9875, 37926, 55964, 94725, 67953, 70877, 68621]"
110947,"[17835, 77205, 105057, 49318, 56379, 88933, 63816, 29172, 36641, 94885]"
110948,"[72607, 79266, 15052, 59946, 59795, 55083, 99432, 63808, 102090, 31522]"
110949,"[25264, 69471, 58737, 86415, 76074, 27465, 86261, 18065, 54532, 32325]"
110950,"[100758, 16613, 102400, 66126, 109712, 61261, 92012, 85804, 51294, 31892]"
110951,"[3683, 40475, 92118, 27543, 55181, 10989, 82922, 80138, 56983, 55718]"
110952,"[80907, 38897, 35354, 90323, 9937, 95908, 103679, 68291, 99230, 27895]"
110953,"[96551, 69671, 17915, 39870, 43990, 60933, 96318, 17632, 50014, 26873]"
110954,"[97430, 45680, 95286, 87062, 83526, 67305, 96246, 10119, 78766, 24599]"
110955,"[17379, 31052, 84318, 109468, 29314, 4249, 84661, 66124, 57312, 12801]"
110956,"[30470, 102569, 72581, 108474, 59740, 86051, 102681, 94241, 17861, 28127]"
110957,"[103768, 60892, 32670, 2982, 45964, 45792, 59815, 57548, 96016, 109177]"
110958,"[103069, 10036, 59303, 83887, 44141, 77343, 59546, 15820, 32492, 80540]"
110959,"[44515, 71973, 75608, 35757, 94498, 84940, 29405, 47243, 26859, 75344]"
110960,"[13516, 45720, 25112, 75721, 68638, 81001, 74181, 10377, 100384, 668]"
110961,"[76806, 88409, 47789, 10382, 35171, 13762, 54032, 82455, 101206, 32583]"
110962,"[75357, 46081, 74278, 108457, 94644, 58681, 40837, 38371, 33132, 32457]"
110963,"[76009, 20264, 46670, 36682, 94279, 86831, 77554, 44639, 83543, 35315]"
110964,"[49148, 56084, 41356, 24300, 97558, 2443, 2793, 58219, 67653, 99139]"
110965,"[106620, 3520, 20903, 76340, 78028, 13651, 14625, 6719, 63348, 37525]"
110966,"[36878, 60841, 7514, 69161, 59950, 73404, 12922, 81131, 30705, 45719]"
110967,"[99985, 53245, 94414, 72756, 11036, 11051, 36833, 65993, 92114, 106566]"
110968,"[96648, 259, 15211, 96867, 39669, 62256, 67515, 15287, 23971, 56163]"
110969,"[62753, 43960, 64614, 76613, 90784, 35529, 90307, 6486, 88817, 19738]"
110970,"[54505, 17405, 63307, 58783, 1967, 43323, 10307, 45556, 54961, 75313]"
110971,"[57865, 74827, 33793, 86108, 47861, 67960, 36545, 37836, 85226, 93947]"
110972,"[33799, 23236, 5489, 12436, 14714, 32904, 80055, 81672, 7450, 34587]"
110973,"[85873, 81311, 104546, 39365, 97994, 55065, 57488, 94714, 82015, 78031]"
110974,"[11820, 106568, 81423, 90254, 41011, 92067, 61320, 176, 68967, 79204]"
110975,"[14915, 64986, 40359, 74009, 70857, 88223, 96160, 15711, 39393, 92196]"
110976,"[20560, 65576, 35329, 98534, 102320, 11836, 38062, 84128, 89088, 96186]"
110977,"[89486, 34331, 19712, 76810, 59969, 54183, 65460, 39786, 80550, 8533]"
110978,"[89007, 59658, 7636, 3400, 101479, 3671, 79580, 8136, 90008, 24556]"
110979,"[71789, 66726, 86825, 21314, 42872, 71647, 7889, 26744, 102652, 105368]"
110980,"[97656, 4183, 58466, 43190, 141, 19649, 41685, 54268, 84837, 37264]"
110981,"[108403, 35279, 78592, 20905, 78902, 1700, 107997, 63546, 97513, 11088]"
110982,"[92911, 72656, 100498, 65247, 82132, 37374, 64781, 72823, 51590, 57700]"
110983,"[47381, 79541, 72162, 21843, 21594, 48640, 105282, 45077, 61678, 33936]"
110984,"[86253, 46487, 93112, 62590, 51096, 88403, 16041, 59168, 87890, 3328]"
110985,"[38528, 25459, 31749, 23058, 3864, 1255, 96079, 92095, 74475, 93855]"
110986,"[11430, 70693, 84822, 54169, 84673, 16212, 107048, 68986, 89703, 60265]"
110987,"[31355, 83147, 74011, 73795, 63038, 97295, 28487, 65773, 57124, 90538]"
110988,"[69462, 25482, 82520, 34608, 50918, 32292, 94308, 95226, 94639, 108804]"
110989,"[40432, 83074, 52990, 66935, 88356, 99052, 57465, 92986, 40016, 78675]"
110990,"[30533, 69866, 90218, 10886, 86008, 104725, 103237, 76275, 59869, 15709]"
110991,"[14419, 100373, 4230, 60133, 83031, 42748, 8598, 88396, 1142, 81802]"
110992,"[15961, 40210, 103156, 67154, 97544, 102778, 89463, 83996, 28074, 69525]"
110993,"[58853, 67215, 18366, 17308, 14311, 89091, 73940, 106323, 42360, 47910]"
110994,"[86876, 66956, 36834, 26452, 43459, 56074, 63093, 109182, 35336, 27443]"
110995,"[1534, 32377, 51721, 95958, 79330, 75299, 24315, 18927, 12580, 94794]"
110996,"[70753, 68722, 14639, 81043, 53215, 102935, 90193, 60596, 87245, 63013]"
110997,"[36586, 103235, 85892, 108474, 81586, 77982, 84547, 30660, 91292, 90591]"
110998,"[50533, 35663, 13272, 109570, 81718, 47859, 40272, 97666, 25216, 35528]"
110999,"[58705, 51380, 108572, 55507, 89949, 46756, 22332, 90434, 8550, 98225]"
111000,"[97210, 90031, 87747, 29507, 78742, 40320, 104473, 58564, 76080, 100845]"
111001,"[90326, 21668, 52010, 53905, 32971, 57508, 16587, 101033, 72575, 63910]"
111002,"[40772, 11288, 2615, 27936, 8885, 64673, 60497, 46604, 103458, 105020]"
111003,"[23560, 65663, 107780, 47960, 44590, 36764, 39335, 28839, 38410, 100681]"
111004,"[6921, 54613, 20905, 26674, 94481, 78902, 108539, 25685, 42831, 107505]"
111005,"[47407, 53420, 103395, 76923, 43606, 109692, 3295, 104897, 31837, 26276]"
111006,"[45652, 5415, 27185, 27089, 4460, 92539, 18030, 73842, 71300, 72996]"
111007,"[10985, 74516, 97176, 98889, 22631, 65443, 99403, 76198, 45741, 3862]"
111008,"[25127, 52677, 36564, 26786, 41834, 91525, 21065, 39329, 36591, 54061]"
111009,"[29353, 47344, 88380, 101059, 102068, 2083, 97373, 6335, 81655, 20675]"
111010,"[90245, 99160, 11583, 73427, 87201, 82511, 36143, 49461, 78076, 19689]"
111011,"[37769, 2298, 3572, 93819, 19736, 90291, 1844, 637, 9120, 100261]"
111012,"[78121, 22254, 35944, 100073, 43845, 47199, 50154, 16122, 97817, 81874]"
111013,"[25717, 3141, 96658, 30722, 39827, 76456, 32360, 82954, 64990, 51800]"
111014,"[1746, 102201, 33277, 81909, 29280, 66267, 38573, 21365, 89748, 10578]"
111015,"[21153, 66937, 30361, 14160, 72018, 24750, 61132, 86730, 4714, 93974]"
111016,"[37634, 26468, 2320, 70105, 47231, 94919, 64337, 27401, 61393, 62104]"
111017,"[75061, 66291, 97853, 74388, 28526, 85055, 24904, 28186, 84756, 90970]"
111018,"[92021, 76849, 51068, 9878, 44933, 102712, 16748, 4070, 16135, 50729]"
111019,"[61085, 46822, 49760, 79485, 59378, 58404, 50877, 35970, 62059, 34900]"
111020,"[90289, 64538, 3704, 95733, 25111, 29556, 57540, 50924, 20109, 76786]"
111021,"[106805, 93229, 88475, 103583, 7608, 48098, 35701, 59754, 32494, 7985]"
111022,"[88968, 104806, 42162, 107127, 54250, 29525, 14961, 66661, 99382, 62490]"
111023,"[32943, 69045, 49433, 976, 80866, 29659, 21936, 21253, 86385, 27145]"
111024,"[88550, 11535, 227, 59493, 1984, 89675, 45662, 93641, 662, 37149]"
111025,"[75717, 97015, 6795, 106189, 27491, 102508, 108931, 49720, 69204, 13748]"
111026,"[75833, 25284, 109590, 29095, 75806, 22359, 65221, 97171, 36240, 43446]"
111027,"[105584, 49196, 27436, 68056, 24969, 17470, 7611, 101496, 30352, 27428]"
111028,"[69314, 20495, 73093, 74544, 53157, 71129, 70023, 93813, 106720, 50678]"
111029,"[66734, 2309, 84077, 104380, 79842, 82790, 42636, 27346, 55569, 107734]"
111030,"[91661, 28616, 10263, 80135, 18536, 792, 47255, 13988, 63076, 16098]"
111031,"[78022, 54164, 75922, 93975, 38360, 66634, 35312, 39347, 6008, 65673]"
111032,"[32669, 17668, 72076, 12758, 86953, 41890, 5486, 26268, 97335, 52673]"
111033,"[71216, 75484, 78242, 3988, 70935, 22554, 29756, 68825, 97678, 44875]"
111034,"[102248, 44549, 27818, 108027, 37750, 25752, 93257, 103207, 10501, 102311]"
111035,"[8891, 13453, 37598, 46326, 1054, 89054, 35786, 50304, 1296, 27996]"
111036,"[39387, 48351, 98222, 85736, 13764, 68601, 93851, 38092, 53974, 16315]"
111037,"[40822, 28182, 107760, 109335, 21965, 42208, 26465, 93903, 70608, 52327]"
111038,"[104332, 26131, 45178, 67125, 884, 24156, 278, 10134, 7941, 101793]"
111039,"[102800, 80634, 41781, 11560, 78411, 49954, 85716, 69477, 85213, 21754]"
111040,"[44022, 47388, 14344, 45545, 34660, 948, 19592, 33035, 96959, 97888]"
111041,"[4222, 19882, 18754, 91715, 66314, 29199, 105360, 76910, 13557, 102885]"
111042,"[21095, 12613, 6097, 91647, 76563, 84795, 89209, 4596, 79475, 96345]"
111043,"[87014, 21541, 41810, 78407, 63819, 19088, 96583, 72921, 76768, 97835]"
111044,"[68690, 34379, 44328, 62333, 70729, 10017, 83033, 24378, 78838, 103423]"
111045,"[83127, 62226, 9424, 51300, 57663, 99009, 54160, 40952, 30398, 70068]"
111046,"[73518, 100496, 8958, 94949, 17150, 54751, 35447, 38003, 38780, 18950]"
111047,"[94379, 9110, 45307, 108566, 26509, 41911, 43486, 102787, 92228, 62384]"
111048,"[27576, 2867, 23510, 73654, 94474, 93669, 33555, 23394, 98917, 21136]"
111049,"[52288, 27964, 68843, 85676, 91451, 38399, 95791, 80060, 41478, 59790]"
111050,"[109480, 41765, 105808, 91937, 77377, 95858, 35293, 24489, 105641, 97096]"
111051,"[51991, 39523, 28876, 35093, 41814, 86387, 20868, 25291, 69754, 17451]"
111052,"[9670, 75028, 87988, 72895, 33712, 10479, 54351, 35815, 50782, 78833]"
111053,"[90257, 71284, 41326, 43276, 100474, 76535, 48992, 74310, 44817, 95698]"
111054,"[43075, 57588, 59104, 8656, 96344, 63663, 63736, 51799, 91130, 106054]"
111055,"[105138, 25279, 48503, 90469, 48969, 2149, 22216, 98804, 2057, 11644]"
111056,"[56485, 93095, 64642, 72454, 85292, 65244, 21865, 30743, 23681, 86335]"
111057,"[23137, 32206, 23735, 36323, 33191, 75292, 95836, 10521, 96681, 102213]"
111058,"[22529, 23765, 54644, 101343, 67097, 71794, 53365, 99944, 2836, 24010]"
111059,"[36902, 11056, 87503, 71159, 66588, 51159, 35625, 60585, 92977, 36106]"
111060,"[80253, 80605, 98521, 2252, 66885, 52165, 9991, 41090, 4624, 66525]"
111061,"[54930, 78840, 106364, 83857, 28452, 60131, 97290, 22975, 87976, 79357]"
111062,"[82641, 89820, 92312, 68257, 4823, 2618, 19715, 23561, 94189, 33678]"
111063,"[101499, 108554, 39553, 85492, 2041, 13566, 70749, 63674, 99651, 28159]"
111064,"[107184, 53156, 16057, 45089, 79290, 18157, 22810, 43498, 14420, 52941]"
111065,"[43596, 40592, 35696, 4386, 52035, 21531, 85989, 2011, 17601, 96945]"
111066,"[47293, 66522, 33634, 24863, 67306, 18026, 87235, 107152, 97902, 86845]"
111067,"[45983, 109352, 41390, 98699, 41142, 104160, 20970, 27654, 28910, 51604]"
111068,"[44014, 63103, 58669, 99805, 18211, 80453, 89657, 75298, 89341, 26294]"
111069,"[20799, 104237, 6298, 88685, 77962, 52253, 83245, 20357, 94290, 22449]"
111070,"[77267, 27716, 55400, 65454, 46881, 100222, 109363, 11855, 60991, 30170]"
111071,"[99857, 3565, 44776, 80231, 37737, 16510, 79589, 78182, 29929, 5417]"
111072,"[85176, 92643, 65184, 54050, 94444, 38312, 63028, 30663, 69512, 54388]"
111073,"[100286, 5214, 106979, 88132, 89583, 36995, 8732, 40222, 6056, 81611]"
111074,"[95778, 12980, 40227, 38744, 97378, 15664, 79738, 55708, 72330, 40990]"
111075,"[27988, 1463, 77572, 102413, 30794, 25398, 21010, 103250, 69284, 14770]"
111076,"[11637, 65757, 79361, 7566, 94328, 4695, 105179, 57952, 51795, 54441]"
111077,"[56247, 56261, 73903, 96743, 92468, 63629, 79352, 91856, 90778, 109189]"
111078,"[18321, 18033, 34504, 94938, 58061, 97238, 82130, 32612, 66114, 68289]"
111079,"[50521, 98418, 51356, 88642, 32686, 76724, 22656, 9656, 4993, 89273]"
111080,"[2553, 86797, 9211, 38769, 22847, 18295, 47137, 34715, 84095, 102877]"
111081,"[87663, 43069, 33282, 57757, 92292, 91104, 40844, 11590, 1815, 1111]"
111082,"[55403, 101024, 97750, 65366, 77287, 9812, 21023, 75033, 63244, 103422]"
111083,"[71293, 17042, 102993, 77016, 45026, 35296, 56016, 97005, 18120, 48104]"
111084,"[76275, 37230, 15709, 79795, 100659, 73223, 83710, 6050, 695, 74585]"
111085,"[95577, 11108, 18371, 61602, 74345, 50868, 57152, 54761, 43606, 98622]"
111086,"[81353, 66855, 28922, 84058, 69069, 12371, 61988, 35738, 49830, 82708]"
111087,"[5871, 60117, 11574, 62678, 97864, 77700, 20349, 8076, 54507, 2231]"
111088,"[29070, 45014, 61002, 46666, 45301, 38628, 99153, 16828, 53190, 65942]"
111089,"[21996, 58584, 47272, 8534, 80968, 42035, 97941, 32474, 80532, 21314]"
111090,"[81724, 52031, 84641, 46974, 75539, 25214, 64664, 27096, 44269, 2069]"
111091,"[76549, 53728, 82189, 24108, 67132, 21101, 22707, 54227, 82694, 68532]"
111092,"[63184, 61970, 74162, 35556, 32494, 3634, 14638, 93229, 20108, 42118]"
111093,"[32923, 982, 50413, 52600, 48096, 56832, 21782, 34801, 77497, 55893]"
111094,"[51324, 75588, 48409, 38292, 45627, 8000, 25757, 95811, 103848, 34420]"
111095,"[61301, 100511, 74631, 65409, 78146, 36785, 63415, 78263, 81024, 82809]"
111096,"[97999, 109562, 29797, 45089, 54612, 45790, 78071, 93156, 76319, 64449]"
111097,"[99718, 107811, 8391, 12652, 96902, 81861, 72218, 21394, 74831, 33432]"
111098,"[100741, 46898, 97800, 63346, 14059, 34342, 10847, 11372, 83488, 67783]"
111099,"[95438, 49528, 69790, 107205, 37014, 88431, 27455, 65824, 38432, 3957]"
111100,"[104490, 108886, 16234, 59043, 78584, 94070, 61319, 13691, 79389, 99168]"
111101,"[42029, 2559, 18954, 64664, 18816, 5884, 32852, 94980, 61657, 39667]"
111102,"[102101, 65936, 81206, 13205, 98839, 103457, 75735, 45567, 67094, 10688]"
111103,"[92484, 109546, 107998, 64656, 82845, 58483, 63556, 71822, 95733, 49072]"
111104,"[28267, 38171, 66811, 89902, 80560, 29073, 90275, 30045, 52730, 18097]"
111105,"[23719, 97498, 89458, 80377, 54660, 74109, 76336, 61855, 9792, 8719]"
111106,"[88036, 92630, 3443, 29774, 73821, 43544, 27351, 99621, 25610, 18423]"
111107,"[54147, 52597, 43266, 57675, 70684, 5698, 92309, 80006, 56772, 60576]"
111108,"[71391, 2035, 98890, 1286, 104768, 100786, 30862, 74780, 5733, 87379]"
111109,"[66905, 98495, 53750, 103723, 59396, 64196, 1117, 32568, 96431, 37196]"
111110,"[22848, 46195, 97641, 98670, 78962, 37444, 31443, 95730, 12703, 31423]"
111111,"[107489, 24455, 2076, 69054, 39221, 70587, 69611, 12217, 82877, 26102]"
111112,"[93618, 624, 34688, 30535, 85703, 68654, 68880, 14151, 86448, 44077]"
111113,"[104030, 108255, 42943, 75781, 73208, 26440, 68129, 79888, 76766, 1513]"
111114,"[84611, 85581, 15416, 8969, 83873, 73623, 85015, 57559, 42934, 50712]"
111115,"[35934, 61461, 101514, 89921, 63425, 34370, 72013, 67468, 107335, 5084]"
111116,"[60991, 46881, 30170, 65535, 24534, 22098, 27716, 109363, 11855, 34320]"
111117,"[45675, 68256, 57486, 48224, 102524, 53842, 62895, 71978, 85375, 81259]"
111118,"[70384, 30114, 6750, 15620, 102589, 82857, 75173, 102017, 56535, 73176]"
111119,"[4657, 19990, 76854, 12150, 88148, 107699, 27249, 359, 77938, 54398]"
111120,"[73427, 106194, 89830, 11583, 87201, 75779, 10877, 77101, 55502, 34376]"
111121,"[26551, 21092, 29930, 107471, 31078, 68441, 46374, 22576, 68494, 67949]"
111122,"[44493, 15859, 14909, 68243, 100207, 33957, 29558, 9081, 109167, 81845]"
111123,"[56117, 10939, 4812, 39165, 96085, 37699, 32259, 35344, 25170, 89954]"
111124,"[97675, 35460, 32776, 16384, 86884, 58581, 35966, 3050, 40170, 5379]"
111125,"[39412, 44509, 29784, 15237, 3590, 43337, 91173, 85949, 71501, 69791]"
111126,"[67817, 62187, 44087, 16472, 99316, 29991, 68510, 11396, 79398, 102467]"
111127,"[21102, 16567, 90860, 39507, 93589, 69318, 39718, 104112, 66367, 13604]"
111128,"[91613, 69884, 47743, 28250, 66780, 19091, 3937, 30408, 92947, 12634]"
111129,"[48774, 86433, 51858, 65074, 23153, 20237, 55938, 79354, 36435, 93314]"
111130,"[8019, 19751, 40669, 104943, 17529, 81408, 81059, 9247, 78767, 4261]"
111131,"[16755, 84133, 16412, 42852, 104377, 32391, 93962, 15691, 87772, 55494]"
111132,"[106851, 12959, 95281, 87653, 43457, 4215, 30044, 15752, 93877, 108596]"
111133,"[65078, 65416, 13497, 61852, 17757, 24716, 93896, 2105, 26418, 99572]"
111134,"[21538, 89217, 104222, 52252, 48429, 40715, 56480, 96839, 74268, 2744]"
111135,"[12355, 17206, 47214, 16555, 23178, 66410, 35662, 16744, 52693, 35865]"
111136,"[2568, 26153, 88470, 8232, 23999, 2566, 74484, 87423, 69565, 31233]"
111137,"[3467, 92278, 8279, 6438, 36753, 87361, 17420, 65062, 10594, 66955]"
111138,"[45139, 102423, 74013, 53377, 32112, 4855, 28148, 58299, 99439, 38310]"
111139,"[39416, 64846, 55287, 44100, 19658, 102519, 33472, 96124, 16034, 45659]"
111140,"[3687, 93920, 89822, 41141, 60129, 72493, 48306, 55540, 471, 105112]"
111141,"[43981, 96065, 18003, 74272, 106999, 32315, 27587, 60598, 70279, 105345]"
111142,"[83447, 71260, 82537, 22241, 68982, 77949, 42012, 39067, 82251, 63099]"
111143,"[30924, 47529, 49932, 83741, 72124, 59179, 8857, 65595, 12939, 8973]"
111144,"[97525, 97539, 47871, 17347, 19328, 61554, 51342, 107874, 87257, 60700]"
111145,"[78466, 28207, 73547, 19172, 38966, 75701, 58112, 90038, 32650, 46037]"
111146,"[102268, 58047, 2640, 104441, 43751, 27350, 28042, 44689, 6335, 22252]"
111147,"[3899, 33377, 67638, 84178, 38953, 44724, 36269, 20964, 44838, 67441]"
111148,"[99210, 25247, 9537, 64861, 38757, 43679, 29141, 102895, 24804, 18284]"
111149,"[18376, 79345, 32429, 64243, 44297, 93162, 104734, 79651, 4018, 29963]"
111150,"[55913, 69234, 49928, 38444, 42539, 85746, 61613, 69384, 56392, 34548]"
111151,"[19294, 98145, 35463, 37233, 41580, 94176, 43552, 29538, 71081, 52391]"
111152,"[1827, 43607, 74717, 62464, 31600, 79609, 95157, 51929, 1940, 47213]"
111153,"[106796, 24698, 50585, 106272, 21141, 99209, 49580, 90692, 76191, 49688]"
111154,"[12328, 48490, 84275, 100086, 97461, 96733, 47549, 18702, 69663, 35352]"
111155,"[53193, 42545, 95454, 8004, 70717, 62244, 92519, 36521, 37913, 42678]"
111156,"[51569, 8224, 5154, 72363, 59894, 98174, 44158, 46636, 87976, 108383]"
111157,"[42158, 103762, 40212, 24917, 30708, 62815, 92766, 70581, 38238, 31616]"
111158,"[102384, 20255, 73725, 84455, 99970, 46868, 22461, 12874, 102049, 1888]"
111159,"[78784, 19555, 9063, 10812, 44693, 45386, 91237, 13469, 80792, 76413]"
111160,"[83450, 44258, 34890, 97432, 57077, 2172, 48878, 8949, 36131, 71781]"
111161,"[29808, 60007, 103864, 48334, 81381, 77185, 71253, 60540, 108653, 29004]"
111162,"[39860, 5521, 53327, 76518, 80797, 13122, 71210, 86997, 69196, 95842]"
111163,"[27855, 57833, 84908, 48016, 97414, 40708, 66669, 90056, 49778, 98324]"
111164,"[99463, 60743, 88012, 26598, 25050, 103171, 101120, 24320, 4892, 15294]"
111165,"[56780, 57115, 48093, 95775, 75329, 64948, 20297, 38367, 68136, 56826]"
111166,"[40181, 23059, 67187, 108340, 87192, 105831, 70250, 67689, 34096, 23650]"
111167,"[6009, 637, 57663, 103685, 67929, 49551, 89204, 19207, 64082, 50337]"
111168,"[13748, 72188, 4621, 64443, 36557, 56985, 63869, 51908, 30667, 9394]"
111169,"[7017, 17550, 6652, 23605, 68845, 13388, 82041, 54834, 37773, 72956]"
111170,"[39495, 108831, 66762, 75944, 97753, 81264, 97456, 41606, 79039, 676]"
111171,"[47417, 78126, 61258, 49335, 85698, 64713, 85151, 79283, 8976, 14995]"
111172,"[61354, 42501, 46985, 87841, 57550, 104420, 1591, 22518, 60554, 83645]"
111173,"[14791, 22950, 84021, 54954, 64279, 80504, 19448, 78431, 12701, 90911]"
111174,"[15036, 55245, 827, 89221, 71556, 248, 82108, 90014, 40374, 105177]"
111175,"[60403, 72931, 32658, 6065, 22612, 22190, 70438, 63654, 31291, 78103]"
111176,"[90607, 2700, 29755, 79453, 4976, 93290, 42001, 73968, 8172, 50925]"
111177,"[44117, 27311, 27911, 44463, 7375, 64038, 88919, 55313, 105382, 31298]"
111178,"[5771, 47504, 75167, 97465, 108548, 64181, 1690, 74397, 72232, 40836]"
111179,"[35836, 19585, 80160, 82015, 85873, 30649, 106845, 61139, 60619, 62375]"
111180,"[62058, 14429, 54908, 23464, 35112, 49280, 20481, 60953, 8530, 58902]"
111181,"[75430, 39130, 3868, 77719, 16336, 101764, 3763, 61375, 101213, 61303]"
111182,"[98380, 80657, 102559, 68989, 89311, 6917, 6119, 100699, 64769, 80003]"
111183,"[29980, 56942, 56551, 3772, 1495, 55156, 59629, 59475, 60999, 44512]"
111184,"[67864, 17280, 59810, 48129, 107888, 109420, 93321, 46856, 70174, 54509]"
111185,"[15106, 72110, 66408, 51600, 65264, 10718, 80862, 77196, 54594, 71068]"
111186,"[53288, 29899, 63866, 74285, 64266, 106843, 24636, 71814, 39915, 86527]"
111187,"[86166, 3237, 60706, 80530, 79942, 16682, 49225, 16619, 106898, 53856]"
111188,"[82737, 58684, 4121, 84619, 58639, 49627, 95133, 89038, 18015, 11362]"
111189,"[29138, 108717, 13961, 106098, 4084, 74820, 36685, 27948, 49696, 1888]"
111190,"[34154, 74647, 78317, 59765, 10533, 73813, 52388, 27579, 29267, 87142]"
111191,"[94944, 94785, 74364, 74675, 61981, 38091, 41290, 20075, 61014, 86771]"
111192,"[78425, 77218, 88229, 75886, 38483, 29347, 46707, 34560, 83496, 67153]"
111193,"[60801, 82912, 46675, 59071, 59523, 9578, 98483, 3249, 38352, 104832]"
111194,"[108053, 63354, 109612, 27327, 63338, 60157, 105255, 3091, 9999, 50097]"
111195,"[67587, 16527, 2464, 100436, 57500, 91351, 105905, 98323, 81483, 3658]"
111196,"[83951, 62158, 13866, 51575, 16551, 60024, 23662, 860, 19344, 11774]"
111197,"[9237, 5963, 12026, 96261, 36920, 87324, 48026, 69179, 68137, 102466]"
111198,"[32942, 90346, 27899, 80492, 67623, 56189, 34624, 80067, 97323, 33215]"
111199,"[55930, 84353, 102950, 106602, 44146, 35162, 84595, 20626, 68861, 33940]"
111200,"[15201, 31872, 102262, 60608, 88856, 65893, 48328, 72389, 94718, 109227]"
111201,"[86213, 18658, 43801, 16138, 33094, 98946, 86406, 31444, 103322, 31033]"
111202,"[47758, 92231, 92919, 38672, 22115, 62223, 71631, 83100, 76665, 35018]"
111203,"[7485, 65666, 97239, 14594, 55486, 74668, 37294, 79387, 12050, 73312]"
111204,"[17157, 2827, 27371, 16770, 8669, 32842, 99883, 108017, 83553, 108094]"
111205,"[30877, 56981, 38079, 46894, 3380, 63415, 20813, 78827, 34233, 84018]"
111206,"[54902, 45771, 16761, 59674, 14910, 32745, 14958, 30648, 108551, 106329]"
111207,"[73065, 77669, 63798, 30711, 61712, 1956, 23565, 54602, 57571, 45970]"
111208,"[2635, 22062, 83999, 104229, 67576, 70258, 60313, 31008, 84591, 33318]"
111209,"[60743, 101941, 33997, 95366, 26598, 107364, 89382, 88785, 16155, 24665]"
111210,"[90770, 3101, 101076, 46344, 58815, 3668, 71699, 102362, 59433, 31461]"
111211,"[76164, 98573, 81614, 100836, 11568, 86041, 92830, 7054, 10454, 9112]"
111212,"[49512, 60735, 18753, 63556, 61296, 64903, 99678, 65419, 99139, 39266]"
111213,"[74880, 22980, 21682, 107771, 92960, 39341, 88599, 41862, 47365, 18633]"
111214,"[55282, 85560, 77323, 78941, 27813, 34773, 29619, 80894, 107600, 108852]"
111215,"[50689, 35543, 10144, 9438, 100433, 30751, 29575, 23255, 89621, 78090]"
111216,"[105872, 86193, 59125, 97883, 57235, 68558, 99098, 25544, 19286, 80693]"
111217,"[18602, 48066, 35642, 40572, 26312, 33970, 30898, 8950, 10545, 43992]"
111218,"[82135, 39190, 7752, 96174, 1735, 64965, 96217, 3126, 40602, 35501]"
111219,"[14402, 104231, 49550, 22958, 52137, 17588, 95537, 18233, 63539, 44087]"
111220,"[107416, 71075, 86755, 61387, 53622, 38952, 11309, 29622, 67520, 65894]"
111221,"[84247, 43393, 14582, 84761, 70405, 22541, 6032, 70385, 22799, 20048]"
111222,"[91851, 16065, 100571, 62269, 55882, 96365, 61859, 102883, 84142, 10739]"
111223,"[26888, 21374, 102888, 85629, 69460, 33654, 41608, 70692, 29465, 42538]"
111224,"[82388, 105339, 23694, 5430, 20114, 28711, 28904, 25780, 100944, 49778]"
111225,"[97045, 86057, 95764, 23365, 64794, 102360, 65080, 83101, 10537, 83025]"
111226,"[27428, 17346, 68056, 68692, 30724, 54979, 81585, 66415, 11958, 1628]"
111227,"[23102, 11860, 18431, 25015, 47604, 24736, 77638, 95202, 15753, 65329]"
111228,"[76360, 91305, 10775, 24728, 16661, 95611, 23534, 108375, 58455, 41895]"
111229,"[83815, 34423, 71406, 56480, 96839, 40715, 37708, 47411, 109580, 3818]"
111230,"[16434, 28733, 98648, 5118, 80916, 68242, 12609, 46502, 80758, 95687]"
111231,"[107375, 14931, 85461, 106613, 2304, 45918, 8188, 81830, 48107, 86344]"
111232,"[55618, 57557, 40332, 96528, 108815, 51923, 101510, 105477, 55272, 57030]"
111233,"[77704, 15246, 98140, 73993, 41699, 10160, 48587, 19366, 9974, 47696]"
111234,"[85301, 65273, 86588, 75135, 45781, 85813, 27494, 82328, 83349, 28222]"
111235,"[107482, 8500, 22033, 106415, 109616, 46256, 39646, 47365, 49903, 83811]"
111236,"[87124, 6185, 18135, 59364, 92428, 60100, 52704, 104075, 28145, 33072]"
111237,"[82239, 75859, 39344, 5470, 15267, 51698, 69639, 30300, 108080, 34166]"
111238,"[74287, 97580, 27514, 11449, 89528, 19858, 9403, 87870, 5334, 103219]"
111239,"[62795, 93269, 18323, 91781, 65187, 88689, 65454, 41771, 90091, 99524]"
111240,"[33407, 55986, 103019, 43864, 2408, 1631, 13258, 85478, 4974, 5776]"
111241,"[12857, 81344, 10142, 66357, 84483, 58435, 70889, 25315, 83886, 80217]"
111242,"[3022, 91482, 81336, 47590, 38627, 69970, 43372, 65980, 57297, 106230]"
111243,"[91008, 63145, 95533, 52279, 40964, 102328, 14367, 4289, 105075, 103006]"
111244,"[91416, 56929, 534, 79139, 24395, 71454, 51876, 2588, 16679, 60950]"
111245,"[28973, 27499, 38297, 66476, 69068, 101416, 87677, 100134, 30618, 41365]"
111246,"[10382, 88409, 57479, 64457, 40153, 47789, 25774, 101630, 97913, 104785]"
111247,"[60444, 109772, 23763, 93325, 98491, 52758, 21205, 96796, 47881, 22026]"
111248,"[96452, 84492, 22663, 103357, 106966, 18857, 34733, 107664, 91301, 35885]"
111249,"[81692, 71379, 3346, 2793, 24300, 7907, 97558, 109546, 62010, 79197]"
111250,"[92874, 67500, 12535, 47414, 21693, 29721, 59489, 47272, 62724, 94573]"
111251,"[63539, 44711, 28620, 29778, 28423, 105746, 34542, 5361, 54972, 49550]"
111252,"[35990, 48765, 64430, 23488, 34992, 43642, 108126, 24152, 71858, 48071]"
111253,"[103073, 93297, 26778, 64951, 43762, 53702, 103527, 73776, 88527, 46266]"
111254,"[14737, 33968, 16724, 92228, 62384, 65882, 45803, 77394, 36802, 14874]"
111255,"[33877, 76298, 12887, 33366, 28838, 91261, 94489, 41773, 102818, 40419]"
111256,"[64993, 48896, 101765, 55831, 36718, 18716, 14660, 109451, 55933, 13212]"
111257,"[105602, 50311, 18363, 92645, 51000, 14577, 51253, 22599, 41989, 21550]"
111258,"[21995, 34665, 16015, 39895, 28492, 34840, 74622, 23243, 43072, 54971]"
111259,"[49020, 38469, 6649, 82712, 55779, 104776, 68488, 102668, 63376, 73700]"
111260,"[52877, 85881, 92724, 53167, 109763, 40437, 85450, 85377, 62265, 34322]"
111261,"[55370, 2815, 74823, 95884, 5874, 28933, 76867, 47570, 78656, 71114]"
111262,"[12677, 93632, 37061, 16831, 59093, 50883, 83445, 86866, 42674, 67778]"
111263,"[107864, 92716, 101384, 40997, 42504, 44128, 53643, 27561, 72910, 18610]"
111264,"[54001, 12929, 5753, 65397, 4660, 72029, 63589, 54364, 91496, 91474]"
111265,"[80259, 57494, 21551, 98719, 67519, 87308, 64112, 54786, 41990, 16603]"
111266,"[63024, 46618, 38456, 82586, 51339, 41770, 76444, 62326, 7225, 107279]"
111267,"[17247, 107035, 10316, 62521, 53486, 19960, 4161, 17495, 89142, 87546]"
111268,"[38143, 34398, 91415, 68466, 35345, 42193, 17251, 85142, 18450, 39682]"
111269,"[16484, 81247, 55565, 66472, 47238, 72518, 21566, 51902, 89273, 105580]"
111270,"[37045, 2935, 61139, 60182, 80160, 45703, 99266, 58575, 65831, 99986]"
111271,"[20004, 82889, 87132, 31074, 91603, 12997, 96152, 49036, 50536, 87292]"
111272,"[26243, 4970, 99217, 85349, 37708, 23796, 69672, 42707, 4390, 3130]"
111273,"[42953, 21814, 58022, 90685, 31765, 62963, 15449, 42944, 8196, 18750]"
111274,"[108738, 51580, 83310, 347, 65339, 106008, 46714, 5176, 78023, 51805]"
111275,"[13179, 59715, 7954, 7248, 106256, 35687, 32394, 52141, 41729, 49982]"
111276,"[8753, 37808, 80896, 43168, 30668, 14714, 30090, 1273, 106335, 53994]"
111277,"[107578, 21073, 9189, 33326, 29499, 48207, 10609, 37260, 25910, 76292]"
111278,"[19693, 83696, 17957, 17663, 65474, 72131, 42978, 69171, 17310, 94986]"
111279,"[83247, 88479, 11489, 52886, 67354, 42355, 10945, 87061, 104366, 27617]"
111280,"[60590, 60864, 44398, 40249, 103439, 35098, 47469, 52813, 72963, 1689]"
111281,"[12096, 52867, 100111, 101483, 2059, 22698, 86564, 76263, 39287, 95023]"
111282,"[65359, 83017, 91377, 61277, 37097, 15701, 40000, 37602, 79706, 70621]"
111283,"[55031, 96813, 5367, 87275, 25213, 98613, 108418, 8001, 35691, 24879]"
111284,"[42317, 108891, 61697, 55693, 48540, 53950, 45273, 69708, 39668, 1207]"
111285,"[58089, 70404, 69885, 97078, 68343, 61292, 104062, 76924, 35185, 86646]"
111286,"[68043, 31262, 105118, 97060, 95162, 21436, 82717, 97950, 75596, 53311]"
111287,"[39883, 26962, 81233, 103608, 65238, 10232, 24319, 47352, 53488, 58719]"
111288,"[1700, 22127, 107997, 35279, 79798, 92784, 101363, 15734, 78902, 108539]"
111289,"[33524, 42962, 102592, 76117, 46085, 46288, 2605, 11921, 18933, 96399]"
111290,"[15521, 82577, 96833, 102477, 106292, 34847, 81006, 18558, 84993, 85564]"
111291,"[42479, 85608, 11503, 45025, 35730, 37407, 86468, 11243, 40531, 38215]"
111292,"[27937, 30759, 48296, 36902, 1097, 92977, 20497, 97489, 61720, 27183]"
111293,"[90277, 3959, 37060, 13115, 39730, 104858, 84766, 83204, 52260, 88839]"
111294,"[50894, 24884, 46160, 24484, 22338, 19468, 46027, 66098, 22261, 82034]"
111295,"[63220, 58971, 65277, 9485, 97722, 78337, 43426, 46286, 22266, 543]"
111296,"[92210, 3496, 4455, 107523, 63476, 22655, 17061, 75316, 980, 80264]"
111297,"[56950, 83069, 86981, 99554, 58059, 32719, 27274, 33648, 100978, 94275]"
111298,"[37385, 48357, 27741, 91933, 23389, 98921, 101280, 20247, 42877, 37722]"
111299,"[17062, 96374, 94131, 18175, 16441, 61653, 15044, 45045, 222, 104068]"
111300,"[11672, 16697, 78620, 21985, 54317, 92427, 98031, 39001, 39032, 78453]"
111301,"[36902, 15906, 27183, 47037, 70681, 87503, 11056, 1097, 30759, 91912]"
111302,"[108994, 44366, 42653, 87817, 69525, 73449, 103156, 97544, 67154, 6170]"
111303,"[102447, 46940, 14681, 53019, 63618, 45670, 39536, 95487, 25816, 92964]"
111304,"[51501, 22532, 74670, 57154, 69691, 50294, 95783, 46069, 57971, 12301]"
111305,"[92892, 94949, 64405, 18380, 7957, 41183, 53106, 38003, 35447, 10523]"
111306,"[101975, 59273, 75938, 25589, 12437, 8375, 89146, 29866, 76666, 95392]"
111307,"[44089, 84600, 65062, 87718, 102198, 8279, 92278, 19483, 87361, 3467]"
111308,"[81246, 25568, 26530, 49868, 3367, 34969, 35614, 55280, 6294, 89512]"
111309,"[46194, 31547, 17799, 100490, 82332, 76754, 78509, 28175, 55843, 27337]"
111310,"[92061, 64563, 49914, 11571, 35591, 52482, 88125, 94310, 1357, 17478]"
111311,"[100374, 3123, 49559, 87937, 85816, 93999, 46558, 83790, 9081, 60960]"
111312,"[35517, 53952, 7749, 31705, 34387, 24695, 77349, 31595, 91426, 84085]"
111313,"[45861, 83641, 24669, 14687, 49229, 99320, 97693, 14409, 22745, 31391]"
111314,"[83769, 38704, 22447, 29334, 73836, 101655, 58507, 95336, 3100, 91665]"
111315,"[64970, 8112, 84413, 7857, 52913, 54798, 107045, 39864, 33718, 55123]"
111316,"[95104, 32080, 73146, 91995, 14446, 8266, 103989, 107724, 30419, 11124]"
111317,"[3731, 11767, 76734, 107718, 58325, 34050, 50774, 61329, 95891, 103341]"
111318,"[2181, 79018, 44758, 100660, 52912, 78051, 60888, 104334, 40596, 25285]"
111319,"[33528, 89472, 75098, 6128, 70543, 88981, 78781, 40424, 48780, 53151]"
111320,"[34442, 44526, 49606, 89086, 87683, 32606, 57788, 22351, 83654, 76780]"
111321,"[45891, 7259, 95229, 59170, 27868, 40526, 12696, 12224, 1141, 22293]"
111322,"[45516, 57295, 70445, 94837, 7502, 8519, 61670, 92303, 10085, 58536]"
111323,"[86231, 47202, 10297, 29755, 98177, 58202, 81968, 71650, 76235, 39826]"
111324,"[28577, 108427, 88243, 9352, 95417, 26219, 80245, 51807, 88033, 53018]"
111325,"[60408, 76091, 92545, 109025, 94014, 88861, 53205, 37962, 66927, 63166]"
111326,"[11200, 58280, 109358, 11815, 74433, 42980, 35014, 297, 25091, 55598]"
111327,"[11871, 81904, 9705, 79539, 84665, 75725, 30256, 99041, 15472, 64360]"
111328,"[25677, 24641, 24695, 95626, 105880, 77995, 79603, 36962, 7749, 53952]"
111329,"[74832, 9071, 81171, 28778, 47143, 94006, 40831, 1835, 53609, 16519]"
111330,"[93595, 28696, 59071, 106645, 58326, 100640, 31573, 18997, 3249, 51968]"
111331,"[101486, 85457, 47487, 66768, 23649, 76342, 69372, 19717, 42110, 62820]"
111332,"[87359, 96199, 99469, 78983, 90336, 107092, 85441, 79085, 80582, 108475]"
111333,"[67311, 87897, 89179, 74663, 96823, 52931, 28500, 49909, 70941, 40857]"
111334,"[102907, 94631, 81289, 66790, 69212, 30618, 35568, 45032, 93198, 39208]"
111335,"[15922, 7213, 71565, 106182, 78344, 25120, 91454, 81640, 102513, 91162]"
111336,"[52187, 107742, 63422, 23340, 326, 47222, 18632, 105676, 19247, 15029]"
111337,"[61914, 28369, 37214, 36943, 82811, 61818, 10701, 14018, 32724, 44760]"
111338,"[21057, 52473, 50883, 109434, 68801, 88775, 83514, 36758, 52318, 12677]"
111339,"[67522, 89558, 13981, 77585, 27174, 54847, 18462, 87009, 29549, 104641]"
111340,"[77417, 14457, 104314, 22616, 92154, 66118, 62736, 104261, 89972, 71229]"
111341,"[93507, 10817, 13541, 17669, 68723, 8355, 29736, 82371, 54320, 88796]"
111342,"[59776, 956, 107919, 50480, 103357, 75216, 21221, 35885, 108405, 85039]"
111343,"[45765, 106346, 102185, 31274, 85747, 59115, 46958, 10477, 5729, 100453]"
111344,"[34695, 21068, 70246, 12816, 1195, 73584, 101602, 12049, 68316, 4624]"
111345,"[104348, 73414, 12809, 16991, 71345, 42274, 62422, 12431, 155, 34919]"
111346,"[10674, 72406, 24593, 2209, 97185, 103076, 12876, 6648, 106043, 18786]"
111347,"[77716, 83238, 779, 102801, 85589, 50548, 106935, 15396, 60708, 97794]"
111348,"[65884, 88181, 87642, 20658, 45305, 7695, 90349, 107308, 18649, 65867]"
111349,"[94466, 24251, 64702, 9623, 98587, 96254, 20208, 85087, 50592, 78877]"
111350,"[3297, 42175, 12636, 32364, 63764, 106821, 29837, 47310, 102743, 98747]"
111351,"[52230, 94900, 35695, 23064, 11387, 78837, 48328, 34740, 81018, 72389]"
111352,"[24474, 73044, 54782, 59210, 37031, 2317, 88722, 14523, 92677, 22976]"
111353,"[5898, 7167, 23169, 51134, 101106, 86767, 20139, 65899, 25541, 28102]"
111354,"[62587, 70607, 7631, 50426, 99793, 46960, 44396, 33769, 33280, 34617]"
111355,"[66748, 33423, 41877, 66860, 39003, 64501, 103741, 30280, 72980, 46074]"
111356,"[69259, 13962, 10791, 42488, 28629, 33058, 104985, 3824, 47539, 97364]"
111357,"[90718, 51932, 46109, 48666, 15595, 82399, 9131, 71900, 6649, 18598]"
111358,"[97916, 31542, 28431, 106379, 39721, 1473, 45314, 44657, 20816, 82964]"
111359,"[108368, 91899, 91006, 60553, 108813, 107440, 21520, 101363, 39584, 8132]"
111360,"[63936, 107496, 89053, 101841, 66340, 77689, 44049, 60601, 82179, 12060]"
111361,"[86300, 90356, 98555, 30918, 27278, 106595, 85608, 67998, 37630, 68255]"
111362,"[80048, 57205, 13136, 93798, 30107, 96212, 48428, 15732, 32460, 84134]"
111363,"[59506, 42555, 33092, 77439, 4765, 52163, 102948, 18442, 52660, 71732]"
111364,"[25582, 60294, 84554, 20343, 68207, 66677, 109735, 29122, 24118, 88205]"
111365,"[105926, 44579, 52101, 11387, 37641, 94900, 85852, 1082, 35695, 23064]"
111366,"[23295, 71873, 5272, 24670, 4945, 94563, 14855, 80951, 86539, 59561]"
111367,"[67644, 56473, 6862, 13823, 19262, 84707, 6510, 54562, 104377, 22092]"
111368,"[52426, 6490, 33831, 24552, 36047, 12388, 12493, 24487, 44185, 3466]"
111369,"[81926, 90112, 1419, 17267, 57168, 1494, 98411, 9093, 65779, 26649]"
111370,"[8735, 90523, 48240, 81634, 82218, 61268, 70771, 55072, 43502, 34277]"
111371,"[78691, 16773, 97855, 41623, 5680, 17472, 46435, 71475, 94429, 34346]"
111372,"[72037, 59437, 37624, 47800, 97780, 76535, 67477, 32156, 76439, 40369]"
111373,"[95964, 73380, 101844, 3583, 1426, 82569, 107660, 40334, 63801, 46957]"
111374,"[41077, 84255, 103330, 105906, 56274, 61762, 81971, 52244, 50167, 77643]"
111375,"[7355, 93093, 53498, 102084, 60498, 105462, 78513, 1069, 13903, 6695]"
111376,"[10834, 25529, 57499, 107100, 52707, 4510, 65993, 56317, 105253, 98503]"
111377,"[99611, 56403, 2998, 105144, 80454, 105106, 40859, 53605, 33492, 88139]"
111378,"[73485, 84655, 84480, 94101, 12862, 51475, 88725, 5083, 47571, 75294]"
111379,"[104070, 57615, 89079, 91124, 86682, 76356, 65306, 31857, 95928, 27536]"
111380,"[7393, 77987, 21055, 59052, 19701, 98586, 79823, 52638, 44448, 82503]"
111381,"[7547, 29043, 18772, 65877, 40867, 3282, 103904, 13579, 78688, 65206]"
111382,"[38673, 38794, 103469, 137, 37559, 106457, 66133, 99943, 8691, 105103]"
111383,"[78155, 25118, 42881, 17820, 21278, 67352, 41734, 38694, 43020, 69108]"
111384,"[293, 83282, 90012, 77228, 65280, 74428, 80290, 90130, 77104, 33800]"
111385,"[3043, 39098, 41048, 12023, 29296, 29273, 103842, 92727, 105769, 93945]"
111386,"[88429, 4886, 47507, 109022, 94953, 75441, 37691, 36275, 8858, 79847]"
111387,"[67933, 87916, 11517, 29928, 21015, 75464, 58050, 9538, 76425, 69571]"
111388,"[88240, 55594, 94099, 69484, 23728, 109299, 5426, 42832, 101352, 80287]"
111389,"[9068, 92793, 72040, 22505, 97737, 16503, 71570, 16001, 47480, 106930]"
111390,"[20763, 68313, 17659, 95743, 66382, 45193, 14524, 42031, 27418, 38346]"
111391,"[85303, 107637, 95043, 77498, 108088, 46984, 50996, 38176, 57551, 98943]"
111392,"[6859, 6371, 49776, 15319, 4615, 71112, 73964, 108090, 107937, 31911]"
111393,"[11652, 23641, 49415, 40614, 70935, 1899, 57787, 67107, 32559, 57896]"
111394,"[41647, 57996, 18181, 7359, 105851, 65422, 105312, 82561, 61368, 41427]"
111395,"[32178, 9226, 85792, 20471, 9287, 79834, 40999, 49593, 35961, 77255]"
111396,"[665, 18938, 35645, 67378, 106961, 1804, 20899, 38097, 31050, 66121]"
111397,"[2192, 56241, 47979, 42660, 43384, 66441, 69272, 35465, 46053, 106855]"
111398,"[79607, 28570, 17038, 31959, 106493, 63749, 106519, 17027, 89740, 99367]"
111399,"[42586, 21535, 100438, 894, 52300, 22061, 77389, 103214, 101673, 97758]"
111400,"[15239, 106438, 42152, 8477, 24265, 21209, 25473, 78019, 95687, 61432]"
111401,"[80428, 104409, 55315, 12511, 105203, 19127, 49513, 35196, 48729, 7574]"
111402,"[52029, 82722, 62546, 57021, 46281, 65319, 27628, 34161, 36567, 93198]"
111403,"[93600, 38933, 3255, 13659, 84506, 28254, 456, 71400, 96300, 23366]"
111404,"[105923, 21230, 88701, 79446, 78107, 27464, 11365, 68566, 71404, 51906]"
111405,"[71064, 89447, 97010, 59237, 69126, 87982, 72817, 9901, 91677, 36248]"
111406,"[77139, 95562, 71862, 14414, 23841, 100870, 4791, 97488, 13933, 41323]"
111407,"[16299, 33637, 34525, 36936, 5550, 8347, 63977, 48127, 99506, 39881]"
111408,"[34515, 50991, 49867, 99865, 88055, 20272, 22847, 4673, 89394, 95564]"
111409,"[6865, 17411, 74880, 34080, 40943, 13556, 81748, 28597, 20504, 105604]"
111410,"[89523, 68668, 48534, 36674, 27322, 44914, 103381, 25706, 88997, 75021]"
111411,"[4841, 4116, 35957, 72610, 34851, 83763, 107238, 51796, 65977, 6664]"
111412,"[21194, 59535, 30046, 77028, 87518, 78465, 36960, 26714, 71150, 80628]"
111413,"[33883, 78056, 19906, 25927, 28282, 50612, 57956, 24116, 99027, 38693]"
111414,"[78814, 1737, 63290, 36228, 103787, 65240, 21486, 25065, 21482, 58033]"
111415,"[68664, 74614, 12790, 106607, 29834, 45454, 13914, 35508, 37244, 92019]"
111416,"[26157, 31181, 64088, 31823, 29932, 69108, 25118, 28882, 81051, 16820]"
111417,"[29516, 428, 71164, 51877, 8721, 9682, 105968, 2051, 29605, 22458]"
111418,"[25752, 31658, 103207, 10501, 63793, 93257, 27818, 66830, 113, 38025]"
111419,"[83811, 101562, 2808, 46256, 107482, 8500, 39646, 100630, 49903, 69533]"
111420,"[84106, 11523, 59269, 92820, 77369, 69377, 109627, 14845, 53596, 58142]"
111421,"[68662, 4553, 28913, 30363, 59901, 8009, 47219, 18739, 24490, 46436]"
111422,"[24957, 65886, 86337, 68232, 42332, 57033, 96750, 27760, 54462, 89715]"
111423,"[83338, 63445, 38950, 49369, 78682, 84638, 7551, 39752, 99424, 659]"
111424,"[109739, 72272, 79203, 72466, 51024, 107332, 12467, 10459, 56752, 107903]"
111425,"[41719, 42117, 42576, 85767, 32399, 97000, 24653, 92190, 84977, 59556]"
111426,"[11071, 10673, 10843, 78831, 102822, 101467, 89021, 103507, 21993, 5296]"
111427,"[22610, 33466, 8111, 19016, 99973, 14006, 73437, 36278, 102132, 68955]"
111428,"[6566, 54050, 54821, 31490, 64881, 90777, 12930, 39605, 108195, 56229]"
111429,"[36810, 80861, 35374, 47135, 58374, 79060, 52535, 81056, 69797, 75052]"
111430,"[96135, 90774, 25792, 18400, 63623, 45834, 98654, 73536, 75616, 25694]"
111431,"[26007, 22952, 11752, 59165, 82059, 35899, 3782, 21149, 98430, 40764]"
111432,"[47617, 23532, 75429, 57729, 383, 45073, 76489, 101328, 49452, 29553]"
111433,"[33850, 79093, 34042, 107726, 56095, 97364, 13962, 106948, 96588, 107577]"
111434,"[3044, 90634, 81829, 87876, 60035, 98740, 74845, 24821, 83661, 107511]"
111435,"[77765, 68766, 12551, 43680, 59834, 86375, 48094, 99344, 70962, 85648]"
111436,"[93420, 69726, 97467, 88860, 16896, 89936, 101523, 40663, 43130, 37743]"
111437,"[35350, 6139, 84534, 97804, 52105, 29020, 22750, 81970, 36647, 58492]"
111438,"[4713, 38718, 53851, 42684, 50355, 107658, 13535, 95749, 91783, 43084]"
111439,"[67555, 9693, 40830, 40316, 1874, 72073, 28567, 105589, 58733, 80203]"
111440,"[49033, 4638, 71991, 38080, 3963, 92719, 42566, 72331, 77962, 48131]"
111441,"[38450, 14396, 77029, 34806, 16376, 42368, 106848, 87767, 25986, 2461]"
111442,"[6124, 50823, 97642, 5506, 56908, 72384, 55195, 32822, 70938, 45663]"
111443,"[6356, 30832, 47075, 102405, 9214, 97188, 28056, 25595, 108212, 20690]"
111444,"[69042, 78188, 14618, 28983, 81638, 50647, 28833, 11384, 72781, 61851]"
111445,"[81056, 69797, 52535, 83793, 75052, 46501, 31672, 107141, 4948, 807]"
111446,"[45653, 53203, 106826, 69890, 3618, 82172, 41448, 88179, 10629, 107119]"
111447,"[52904, 5626, 43837, 107248, 58401, 19056, 82087, 88077, 11059, 75156]"
111448,"[68332, 54039, 26951, 32207, 101666, 1250, 41897, 47597, 54447, 25742]"
111449,"[42039, 41963, 71546, 25103, 26391, 66112, 49724, 25659, 1154, 58384]"
111450,"[1523, 66333, 11286, 29828, 59083, 89707, 8525, 86042, 71091, 82960]"
111451,"[69464, 86404, 12574, 99120, 39429, 105168, 21058, 54316, 75084, 35457]"
111452,"[55535, 54302, 73144, 107568, 82284, 86437, 22353, 92213, 16539, 62608]"
111453,"[33619, 75685, 74395, 107499, 64332, 106690, 41191, 109742, 75508, 89747]"
111454,"[93824, 33028, 30842, 91284, 22185, 14702, 65875, 95329, 23835, 31322]"
111455,"[4665, 91687, 11864, 39681, 14021, 102726, 88136, 3742, 26300, 56660]"
111456,"[102815, 52611, 52807, 9589, 8737, 59966, 3310, 106166, 43355, 71911]"
111457,"[104337, 71765, 34329, 107495, 55026, 68862, 36130, 98362, 50911, 26367]"
111458,"[83229, 105556, 24692, 33930, 78355, 95478, 47456, 3627, 48707, 59577]"
111459,"[36751, 15997, 86138, 96872, 21680, 33919, 107258, 51833, 16544, 70177]"
111460,"[71847, 41982, 40840, 57797, 30994, 35315, 69438, 23261, 75610, 16662]"
111461,"[34451, 84961, 61529, 87620, 98310, 70375, 12493, 6490, 83958, 98510]"
111462,"[12456, 91501, 70110, 15113, 67854, 58781, 41733, 59161, 41673, 105174]"
111463,"[39253, 57456, 100365, 70173, 54637, 58041, 56127, 6983, 91934, 76066]"
111464,"[98480, 71014, 63743, 2816, 4233, 99187, 82901, 15666, 101968, 82523]"
111465,"[8296, 49199, 109101, 100896, 49215, 74779, 107456, 101488, 94124, 21160]"
111466,"[58955, 79680, 77657, 54499, 63503, 54182, 50380, 81084, 76869, 84892]"
111467,"[71850, 18194, 6093, 64644, 86318, 59330, 43090, 106913, 72496, 50038]"
111468,"[97372, 56257, 99874, 97500, 105131, 109747, 49725, 63929, 40876, 22513]"
111469,"[49091, 46817, 63456, 107340, 106262, 77120, 63381, 95628, 7417, 20169]"
111470,"[64910, 87930, 55941, 31790, 95233, 109123, 90250, 51078, 21222, 74667]"
111471,"[105671, 16536, 62506, 21305, 44757, 25390, 100497, 2472, 97535, 17960]"
111472,"[79223, 13673, 39757, 23462, 14469, 40063, 72200, 74313, 75051, 13259]"
111473,"[83692, 34431, 96938, 39324, 67268, 37560, 54304, 62264, 76059, 1373]"
111474,"[48182, 27625, 73245, 87116, 95070, 21698, 84954, 69608, 100656, 30916]"
111475,"[62350, 51838, 99753, 99483, 19690, 17205, 10993, 17904, 61399, 79688]"
111476,"[56601, 90316, 25709, 40738, 6973, 86079, 107980, 4937, 78625, 93549]"
111477,"[62832, 29190, 70297, 95165, 47228, 61695, 1881, 38968, 42810, 93357]"
111478,"[61233, 59846, 70559, 103703, 106381, 76529, 61962, 103535, 36570, 93886]"
111479,"[30275, 1303, 9449, 62333, 7767, 15862, 9101, 11314, 33040, 85053]"
111480,"[9914, 26254, 63703, 104145, 20493, 61254, 80867, 80302, 18184, 73966]"
111481,"[5038, 61716, 36525, 17168, 82804, 75281, 75014, 75109, 62934, 17373]"
111482,"[5332, 82698, 22294, 90425, 105811, 60091, 56032, 77928, 82496, 25348]"
111483,"[61940, 18817, 81183, 13453, 102387, 99533, 98377, 31592, 47116, 27996]"
111484,"[101952, 32699, 10807, 45322, 67634, 56753, 31851, 59128, 61380, 1748]"
111485,"[30621, 4266, 32551, 64899, 65613, 53085, 64977, 19931, 12782, 40249]"
111486,"[100100, 35898, 106115, 51140, 18820, 25598, 80462, 44578, 68475, 101342]"
111487,"[30736, 22630, 62022, 12879, 72140, 42135, 106146, 86951, 14879, 28433]"
111488,"[101825, 38898, 35771, 27172, 34078, 62853, 100665, 89919, 36815, 106779]"
111489,"[87371, 7846, 8974, 44536, 18839, 16809, 41537, 96957, 40874, 75899]"
111490,"[17094, 63463, 85778, 90415, 104530, 9585, 99836, 57262, 37928, 37548]"
111491,"[68675, 88759, 9010, 41544, 34207, 79608, 65672, 94509, 24770, 38532]"
111492,"[89434, 109545, 15441, 95353, 102682, 23272, 23089, 70314, 107436, 44572]"
111493,"[67890, 27912, 36546, 84619, 30156, 52046, 36416, 25551, 108920, 34909]"
111494,"[82922, 40475, 5294, 10989, 74671, 99641, 80138, 64700, 6270, 64197]"
111495,"[16343, 30324, 7650, 54208, 42953, 75842, 65343, 96216, 72630, 49226]"
111496,"[90345, 56540, 38747, 51243, 40793, 63928, 88041, 24952, 86703, 86575]"
111497,"[2497, 53800, 70868, 98939, 49379, 49891, 52211, 68306, 49459, 46657]"
111498,"[83733, 98391, 47979, 2678, 5033, 56604, 33327, 106855, 50005, 27910]"
111499,"[73856, 9969, 76930, 7969, 39401, 59584, 75794, 23689, 74272, 59212]"
111500,"[108771, 101899, 62053, 35623, 36858, 44615, 84386, 5786, 25504, 94585]"
111501,"[79083, 84850, 26158, 103751, 11721, 62518, 108928, 85018, 25174, 71236]"
111502,"[97738, 42241, 56402, 91838, 28174, 35000, 98189, 73206, 51653, 58701]"
111503,"[72412, 66365, 37507, 74990, 32962, 81078, 7557, 85518, 85966, 33301]"
111504,"[24942, 29896, 1953, 96888, 99197, 100081, 95455, 24512, 51982, 28346]"
111505,"[83130, 93652, 25010, 44885, 51550, 95787, 26316, 79998, 71777, 23191]"
111506,"[103804, 85821, 77330, 74274, 92095, 5656, 72974, 88257, 106477, 23122]"
111507,"[103519, 33943, 93994, 48580, 39480, 10902, 74018, 49783, 5735, 100829]"
111508,"[52781, 16517, 32511, 17028, 94969, 63776, 61776, 96458, 106492, 18333]"
111509,"[94955, 10349, 18704, 42912, 96461, 67411, 9078, 106928, 105213, 30297]"
111510,"[38878, 91222, 81186, 40808, 89404, 45013, 18046, 52909, 65431, 89099]"
111511,"[93491, 98790, 5611, 27947, 93603, 37185, 107056, 73520, 64960, 16807]"
111512,"[46187, 46729, 69295, 26485, 52328, 10053, 72718, 21592, 45211, 53831]"
111513,"[91249, 61501, 104188, 87995, 91131, 47997, 52902, 5868, 43940, 82517]"
111514,"[59075, 21244, 32944, 62568, 70853, 73661, 19009, 70042, 59177, 109392]"
111515,"[85013, 18076, 45608, 36891, 57307, 20676, 106839, 104072, 70464, 98085]"
111516,"[95002, 34396, 81349, 62900, 24135, 45288, 66539, 43708, 34502, 91775]"
111517,"[46109, 99620, 61707, 26922, 15595, 51932, 82399, 27458, 90718, 88549]"
111518,"[18458, 17856, 66310, 68794, 106562, 91037, 96319, 74726, 64418, 12466]"
111519,"[70915, 95688, 74919, 11580, 80294, 42177, 52397, 38178, 98418, 60941]"
111520,"[66716, 21949, 100345, 21696, 29903, 21060, 57647, 104472, 10911, 6754]"
111521,"[36503, 56852, 54440, 59455, 52703, 38032, 13324, 17761, 22342, 72022]"
111522,"[2477, 19871, 83337, 9452, 79725, 82271, 6780, 84728, 71651, 26055]"
111523,"[17246, 77635, 90045, 8775, 50179, 38960, 38808, 26123, 20754, 37257]"
111524,"[103675, 2585, 51181, 76352, 20584, 3618, 84503, 89201, 73943, 17593]"
111525,"[83333, 27278, 60640, 107762, 38558, 96969, 106595, 64862, 98555, 62665]"
111526,"[35104, 51596, 88432, 102042, 46302, 44160, 15529, 2133, 18681, 93335]"
111527,"[49316, 3681, 99014, 7654, 3433, 8455, 60235, 37553, 7444, 85126]"
111528,"[82884, 100329, 86112, 28003, 105479, 54539, 90867, 46125, 30727, 106783]"
111529,"[79850, 79144, 103670, 86248, 38777, 70505, 56517, 41400, 88284, 85786]"
111530,"[56245, 54932, 58586, 89440, 89582, 55781, 18442, 63228, 13548, 104174]"
111531,"[50247, 97058, 83994, 104007, 54102, 60903, 27768, 89871, 1483, 76683]"
111532,"[13618, 15157, 50506, 14010, 101391, 26281, 24195, 97735, 25303, 107914]"
111533,"[75949, 40777, 29947, 29484, 10766, 104437, 43932, 96157, 74368, 51827]"
111534,"[77481, 97464, 53880, 12831, 76536, 88041, 22382, 87091, 86575, 102414]"
111535,"[65615, 81074, 61052, 93174, 15083, 16270, 4726, 63853, 25420, 89345]"
111536,"[37627, 85377, 33071, 32198, 48684, 54817, 96139, 62265, 64094, 14996]"
111537,"[80817, 89339, 1198, 67501, 45278, 77089, 3033, 22083, 72716, 25881]"
111538,"[45590, 34996, 14130, 45314, 82964, 42015, 37657, 100926, 12117, 77208]"
111539,"[18553, 103081, 28191, 77971, 35987, 12080, 23794, 51174, 67860, 99566]"
111540,"[57755, 101480, 64050, 25513, 70623, 68073, 88196, 50667, 45379, 55150]"
111541,"[3269, 98612, 81170, 30710, 60455, 79537, 71592, 92410, 13615, 63548]"
111542,"[42440, 96325, 81631, 42169, 49930, 102514, 68958, 26665, 81055, 56178]"
111543,"[36842, 103475, 34780, 100480, 8693, 59173, 98775, 73492, 78622, 24455]"
111544,"[57953, 105601, 20858, 57879, 70806, 58408, 74239, 2869, 97974, 78638]"
111545,"[86968, 23776, 44092, 38226, 48822, 48652, 101082, 24215, 9338, 40248]"
111546,"[79124, 79250, 73747, 4292, 95251, 5511, 54292, 4944, 21091, 11420]"
111547,"[109203, 3731, 10408, 89063, 25477, 95891, 78607, 50556, 78466, 70054]"
111548,"[88365, 25664, 20482, 102807, 77261, 11321, 11021, 65128, 34144, 8563]"
111549,"[93415, 40949, 70843, 43009, 4401, 74131, 4354, 80960, 22665, 54907]"
111550,"[16203, 17327, 53953, 31884, 41907, 109549, 42342, 32760, 62602, 97853]"
111551,"[45682, 57623, 84204, 84664, 21345, 7869, 56689, 75835, 47063, 32757]"
111552,"[95884, 76867, 28933, 5874, 74823, 14993, 53644, 75632, 60622, 61841]"
111553,"[85332, 19968, 76039, 54481, 82604, 91789, 14886, 97892, 50004, 78494]"
111554,"[1561, 11160, 95318, 44364, 87824, 41046, 61663, 105105, 64878, 81033]"
111555,"[88944, 75494, 80846, 33970, 30898, 27219, 51113, 88167, 18602, 48066]"
111556,"[52228, 26824, 3548, 95364, 79781, 28292, 99870, 59743, 90745, 1980]"
111557,"[19472, 58183, 66765, 109618, 99451, 101482, 39990, 70253, 49216, 57873]"
111558,"[68580, 62387, 74786, 55724, 84080, 91902, 86367, 36086, 44635, 74600]"
111559,"[7317, 77907, 36468, 89105, 87107, 57215, 107861, 61908, 79996, 66974]"
111560,"[10289, 93147, 57006, 28882, 89344, 61993, 16200, 37020, 16820, 28680]"
111561,"[60557, 83765, 37633, 105507, 11105, 8653, 93719, 35894, 99363, 19613]"
111562,"[15275, 24464, 66141, 100669, 3287, 94948, 93657, 108592, 70996, 825]"
111563,"[3170, 48713, 26919, 12009, 63834, 56975, 26400, 38821, 22074, 107867]"
111564,"[95169, 24843, 25956, 54244, 65937, 70754, 75057, 43769, 36385, 26267]"
111565,"[93327, 93203, 93532, 63390, 7100, 37820, 37293, 45402, 97874, 89285]"
111566,"[54183, 36292, 34419, 26903, 76810, 99817, 19162, 10562, 106902, 89486]"
111567,"[8647, 45366, 14068, 92393, 18290, 84581, 85973, 103987, 27042, 95531]"
111568,"[73157, 40078, 28766, 108585, 70871, 27315, 96976, 48833, 20926, 60540]"
111569,"[54211, 15111, 78510, 14804, 52379, 82331, 20258, 32970, 17959, 32065]"
111570,"[79702, 51241, 76419, 42813, 50897, 6456, 51393, 101218, 5093, 43111]"
111571,"[25844, 68314, 14039, 18856, 86706, 50722, 68085, 69873, 45009, 62245]"
111572,"[1079, 80251, 24312, 68165, 57566, 41572, 37226, 15198, 31818, 94603]"
111573,"[28775, 91337, 36274, 81544, 38923, 49291, 79556, 82928, 10279, 103561]"
111574,"[69482, 89293, 91172, 39167, 82227, 20049, 69179, 94002, 68137, 23921]"
111575,"[44356, 78768, 23138, 28824, 58620, 73031, 42715, 68323, 73224, 45884]"
111576,"[88832, 44063, 35756, 61973, 49471, 8071, 50702, 45998, 90141, 49758]"
111577,"[43851, 48053, 82623, 82885, 59486, 89307, 33670, 84906, 4209, 44395]"
111578,"[84224, 80105, 105645, 37929, 103832, 10802, 80077, 45278, 18395, 47449]"
111579,"[39645, 77942, 1867, 20009, 58319, 63489, 101755, 47322, 34590, 24868]"
111580,"[48508, 24333, 80041, 52507, 29330, 84269, 56610, 92806, 74890, 412]"
111581,"[86836, 18593, 53969, 88480, 101626, 87441, 58530, 43787, 102015, 61215]"
111582,"[73024, 97389, 38355, 27619, 98006, 55680, 44226, 107103, 9761, 70953]"
111583,"[53548, 65653, 11350, 94891, 45378, 90859, 14854, 78332, 59451, 99272]"
111584,"[97296, 85436, 92582, 84668, 13177, 7800, 107801, 19274, 34058, 62957]"
111585,"[72879, 90927, 35872, 83049, 65546, 740, 77058, 15136, 17507, 75059]"
111586,"[102198, 103850, 104703, 43037, 67234, 65787, 37565, 92711, 3194, 17067]"
111587,"[12388, 11496, 75853, 10119, 58831, 24725, 47931, 79353, 98352, 90969]"
111588,"[46144, 62783, 36874, 79409, 55576, 78148, 47010, 22626, 21721, 26358]"
111589,"[52560, 18814, 58664, 55142, 4702, 95977, 66594, 65631, 66461, 80095]"
111590,"[89981, 105438, 98143, 11927, 59184, 14437, 73803, 6088, 42514, 38542]"
111591,"[1902, 2168, 71865, 54489, 23106, 15187, 36868, 38740, 104027, 78560]"
111592,"[87806, 43327, 40173, 74792, 40340, 76272, 64678, 109704, 16209, 35721]"
111593,"[12292, 1340, 18758, 30536, 72448, 71973, 36016, 8198, 63758, 72249]"
111594,"[59025, 58289, 33234, 27465, 90334, 10480, 36033, 89402, 83788, 2121]"
111595,"[28983, 81080, 85276, 17857, 82180, 83224, 84607, 7965, 48554, 27108]"
111596,"[26318, 103869, 85093, 52733, 27470, 63604, 31413, 85722, 22970, 81297]"
111597,"[67422, 95694, 103917, 101394, 6226, 61716, 24766, 82718, 20704, 68660]"
111598,"[74432, 8366, 85233, 33765, 94129, 88495, 93558, 66327, 37487, 4760]"
111599,"[46312, 4053, 39633, 90931, 50534, 78601, 28582, 22944, 47492, 7663]"
111600,"[74551, 94962, 14144, 19933, 15897, 87802, 27800, 77644, 24709, 71329]"
111601,"[67008, 34001, 27239, 20810, 30329, 29067, 81254, 2957, 104613, 91212]"
111602,"[9850, 62362, 13712, 93842, 104757, 27470, 81337, 78593, 30836, 44161]"
111603,"[42202, 64637, 107915, 85999, 88723, 45348, 106767, 28543, 28229, 50676]"
111604,"[61771, 108718, 56073, 28614, 24836, 54497, 93848, 26110, 52312, 21128]"
111605,"[16802, 85067, 99170, 82364, 88939, 102977, 36828, 40476, 105388, 10915]"
111606,"[1071, 61847, 63197, 26392, 52817, 13116, 19573, 14562, 74860, 91214]"
111607,"[327, 79206, 92477, 23158, 69518, 53386, 48286, 88213, 9481, 51003]"
111608,"[5649, 70243, 40339, 59598, 96463, 54111, 55575, 84590, 9419, 72975]"
111609,"[45577, 86120, 101132, 99315, 94730, 12969, 15418, 48518, 66931, 89391]"
111610,"[38403, 14997, 36498, 28641, 600, 74623, 24508, 20381, 59236, 72404]"
111611,"[68453, 103812, 76873, 25621, 66185, 51737, 99840, 30906, 28946, 68892]"
111612,"[42562, 46572, 47713, 17824, 78790, 93307, 88219, 11466, 33823, 58637]"
111613,"[14593, 28020, 13773, 8742, 43310, 78988, 961, 32376, 93833, 26417]"
111614,"[1178, 45295, 11401, 18073, 80370, 17275, 72183, 71530, 69967, 64192]"
111615,"[17177, 76981, 91086, 84547, 70712, 38600, 18152, 103015, 84467, 31765]"
111616,"[83782, 27631, 101107, 13456, 7724, 16276, 58733, 69612, 9179, 75085]"
111617,"[70116, 29022, 94219, 9877, 39333, 30101, 50409, 95532, 66657, 43125]"
111618,"[59425, 434, 47747, 31590, 42743, 21587, 27591, 14976, 62472, 109143]"
111619,"[103651, 7503, 0, 68136, 58207, 52628, 62293, 96144, 41525, 99301]"
111620,"[101951, 45224, 1098, 8580, 99282, 47717, 13760, 89922, 52779, 48650]"
111621,"[15949, 99979, 19743, 11011, 38836, 42775, 27021, 71019, 8425, 86725]"
111622,"[96669, 87234, 41446, 60009, 41816, 103455, 106273, 14421, 17657, 51646]"
111623,"[65575, 14723, 94223, 86445, 95039, 107808, 31227, 92424, 12642, 106386]"
111624,"[72717, 49692, 79831, 105845, 57733, 13015, 72952, 97247, 16340, 87771]"
111625,"[9293, 39526, 19906, 33883, 42975, 48509, 58324, 31966, 60994, 28282]"
111626,"[54803, 6608, 11539, 5472, 49685, 62594, 96883, 30973, 51414, 53255]"
111627,"[1920, 42823, 98897, 32698, 50935, 7491, 98184, 2410, 75196, 14578]"
111628,"[71307, 3929, 93113, 46782, 61419, 16433, 63435, 48382, 66205, 46770]"
111629,"[19952, 3999, 77868, 17596, 25960, 66722, 21539, 93057, 27473, 69244]"
111630,"[62730, 58243, 95439, 37896, 73419, 5703, 89037, 29376, 20064, 5086]"
111631,"[3154, 55170, 38423, 34990, 11221, 1642, 47616, 75039, 17256, 29597]"
111632,"[8420, 55673, 14357, 12847, 79781, 100167, 59948, 70324, 3917, 73079]"
111633,"[23236, 16844, 65839, 80896, 7450, 77027, 349, 93381, 88896, 109191]"
111634,"[27661, 99661, 11744, 96738, 82771, 92976, 7729, 18159, 36686, 76570]"
111635,"[103382, 77763, 49234, 33691, 64836, 60657, 41190, 14443, 88582, 74805]"
111636,"[56936, 57133, 15509, 108627, 32555, 57861, 68026, 36392, 44980, 97944]"
111637,"[68350, 76110, 18125, 77634, 28660, 86571, 21286, 4007, 13137, 57826]"
111638,"[35319, 63333, 97128, 104052, 27861, 81519, 108241, 23913, 65918, 2095]"
111639,"[35687, 87174, 11441, 26126, 106256, 71581, 57095, 27760, 65886, 74045]"
111640,"[17211, 33849, 53577, 5022, 93633, 67186, 47894, 43368, 12991, 75436]"
111641,"[47543, 26300, 4665, 66331, 90194, 26321, 29655, 65856, 5168, 109597]"
111642,"[65126, 72146, 151, 93847, 27593, 70309, 94229, 52486, 45382, 12648]"
111643,"[58403, 60886, 85753, 107264, 76560, 34072, 92906, 30837, 96131, 26252]"
111644,"[64974, 92085, 57438, 16377, 43700, 61483, 82370, 29715, 12405, 12243]"
111645,"[34665, 16015, 5347, 39074, 48256, 86998, 36459, 19919, 31572, 87319]"
111646,"[74802, 55582, 63818, 48715, 80903, 72919, 1424, 64561, 101903, 20314]"
111647,"[17892, 11468, 56672, 35631, 37341, 103521, 84267, 59981, 65347, 39066]"
111648,"[24310, 103693, 27066, 70641, 15971, 109173, 68607, 45797, 65905, 66243]"
111649,"[85627, 94181, 55283, 95812, 105857, 26183, 24727, 93241, 22053, 4326]"
111650,"[12633, 13887, 99738, 101013, 30272, 57638, 15786, 25580, 51654, 27629]"
111651,"[78477, 59498, 10081, 14843, 13179, 7601, 77656, 8837, 11429, 7954]"
111652,"[104391, 81829, 5094, 74845, 83353, 29044, 29220, 34861, 14987, 106454]"
111653,"[77411, 81194, 52894, 85853, 50600, 81091, 108001, 62889, 78669, 32870]"
111654,"[79365, 101970, 28375, 90052, 68835, 93135, 55811, 16810, 11744, 11301]"
111655,"[107049, 49488, 32810, 23863, 59921, 27280, 56454, 42446, 71558, 98458]"
111656,"[58127, 100675, 867, 35129, 44907, 41132, 109553, 61123, 75962, 45001]"
111657,"[66394, 56052, 75433, 96532, 18038, 59260, 40886, 31418, 63396, 40593]"
111658,"[90436, 86142, 30210, 56847, 102476, 99214, 97596, 32036, 92951, 11026]"
111659,"[100232, 103875, 107508, 13094, 87907, 91637, 36699, 1644, 100313, 86476]"
111660,"[57751, 7850, 41512, 15019, 28757, 93313, 9213, 13708, 64172, 47249]"
111661,"[91761, 54177, 87337, 22154, 90048, 26987, 94624, 76842, 78114, 83801]"
111662,"[31958, 14537, 62767, 77753, 39334, 50964, 74860, 103262, 19175, 37840]"
111663,"[8093, 64591, 16652, 57375, 38100, 15675, 75984, 101829, 61459, 96143]"
111664,"[23189, 42546, 82078, 46038, 1740, 10745, 108283, 35617, 85441, 64041]"
111665,"[100906, 50656, 78733, 77053, 6229, 70984, 75473, 18121, 28421, 516]"
111666,"[78906, 66778, 108274, 103867, 49126, 22422, 61423, 108767, 60075, 47446]"
111667,"[42873, 35899, 9201, 17198, 45992, 10200, 95191, 52479, 37079, 96870]"
111668,"[49669, 81541, 11685, 10549, 22803, 6212, 44947, 29363, 42630, 79435]"
111669,"[88902, 83061, 81037, 107756, 33356, 85589, 30654, 106787, 33283, 103389]"
111670,"[73015, 69957, 28859, 55655, 40641, 19905, 24851, 29566, 27239, 62082]"
111671,"[87483, 41086, 19161, 92884, 107507, 91160, 66825, 15651, 64344, 104672]"
111672,"[45728, 34570, 74103, 82729, 5973, 66701, 107498, 24655, 80747, 3252]"
111673,"[74507, 30923, 1823, 98602, 93667, 100970, 100679, 77318, 15298, 14806]"
111674,"[74654, 46520, 69146, 88694, 49803, 76225, 55362, 65199, 2932, 12850]"
111675,"[43254, 77972, 85281, 87871, 98279, 71958, 49976, 61967, 17233, 95398]"
111676,"[81132, 45206, 84589, 51496, 6317, 68230, 62649, 26022, 66168, 89999]"
111677,"[19657, 89399, 72360, 21435, 90749, 94699, 21719, 88224, 83405, 109406]"
111678,"[101430, 15660, 57854, 56650, 40753, 50367, 83621, 81720, 104387, 98499]"
111679,"[28485, 45639, 67521, 68743, 38337, 27965, 55128, 38822, 26045, 108860]"
111680,"[90216, 54026, 45349, 62379, 57496, 81824, 68125, 23616, 15000, 36723]"
111681,"[63753, 13141, 49192, 47954, 53336, 44742, 73614, 78236, 1415, 4841]"
111682,"[29473, 72493, 34294, 65970, 65411, 25540, 101721, 50690, 103311, 49971]"
111683,"[21842, 53057, 36887, 76582, 84016, 11969, 40123, 107309, 53468, 48309]"
111684,"[21790, 7557, 45920, 2061, 23375, 33881, 58293, 18496, 30409, 33052]"
111685,"[74476, 106996, 81094, 2797, 80334, 45827, 68077, 109044, 71034, 69872]"
111686,"[128, 91758, 94155, 13874, 53244, 85994, 66829, 77839, 78113, 23541]"
111687,"[81064, 47245, 43737, 19468, 71749, 45085, 39085, 48689, 68170, 49106]"
111688,"[56502, 25539, 22799, 20048, 70385, 82613, 84761, 22541, 75600, 71571]"
111689,"[63454, 47251, 8832, 37182, 11355, 84647, 93073, 2726, 59949, 91881]"
111690,"[53150, 72184, 107767, 18199, 6949, 57156, 91189, 93828, 74892, 92913]"
111691,"[38237, 8322, 38150, 34676, 36974, 83050, 97747, 18836, 6790, 105617]"
111692,"[16340, 62049, 52237, 29984, 58338, 41095, 22657, 71809, 24000, 25449]"
111693,"[3275, 67586, 1197, 18754, 24515, 98059, 76060, 18718, 79315, 48776]"
111694,"[99477, 33426, 25060, 56177, 80287, 11090, 55429, 83679, 9629, 28668]"
111695,"[3606, 15683, 107547, 104467, 49129, 38988, 6287, 98742, 10468, 51676]"
111696,"[14795, 85026, 145, 70170, 8601, 88887, 11854, 39002, 50382, 53332]"
111697,"[70763, 40093, 36031, 21282, 103624, 100792, 32509, 70364, 97603, 56139]"
111698,"[81052, 53882, 95857, 48444, 49463, 108355, 6986, 38183, 21973, 22557]"
111699,"[59987, 102800, 80634, 30940, 49954, 41781, 11560, 85716, 69477, 85213]"
111700,"[38878, 40808, 89404, 91222, 81186, 37202, 4976, 62183, 52534, 18046]"
111701,"[10606, 60844, 21804, 100266, 53211, 22710, 103128, 48393, 62208, 18198]"
111702,"[104616, 58366, 73003, 24937, 33825, 1697, 32657, 49425, 62023, 88301]"
111703,"[61336, 24840, 27373, 14753, 31708, 23773, 99383, 12226, 8058, 5819]"
111704,"[5044, 59723, 99234, 82926, 88207, 51872, 78690, 107509, 102375, 63993]"
111705,"[99082, 95269, 30576, 79369, 46431, 3614, 28339, 41642, 43444, 44162]"
111706,"[82739, 106689, 97078, 51552, 1176, 98131, 108984, 83359, 56586, 2247]"
111707,"[63169, 47185, 103395, 60885, 70035, 104374, 15963, 26305, 71568, 12124]"
111708,"[98570, 54301, 78880, 18960, 79037, 56185, 25711, 80292, 58129, 13135]"
111709,"[100167, 55471, 81455, 58804, 77404, 18024, 59948, 107804, 74026, 1736]"
111710,"[13784, 62232, 86278, 39932, 56621, 40138, 23563, 74742, 70750, 26954]"
111711,"[83855, 55589, 68890, 30266, 4105, 93907, 91125, 14369, 45224, 89922]"
111712,"[33128, 83037, 106660, 12018, 54000, 108790, 70178, 41656, 88098, 88335]"
111713,"[10560, 31105, 100210, 107156, 68967, 1906, 88746, 54940, 22511, 41314]"
111714,"[67485, 51625, 28162, 9938, 75487, 19199, 94311, 48161, 67305, 3171]"
111715,"[87382, 2205, 70285, 87472, 3547, 29279, 57265, 105844, 74472, 93176]"
111716,"[36420, 22835, 24282, 43986, 588, 9909, 46634, 97341, 48529, 60466]"
111717,"[19184, 8613, 92150, 12644, 8440, 28615, 56565, 58589, 70796, 27336]"
111718,"[44128, 109184, 58641, 108851, 72741, 58582, 91828, 77002, 74773, 73428]"
111719,"[89133, 77313, 52198, 108918, 11944, 85502, 42517, 24265, 106438, 61432]"
111720,"[54923, 53743, 81519, 4111, 2872, 17558, 31543, 40116, 3845, 105607]"
111721,"[75574, 48316, 55643, 80451, 65957, 3273, 96775, 12572, 63061, 84250]"
111722,"[103840, 23946, 64653, 19086, 19196, 104565, 45286, 25803, 13790, 65101]"
111723,"[91165, 27932, 55658, 82340, 68336, 44311, 12, 100354, 39620, 36009]"
111724,"[3919, 45333, 84313, 108471, 106683, 26721, 102807, 90403, 2080, 64494]"
111725,"[26460, 105810, 53207, 87893, 107215, 82193, 15347, 92671, 13058, 34756]"
111726,"[38922, 2064, 19876, 83092, 19860, 81805, 33870, 59841, 60125, 25137]"
111727,"[63910, 3887, 89948, 47227, 29159, 101314, 62899, 12977, 101618, 43256]"
111728,"[57675, 52597, 5698, 70684, 8412, 105365, 4884, 2002, 33481, 90611]"
111729,"[79979, 53353, 42135, 106146, 29269, 26814, 33810, 74349, 101810, 75330]"
111730,"[50941, 29557, 102746, 74652, 25443, 55801, 48008, 45970, 90472, 76656]"
111731,"[49833, 95719, 87812, 7223, 12061, 54091, 87190, 80175, 81414, 89872]"
111732,"[28475, 10381, 806, 54593, 66851, 39370, 34465, 19209, 82968, 47881]"
111733,"[80187, 75215, 30367, 57219, 83897, 63902, 109168, 104505, 97348, 37207]"
111734,"[96513, 9241, 107262, 61331, 43048, 43069, 34177, 30946, 11590, 25436]"
111735,"[109501, 40239, 46183, 9836, 32317, 70093, 23841, 51635, 35743, 100643]"
111736,"[86371, 10747, 53577, 556, 17386, 10577, 68786, 23905, 25039, 54831]"
111737,"[35898, 100100, 65259, 83474, 18820, 80462, 68475, 44578, 48260, 98121]"
111738,"[50973, 67497, 66290, 12369, 59517, 19252, 78074, 56195, 20616, 28701]"
111739,"[19981, 47499, 3178, 12401, 10440, 74123, 62653, 62568, 15754, 76420]"
111740,"[25373, 4161, 19960, 34510, 27280, 82340, 9278, 12757, 80820, 71540]"
111741,"[38112, 33131, 86151, 33217, 53876, 51786, 39905, 15923, 62515, 66300]"
111742,"[27840, 69210, 86912, 45194, 31327, 47059, 71669, 109734, 10819, 71963]"
111743,"[91553, 107673, 64215, 82694, 4836, 80756, 50508, 37686, 96865, 47340]"
111744,"[49859, 2386, 35000, 33546, 83045, 74167, 81964, 93396, 59375, 1277]"
111745,"[21043, 34916, 14300, 1989, 60561, 7713, 101341, 50159, 27976, 87439]"
111746,"[95896, 51821, 98627, 21576, 11057, 37271, 71199, 38146, 10016, 94048]"
111747,"[103568, 41837, 42907, 103193, 29630, 58170, 64321, 36729, 49184, 35715]"
111748,"[64000, 54566, 85894, 49626, 24469, 15137, 29873, 36732, 28072, 66381]"
111749,"[52879, 68548, 93817, 47260, 63838, 71423, 80096, 20137, 32618, 59505]"
111750,"[79015, 76199, 104447, 89448, 16892, 49798, 61507, 94766, 41842, 71604]"
111751,"[64966, 16022, 7975, 33114, 38495, 15439, 6477, 59772, 77235, 81834]"
111752,"[6414, 51068, 32764, 25594, 6761, 58125, 35105, 76849, 27339, 2200]"
111753,"[14229, 55391, 108313, 44086, 106954, 7476, 6106, 108144, 24483, 38194]"
111754,"[65230, 82268, 98845, 1319, 22382, 55220, 87091, 39136, 50007, 106623]"
111755,"[107717, 81628, 5927, 22584, 3346, 72579, 32433, 30200, 64538, 77328]"
111756,"[94652, 61605, 26564, 48281, 3875, 13756, 39904, 6338, 33436, 82994]"
111757,"[18924, 6563, 29517, 2049, 105258, 1107, 58872, 28588, 22531, 74793]"
111758,"[7835, 9789, 35450, 35470, 26916, 103470, 39182, 39977, 76058, 80791]"
111759,"[20112, 80411, 39035, 7513, 64856, 32952, 67776, 79370, 3500, 19020]"
111760,"[52790, 9820, 77559, 87648, 12624, 37384, 65569, 690, 97938, 32189]"
111761,"[83755, 701, 104326, 7033, 73489, 27119, 29077, 61705, 5672, 60168]"
111762,"[105328, 25288, 22930, 32395, 61232, 18810, 63964, 82689, 37434, 6940]"
111763,"[51608, 15957, 52803, 102054, 85743, 27977, 78340, 33361, 21930, 82583]"
111764,"[43674, 54304, 57410, 67268, 69591, 57945, 60189, 49268, 31406, 93835]"
111765,"[51137, 79949, 90186, 66079, 23047, 13968, 21078, 68582, 8702, 53210]"
111766,"[70671, 97133, 25824, 22377, 105246, 53676, 77139, 82862, 60669, 105856]"
111767,"[67971, 2179, 53049, 66169, 72507, 93384, 40792, 16811, 74473, 19623]"
111768,"[5194, 37781, 52595, 95893, 100397, 53540, 69741, 22146, 101826, 83071]"
111769,"[6660, 15249, 56144, 9860, 61548, 28858, 3946, 68897, 109314, 96224]"
111770,"[108221, 88541, 38994, 82272, 68750, 101944, 41852, 29933, 2531, 67873]"
111771,"[6817, 82608, 48781, 6548, 57822, 14248, 63397, 13701, 74554, 52043]"
111772,"[74050, 36855, 59109, 23713, 40902, 31941, 35362, 47403, 9207, 43300]"
111773,"[90777, 94496, 96025, 85774, 73760, 53404, 5894, 60778, 38945, 5043]"
111774,"[74897, 94776, 62242, 27798, 13150, 19226, 53391, 89594, 19773, 93204]"
111775,"[88873, 13738, 92113, 47071, 109114, 34643, 68476, 80913, 65336, 5466]"
111776,"[66972, 9140, 71948, 106727, 14121, 49545, 60640, 18393, 63718, 78987]"
111777,"[58868, 92098, 68849, 73379, 60059, 20637, 102164, 27633, 37360, 40330]"
111778,"[61009, 71561, 41399, 11118, 13730, 109057, 6895, 92033, 83047, 31133]"
111779,"[107000, 93894, 36416, 25551, 44759, 63452, 64858, 59249, 29216, 64785]"
111780,"[63675, 37204, 100706, 13200, 32344, 29883, 63961, 49587, 45568, 18561]"
111781,"[61283, 59445, 12090, 17006, 101219, 101798, 10435, 436, 72989, 3552]"
111782,"[33366, 28838, 76298, 12887, 52780, 91261, 61005, 77675, 59911, 62847]"
111783,"[93075, 31306, 3362, 72667, 104352, 22007, 11660, 28301, 4663, 61819]"
111784,"[27406, 36304, 53988, 2602, 30912, 70400, 19147, 84082, 71738, 53034]"
111785,"[80015, 48224, 68852, 56500, 33786, 44816, 67408, 97199, 55856, 45605]"
111786,"[98452, 10052, 75270, 54926, 38224, 89757, 5658, 14881, 54868, 102613]"
111787,"[13898, 104882, 27205, 22853, 53805, 17966, 36737, 89093, 92599, 73014]"
111788,"[58869, 65104, 44877, 88032, 18730, 27732, 74575, 57616, 31568, 23730]"
111789,"[28104, 37127, 104996, 56385, 95715, 9590, 50359, 99983, 103991, 90973]"
111790,"[50479, 30799, 62864, 94712, 24782, 102664, 63142, 102074, 50212, 39611]"
111791,"[90985, 103437, 35634, 47535, 21227, 75370, 34010, 46000, 61040, 70103]"
111792,"[39880, 80858, 88424, 70119, 30340, 105580, 97850, 27466, 91468, 7843]"
111793,"[57269, 37094, 86950, 66313, 6155, 45383, 86383, 33857, 86000, 84419]"
111794,"[36095, 56669, 26070, 73950, 45629, 56932, 71957, 51744, 86210, 78801]"
111795,"[48568, 53734, 14633, 104517, 58129, 79862, 64609, 60395, 58429, 3862]"
111796,"[32321, 108404, 81074, 15083, 3648, 13427, 77516, 47637, 16710, 21909]"
111797,"[91856, 44431, 89416, 3659, 43149, 96535, 45417, 106810, 90778, 81092]"
111798,"[100536, 101654, 63995, 39035, 16469, 8450, 64420, 38015, 86540, 37240]"
111799,"[28130, 12057, 37108, 30473, 7415, 38070, 86409, 28705, 109335, 93903]"
111800,"[26071, 101684, 86813, 71589, 39448, 106863, 39175, 47919, 21203, 92289]"
111801,"[11162, 76330, 1282, 90383, 32464, 96644, 10056, 40804, 104399, 57378]"
111802,"[11720, 82196, 56681, 61343, 77921, 51670, 84783, 86938, 80854, 4826]"
111803,"[22540, 106604, 71836, 7276, 29465, 58708, 92100, 99889, 14604, 76607]"
111804,"[6351, 76384, 47763, 11391, 61102, 51445, 104485, 41977, 105921, 37729]"
111805,"[54743, 10600, 16911, 77189, 98871, 35433, 29174, 5635, 73892, 86843]"
111806,"[100665, 94838, 7679, 42009, 89919, 109478, 54449, 49699, 97052, 108514]"
111807,"[10820, 7401, 33639, 36505, 25114, 82703, 68498, 101372, 59265, 25343]"
111808,"[1364, 17453, 85691, 60711, 62266, 21161, 96166, 108755, 103975, 63356]"
111809,"[85197, 88272, 20957, 38332, 25789, 17473, 109736, 36484, 62053, 94585]"
111810,"[78453, 108217, 6904, 83482, 98501, 27744, 100857, 95128, 96219, 52083]"
111811,"[47167, 97226, 58590, 105738, 63458, 102401, 33436, 10442, 54625, 51898]"
111812,"[29431, 55543, 73424, 66380, 59137, 51742, 40416, 70354, 32286, 40819]"
111813,"[34244, 102711, 24547, 95449, 34081, 77897, 32303, 94758, 24323, 26924]"
111814,"[61689, 51085, 77648, 89307, 4758, 28170, 5013, 108857, 55047, 60062]"
111815,"[81437, 37678, 12440, 101358, 72805, 15826, 106726, 55075, 31237, 97000]"
111816,"[58778, 13894, 46255, 67846, 53552, 81752, 109240, 6205, 51295, 25654]"
111817,"[13010, 95424, 62834, 80959, 18775, 97752, 48836, 12433, 29314, 21158]"
111818,"[72195, 64089, 43178, 73111, 91185, 35031, 48519, 95686, 40470, 20081]"
111819,"[53483, 8662, 91374, 33197, 42080, 92670, 78046, 100477, 92500, 100742]"
111820,"[51411, 39829, 14702, 62508, 109521, 14076, 45095, 94257, 36538, 97018]"
111821,"[58957, 57943, 84830, 739, 108614, 25176, 108656, 8869, 88869, 100974]"
111822,"[40920, 77005, 20548, 38191, 106824, 70685, 64279, 50321, 92988, 106571]"
111823,"[18637, 36804, 14000, 41346, 76288, 64685, 44353, 11974, 35408, 7246]"
111824,"[63173, 104359, 98221, 77481, 37862, 46110, 95821, 95977, 66835, 65349]"
111825,"[22606, 91830, 102274, 72258, 108472, 66409, 47003, 4481, 92360, 21299]"
111826,"[108866, 86482, 71628, 13108, 61459, 44103, 10913, 13132, 93832, 87605]"
111827,"[64364, 30635, 96686, 47574, 13663, 19633, 42407, 87450, 23066, 27389]"
111828,"[40090, 36840, 14176, 44531, 31205, 97486, 64803, 84862, 23778, 25449]"
111829,"[24600, 61831, 40703, 57009, 16861, 36352, 104077, 67473, 32778, 20702]"
111830,"[58408, 27013, 35353, 78638, 27138, 20351, 101585, 68159, 79688, 105601]"
111831,"[97989, 48078, 7632, 88621, 19547, 24040, 82705, 47160, 97593, 28661]"
111832,"[24111, 66918, 89485, 60974, 17264, 73659, 54492, 105764, 44659, 100568]"
111833,"[99921, 60979, 32884, 93479, 54599, 84236, 43699, 60819, 66230, 4789]"
111834,"[22086, 7471, 7647, 60466, 73464, 2164, 88440, 6427, 43743, 82611]"
111835,"[68866, 62616, 37292, 83909, 86221, 31255, 70174, 1780, 56360, 27880]"
111836,"[80629, 65034, 56977, 67130, 74184, 97165, 82908, 75340, 22548, 86620]"
111837,"[59114, 93015, 60778, 5894, 72392, 55776, 17105, 109541, 105276, 35397]"
111838,"[74183, 74269, 15448, 31137, 59147, 92520, 19742, 95386, 55487, 103177]"
111839,"[59970, 73273, 4851, 33476, 54483, 9018, 57467, 108756, 107696, 15616]"
111840,"[3820, 5610, 11433, 5182, 19836, 44702, 76011, 79024, 23153, 78436]"
111841,"[49620, 44070, 22542, 22546, 58048, 104565, 89764, 45286, 73442, 92613]"
111842,"[74609, 94742, 76250, 37493, 82836, 108600, 7487, 33429, 92836, 32095]"
111843,"[88184, 96800, 27541, 26039, 42108, 22987, 90178, 83574, 65076, 36516]"
111844,"[89968, 107672, 71905, 85475, 94724, 201, 104412, 87597, 76579, 89310]"
111845,"[63394, 58102, 94970, 36822, 84644, 26905, 13807, 98746, 50548, 10704]"
111846,"[15082, 106029, 18629, 6891, 13218, 25610, 84107, 92630, 70835, 89646]"
111847,"[83651, 12883, 56082, 83907, 94989, 32986, 8082, 10444, 13999, 14094]"
111848,"[86609, 7516, 21031, 88674, 83335, 57202, 35637, 69686, 99035, 95394]"
111849,"[69460, 58644, 66544, 107994, 13737, 101063, 26132, 27029, 67450, 91734]"
111850,"[73770, 90222, 36429, 96561, 72632, 91253, 14310, 39308, 86788, 95683]"
111851,"[86542, 48452, 52456, 67513, 7408, 89287, 67350, 19005, 94422, 48427]"
111852,"[8254, 37408, 61998, 41251, 36609, 46156, 36421, 77491, 39839, 20951]"
111853,"[61923, 93737, 108099, 47563, 33697, 62095, 40907, 77544, 76919, 42249]"
111854,"[82892, 36871, 68701, 77501, 47660, 78812, 35849, 21291, 62850, 54718]"
111855,"[1079, 8603, 75470, 58402, 24312, 66887, 68165, 20089, 37226, 19910]"
111856,"[33317, 26995, 76687, 19367, 82250, 20869, 2521, 27997, 68133, 46522]"
111857,"[45209, 20997, 14407, 64835, 65406, 69884, 107431, 60548, 7042, 15027]"
111858,"[21132, 58766, 17766, 88953, 20769, 71276, 20615, 70025, 67894, 24620]"
111859,"[39042, 28389, 1538, 79144, 42270, 59426, 43177, 83082, 70125, 8557]"
111860,"[59975, 56996, 79415, 44727, 79214, 68733, 21300, 102195, 43768, 26283]"
111861,"[4202, 40503, 88074, 21530, 66977, 24306, 88930, 41775, 79008, 107328]"
111862,"[107033, 35971, 28832, 74281, 75900, 53706, 60396, 32324, 108207, 98975]"
111863,"[45311, 99517, 64518, 67652, 109593, 27934, 48252, 70833, 40992, 36954]"
111864,"[58767, 50120, 99342, 46436, 22960, 58828, 15137, 105642, 99200, 53024]"
111865,"[70647, 36732, 12233, 85088, 14767, 68280, 53024, 107954, 16117, 85894]"
111866,"[13697, 87665, 88211, 28156, 16952, 65568, 96979, 4830, 76746, 23142]"
111867,"[72104, 93205, 10511, 8554, 71056, 97751, 46346, 98252, 87041, 87380]"
111868,"[39118, 5921, 70323, 27550, 65114, 32618, 68373, 108097, 92980, 59471]"
111869,"[18896, 39052, 74366, 51823, 18633, 14718, 105306, 25950, 95976, 31643]"
111870,"[12429, 16001, 47480, 89299, 57619, 43041, 103237, 16503, 94401, 30549]"
111871,"[85977, 79932, 43774, 19643, 48445, 23929, 46699, 69959, 69266, 13761]"
111872,"[12060, 43896, 55005, 39684, 2448, 107496, 35123, 60601, 44049, 63936]"
111873,"[60879, 49299, 41408, 57859, 99921, 42834, 52643, 19214, 102472, 86792]"
111874,"[63044, 51448, 506, 39928, 23486, 106721, 24985, 57178, 48734, 76149]"
111875,"[1032, 81656, 71523, 36669, 88252, 44412, 46690, 27495, 37217, 81912]"
111876,"[85768, 11779, 109503, 76276, 91210, 90540, 46691, 83341, 55354, 17458]"
111877,"[101281, 55867, 61863, 101863, 79470, 92941, 44677, 71020, 25576, 27893]"
111878,"[10459, 68935, 51024, 107332, 109739, 72272, 108734, 79562, 26894, 22985]"
111879,"[38819, 63734, 12367, 85835, 83441, 107978, 28158, 13233, 21763, 12574]"
111880,"[66564, 1523, 90563, 53886, 14887, 101879, 3387, 42790, 37646, 22968]"
111881,"[70762, 29816, 4223, 79466, 33699, 5352, 16270, 31655, 53742, 54365]"
111882,"[1427, 50871, 99165, 55371, 98121, 90724, 41443, 88590, 13323, 42422]"
111883,"[9882, 26195, 37797, 81351, 72857, 13998, 67156, 3624, 95233, 24616]"
111884,"[38673, 31024, 584, 137, 106457, 66671, 38060, 38920, 91785, 50799]"
111885,"[63771, 72081, 5804, 26037, 73801, 89303, 99970, 22342, 73725, 82834]"
111886,"[31069, 39060, 56190, 7627, 7381, 89398, 46760, 40235, 67801, 55147]"
111887,"[69882, 92865, 105372, 27475, 100420, 5328, 107586, 18574, 13910, 13192]"
111888,"[10010, 12364, 2915, 29519, 91310, 83123, 28209, 94220, 109318, 32673]"
111889,"[46297, 34594, 99359, 86429, 24567, 45015, 60339, 36273, 33932, 58429]"
111890,"[74218, 32664, 91661, 27690, 5721, 14780, 28616, 46753, 8888, 53826]"
111891,"[81161, 86263, 7155, 29537, 19507, 40587, 82646, 72987, 25859, 82344]"
111892,"[28212, 69211, 11397, 82468, 103573, 84935, 65831, 34891, 99189, 12381]"
111893,"[82197, 69217, 50418, 51851, 24239, 8235, 56063, 92845, 46759, 42766]"
111894,"[25989, 26669, 25794, 97015, 69204, 100530, 15612, 26042, 52429, 92487]"
111895,"[32519, 47440, 85008, 96698, 21660, 71861, 30886, 108133, 34115, 50395]"
111896,"[88999, 91134, 73850, 65004, 75572, 60148, 940, 48488, 47106, 93576]"
111897,"[96812, 97159, 76401, 35546, 52890, 24298, 103299, 30677, 14026, 24148]"
111898,"[107073, 78788, 88187, 92353, 97158, 104100, 44095, 26159, 50832, 6018]"
111899,"[76332, 62810, 8134, 23330, 105324, 64235, 89884, 69446, 72086, 94125]"
111900,"[89522, 5091, 15609, 43356, 36801, 38986, 37803, 26030, 25756, 52839]"
111901,"[73625, 44406, 18104, 76169, 54519, 69683, 70550, 68153, 82792, 71215]"
111902,"[12361, 8363, 101220, 101273, 27554, 57038, 16950, 8042, 82004, 86926]"
111903,"[70647, 36732, 12233, 85088, 14767, 68280, 53024, 107954, 16117, 85894]"
111904,"[91944, 59393, 78610, 101804, 66353, 40852, 85638, 94797, 18666, 53611]"
111905,"[94954, 2971, 50728, 13130, 85254, 50106, 74538, 28872, 85988, 71348]"
111906,"[6464, 100096, 92304, 95882, 22867, 83793, 56965, 49431, 34064, 100717]"
111907,"[89825, 18870, 43493, 85381, 103227, 84258, 5571, 49940, 2360, 21916]"
111908,"[108198, 88809, 53920, 45480, 48216, 51069, 10053, 43193, 92578, 80180]"
111909,"[6247, 76879, 12282, 10039, 14591, 10901, 24699, 66003, 88140, 794]"
111910,"[33807, 83401, 89964, 25735, 61509, 24535, 30269, 39230, 16986, 3363]"
111911,"[71213, 92782, 93420, 3932, 78517, 24700, 56636, 42578, 105254, 31545]"
111912,"[72004, 102069, 80678, 63924, 34222, 61791, 26018, 39615, 91438, 59183]"
111913,"[83127, 93262, 90987, 66040, 109692, 80989, 41639, 103395, 93242, 103442]"
111914,"[101206, 83027, 101630, 55068, 61972, 29017, 50644, 98049, 32583, 6500]"
111915,"[79834, 42475, 96039, 26270, 71096, 42191, 18276, 108233, 11230, 94298]"
111916,"[72132, 58685, 105160, 92067, 51697, 12417, 346, 54476, 79038, 81423]"
111917,"[66750, 66251, 99930, 107946, 36136, 69906, 88014, 94725, 93872, 94395]"
111918,"[25644, 107279, 94542, 102928, 69231, 69674, 26917, 46078, 50711, 25014]"
111919,"[50103, 62687, 72530, 35095, 72661, 48143, 24822, 38338, 20854, 107178]"
111920,"[9557, 92817, 51392, 39238, 106659, 86617, 15435, 46445, 106372, 71469]"
111921,"[81986, 10484, 1557, 66073, 101684, 82402, 97370, 19181, 99327, 20828]"
111922,"[49043, 4852, 101050, 21948, 56106, 97682, 41581, 107602, 56871, 95940]"
111923,"[66546, 96987, 88814, 16294, 62829, 51505, 47454, 39989, 31663, 103676]"
111924,"[105180, 53324, 15188, 32631, 59769, 3051, 25039, 21171, 54831, 22670]"
111925,"[34922, 9889, 50621, 42037, 106698, 22750, 90330, 2722, 37007, 59044]"
111926,"[28119, 81651, 79364, 67738, 72682, 7585, 71305, 96161, 91345, 5147]"
111927,"[21588, 76710, 35559, 44683, 43817, 31276, 9912, 92856, 95996, 103239]"
111928,"[78348, 41667, 20469, 78127, 95314, 105048, 31873, 89581, 21711, 90820]"
111929,"[70538, 4712, 67369, 11358, 92921, 102692, 46732, 52840, 34371, 3544]"
111930,"[105567, 104217, 61743, 52060, 7983, 18007, 41618, 36841, 26572, 95030]"
111931,"[84510, 40779, 63675, 48689, 108007, 86491, 23728, 32344, 29883, 63961]"
111932,"[102641, 50383, 55653, 12697, 21834, 108109, 37347, 71032, 84593, 7113]"
111933,"[23410, 32234, 67430, 47060, 13143, 36175, 38373, 85226, 97474, 32653]"
111934,"[22523, 29352, 90957, 90319, 85272, 25196, 63904, 103020, 105492, 54452]"
111935,"[8087, 13542, 53100, 8878, 44027, 106575, 45212, 23567, 97776, 30978]"
111936,"[94700, 16938, 68904, 71548, 32729, 99136, 97356, 11457, 107095, 33999]"
111937,"[95301, 50918, 54446, 71957, 5791, 97069, 51744, 46935, 31253, 48825]"
111938,"[77196, 15106, 94035, 22307, 60519, 87816, 76668, 59682, 41636, 71068]"
111939,"[30736, 22630, 99349, 87815, 108862, 88423, 2975, 28811, 56918, 18502]"
111940,"[42192, 92250, 87944, 40537, 14825, 94205, 11117, 82578, 82575, 17403]"
111941,"[4986, 77470, 9267, 52869, 23921, 20049, 15032, 82227, 67833, 56943]"
111942,"[92251, 71590, 26675, 86604, 40757, 86802, 18528, 8730, 42141, 101490]"
111943,"[10697, 95182, 85, 40955, 65817, 42698, 108151, 64417, 11314, 33040]"
111944,"[24679, 27844, 59679, 53518, 106278, 102498, 96269, 64424, 108849, 87811]"
111945,"[88891, 21297, 65107, 20091, 14881, 96015, 89410, 12834, 65658, 66813]"
111946,"[7563, 52868, 77659, 8959, 7931, 93037, 99967, 66247, 3876, 30284]"
111947,"[71537, 107391, 51662, 3346, 99880, 87137, 65863, 102939, 39240, 68371]"
111948,"[26879, 27224, 58933, 23429, 49889, 23860, 59677, 30518, 66578, 13387]"
111949,"[89806, 54114, 98554, 85140, 15988, 62994, 9350, 63440, 73609, 104620]"
111950,"[23615, 1323, 10608, 70908, 93364, 77315, 40661, 78700, 51466, 68273]"
111951,"[89259, 68244, 48651, 5244, 99950, 56043, 8388, 10758, 65978, 107139]"
111952,"[36965, 50541, 56182, 98432, 88675, 43173, 62458, 7906, 65368, 13231]"
111953,"[12150, 69895, 5477, 104162, 93196, 36899, 45272, 24939, 101099, 19990]"
111954,"[77120, 106567, 9211, 25864, 84833, 31202, 13527, 18167, 34879, 88322]"
111955,"[30698, 34085, 47020, 64214, 27139, 96410, 74303, 37441, 105596, 93413]"
111956,"[83938, 105264, 62367, 90002, 19570, 11312, 28772, 46141, 60776, 34524]"
111957,"[94834, 14920, 99929, 38989, 52399, 9871, 100030, 54366, 53123, 60068]"
111958,"[72414, 19226, 74550, 70735, 94776, 95656, 20219, 29487, 8638, 46806]"
111959,"[82657, 54579, 34218, 62809, 44242, 96762, 21759, 100884, 107326, 52203]"
111960,"[39441, 73128, 14267, 14536, 44906, 98057, 27065, 34948, 61335, 86662]"
111961,"[99356, 51010, 22658, 34713, 94211, 74247, 3892, 39181, 85426, 104662]"
111962,"[58518, 62547, 57433, 25024, 1823, 64951, 98211, 53884, 51259, 2942]"
111963,"[5868, 47701, 57716, 104188, 70519, 37740, 15469, 87995, 22038, 20622]"
111964,"[106714, 28295, 26444, 4128, 77108, 82588, 108030, 62728, 27537, 42598]"
111965,"[12482, 92180, 59711, 50030, 63436, 105942, 45293, 92110, 89146, 76504]"
111966,"[2423, 46333, 31155, 125, 68189, 69943, 72577, 102996, 68430, 71214]"
111967,"[108153, 40424, 6128, 75098, 33528, 46836, 89472, 101889, 47675, 107295]"
111968,"[38687, 47822, 25573, 17927, 57398, 39610, 55173, 35373, 13234, 47782]"
111969,"[12662, 80151, 80975, 2542, 78497, 83898, 6644, 96198, 28131, 67018]"
111970,"[84993, 65984, 85734, 109294, 97085, 102477, 82577, 85564, 59154, 76593]"
111971,"[93327, 21670, 90212, 60962, 97874, 108742, 18859, 70478, 97724, 55961]"
111972,"[107469, 91469, 71122, 34114, 51009, 12044, 75071, 88658, 29036, 20341]"
111973,"[60587, 16249, 19005, 20451, 50135, 40888, 31886, 25402, 58172, 49031]"
111974,"[54666, 102716, 72405, 5806, 57344, 93529, 28262, 103063, 71130, 39303]"
111975,"[40170, 5379, 35460, 73940, 41499, 30022, 80058, 55756, 35620, 58581]"
111976,"[43525, 39573, 60127, 87385, 70523, 37659, 61262, 46767, 8030, 5318]"
111977,"[70494, 94841, 84687, 102215, 99202, 106879, 109521, 34550, 47487, 102092]"
111978,"[105836, 38261, 27498, 73345, 105336, 81003, 66960, 69479, 53315, 64569]"
111979,"[67534, 26621, 73103, 21231, 104098, 52578, 64854, 20845, 92475, 91566]"
111980,"[67001, 102334, 89198, 56211, 2009, 53463, 29608, 42397, 47093, 97518]"
111981,"[109301, 9922, 73983, 98584, 14725, 102369, 89661, 16768, 43370, 33118]"
111982,"[21159, 79746, 57661, 67427, 71866, 2770, 86196, 10288, 59054, 21144]"
111983,"[12376, 9945, 33286, 78241, 1663, 108887, 68341, 108693, 88168, 16239]"
111984,"[43688, 21960, 82637, 53970, 47266, 21114, 29218, 70634, 86529, 24983]"
111985,"[55134, 16162, 63355, 109023, 32127, 29246, 29277, 42759, 5625, 99747]"
111986,"[18183, 59178, 96513, 1111, 27531, 44304, 91232, 3379, 71309, 16168]"
111987,"[27078, 81290, 19860, 19876, 189, 21129, 25137, 51313, 68407, 2064]"
111988,"[42737, 93682, 61789, 64913, 58006, 172, 64288, 109093, 16424, 75463]"
111989,"[7231, 12753, 65799, 30823, 9561, 5959, 24525, 57726, 42000, 28769]"
111990,"[1806, 17057, 85510, 36801, 72542, 54871, 57257, 101068, 68112, 45006]"
111991,"[9876, 37656, 57062, 43447, 69106, 8051, 65480, 63256, 29602, 350]"
111992,"[69409, 6928, 93356, 80452, 77547, 104609, 6930, 55753, 42610, 72368]"
111993,"[65035, 57680, 91956, 74580, 69313, 98770, 873, 52949, 46676, 7446]"
111994,"[82768, 36853, 99047, 21036, 14453, 74073, 45986, 10091, 72268, 77099]"
111995,"[72824, 103938, 70300, 93959, 89914, 61607, 35996, 71003, 75873, 69316]"
111996,"[54898, 43704, 21821, 60993, 67044, 57002, 32008, 67398, 77653, 8144]"
111997,"[6871, 76193, 13903, 86669, 83746, 30547, 40237, 63733, 4788, 106003]"
111998,"[106922, 28346, 36359, 42629, 46135, 86434, 12569, 17872, 23875, 64856]"
111999,"[35095, 30298, 11702, 7063, 25874, 2412, 26235, 48143, 58091, 35520]"
112000,"[74704, 40124, 85608, 107561, 61376, 38215, 91485, 8174, 63677, 97819]"
112001,"[107280, 12952, 64859, 5318, 102050, 15650, 85081, 55430, 39573, 37659]"
112002,"[67472, 37024, 39102, 46432, 86129, 14380, 79533, 98351, 75917, 79453]"
112003,"[69146, 88694, 49803, 74654, 76225, 13983, 106446, 2932, 46520, 62423]"
112004,"[97338, 108902, 45305, 24156, 26348, 20155, 12177, 31059, 75209, 38654]"
112005,"[25696, 2469, 40591, 95469, 106875, 79474, 98036, 83806, 41570, 85167]"
112006,"[56976, 15630, 49903, 60863, 91386, 25877, 23527, 41736, 49220, 45631]"
112007,"[35573, 4821, 13270, 69984, 68060, 95140, 51610, 81934, 8482, 75617]"
112008,"[64814, 20781, 25223, 10649, 26763, 83884, 29279, 56807, 41788, 12749]"
112009,"[37522, 57631, 48686, 56051, 95304, 30306, 100997, 7131, 35946, 61956]"
112010,"[58324, 106371, 69079, 38184, 82323, 76638, 33883, 13382, 21315, 20857]"
112011,"[83064, 78999, 76724, 62931, 68662, 22656, 88642, 32672, 69435, 89273]"
112012,"[73775, 7232, 57635, 65223, 92947, 92650, 28250, 3937, 19343, 65232]"
112013,"[53806, 58697, 461, 80424, 58935, 68472, 76542, 54574, 40379, 6096]"
112014,"[67458, 108859, 47634, 82032, 10884, 94507, 66438, 13706, 96272, 88170]"
112015,"[83721, 71556, 82108, 33652, 107329, 76010, 91111, 24426, 35, 2060]"
112016,"[16434, 28733, 94282, 63435, 5118, 80916, 7403, 41333, 46502, 105959]"
112017,"[14406, 49518, 100216, 25601, 81414, 107661, 19826, 42890, 48215, 91096]"
112018,"[51896, 60782, 23975, 75987, 42289, 72929, 76620, 13891, 39461, 49188]"
112019,"[83661, 2657, 11051, 108571, 85209, 12628, 95047, 40149, 81758, 94414]"
112020,"[63373, 21077, 29848, 81878, 35832, 91643, 70653, 95987, 5373, 10311]"
112021,"[86324, 83408, 48207, 24200, 44042, 58206, 559, 21073, 105353, 62599]"
112022,"[70556, 106595, 83333, 27596, 62665, 24086, 11842, 92693, 101163, 63976]"
112023,"[24358, 34523, 1655, 70637, 97801, 6629, 94046, 14048, 91155, 5441]"
112024,"[8923, 70773, 56965, 49431, 91672, 59834, 95790, 58159, 48094, 70962]"
112025,"[57942, 63814, 75386, 8772, 33502, 82778, 32149, 94809, 94999, 9021]"
112026,"[67480, 28260, 50970, 97371, 82956, 53127, 71891, 31173, 17675, 60546]"
112027,"[71224, 55711, 23691, 52906, 104853, 46480, 102142, 62738, 76341, 78984]"
112028,"[51173, 101617, 22154, 20731, 11405, 57867, 86570, 47395, 85832, 106512]"
112029,"[57588, 59444, 29721, 47414, 12535, 41978, 45742, 17680, 58824, 12506]"
112030,"[19311, 57050, 75095, 27565, 30057, 95777, 31083, 71292, 62896, 20989]"
112031,"[101415, 27407, 27490, 22851, 9335, 99326, 12103, 73743, 72909, 46224]"
112032,"[33142, 81123, 107428, 88982, 51272, 25687, 82937, 32251, 8288, 834]"
112033,"[93451, 5480, 59992, 9763, 44716, 38971, 101467, 20080, 96217, 6413]"
112034,"[6061, 56642, 69889, 31278, 106573, 72548, 89935, 27466, 108749, 83370]"
112035,"[95327, 56487, 57921, 33782, 55715, 107741, 10564, 57096, 24984, 15464]"
112036,"[76130, 90681, 23385, 109340, 101040, 95525, 62239, 48734, 77810, 44599]"
112037,"[99891, 73670, 37132, 96013, 81854, 106525, 38201, 79790, 25191, 28803]"
112038,"[3089, 72381, 103125, 55755, 690, 17949, 9362, 39692, 720, 67310]"
112039,"[13172, 35398, 67713, 34155, 13836, 36372, 65473, 58569, 105898, 58100]"
112040,"[96404, 2008, 99890, 4323, 61722, 38792, 90053, 11968, 103560, 58085]"
112041,"[18791, 30626, 22589, 49015, 82431, 4261, 12671, 102779, 73904, 50545]"
112042,"[39233, 48618, 11114, 99527, 79840, 99001, 104983, 106001, 104610, 16325]"
112043,"[35768, 108652, 40031, 104839, 81679, 30322, 12196, 7208, 55564, 33353]"
112044,"[87303, 100361, 28497, 90925, 10089, 102547, 27020, 83099, 10031, 29125]"
112045,"[74912, 10736, 88194, 104926, 26609, 11515, 50472, 44509, 105613, 97901]"
112046,"[2960, 21530, 107120, 1839, 46606, 41661, 108698, 95704, 79756, 29950]"
112047,"[46729, 56860, 9106, 81637, 45211, 25469, 24276, 23566, 79282, 81127]"
112048,"[83805, 23044, 41910, 86413, 6343, 70517, 2627, 96129, 97019, 45902]"
112049,"[91748, 83521, 33644, 90111, 71777, 105901, 107581, 64672, 95787, 105996]"
112050,"[65617, 27033, 63573, 3465, 81240, 13693, 5331, 59318, 91157, 55059]"
112051,"[72698, 29951, 55827, 19482, 92873, 454, 78930, 18326, 35138, 18211]"
112052,"[50917, 20948, 88521, 57164, 37319, 31229, 97022, 87053, 56960, 102438]"
112053,"[34929, 2333, 4346, 89641, 29658, 69516, 61941, 16970, 90224, 83590]"
112054,"[9090, 41599, 56135, 48972, 5582, 3256, 91528, 77185, 62157, 99085]"
112055,"[82119, 49363, 18144, 37099, 75515, 101587, 87431, 39695, 69822, 62336]"
112056,"[105231, 43073, 3254, 4786, 91984, 78542, 67711, 24533, 63325, 64850]"
112057,"[2596, 58430, 12795, 85689, 86012, 12946, 61421, 79953, 81029, 102359]"
112058,"[12815, 29596, 61462, 4237, 57031, 29487, 35569, 19279, 35415, 83633]"
112059,"[96220, 50339, 34296, 89344, 2891, 40891, 19029, 81201, 6748, 57006]"
112060,"[88962, 48596, 96222, 99811, 20264, 1731, 94495, 81416, 1232, 3890]"
112061,"[49418, 49606, 47598, 34225, 40236, 83654, 47828, 90361, 102164, 32606]"
112062,"[60873, 39543, 95929, 59245, 71222, 95776, 73548, 30958, 31103, 74222]"
112063,"[55605, 20107, 34615, 63848, 94104, 10347, 4593, 35228, 43171, 25710]"
112064,"[88409, 25774, 47789, 54032, 76806, 1726, 58817, 29769, 48789, 108501]"
112065,"[9734, 31188, 92992, 101545, 8029, 8618, 43120, 10781, 92255, 9648]"
112066,"[43935, 85402, 35964, 35881, 7906, 54973, 43173, 96534, 71607, 106565]"
112067,"[26375, 104756, 54750, 69365, 37593, 13779, 80713, 64046, 30342, 38972]"
112068,"[54585, 22573, 288, 65537, 65472, 83342, 37136, 38422, 63893, 10088]"
112069,"[86166, 79942, 101988, 49225, 30804, 16682, 49912, 80530, 60706, 39179]"
112070,"[41536, 105838, 36754, 24342, 103277, 100543, 54853, 94, 28932, 81176]"
112071,"[79816, 44470, 20437, 62489, 71725, 83636, 97815, 53492, 36784, 88118]"
112072,"[95815, 79774, 87799, 5088, 83439, 54201, 108364, 92935, 14978, 23750]"
112073,"[92435, 76702, 29606, 74400, 106631, 85156, 2207, 109334, 29875, 50292]"
112074,"[17855, 37812, 37547, 109328, 36511, 59820, 22758, 43647, 76971, 27561]"
112075,"[9297, 91313, 64731, 108486, 58313, 33039, 26154, 65098, 30020, 81059]"
112076,"[96924, 11931, 53593, 42869, 83834, 54396, 81230, 100410, 52561, 11972]"
112077,"[14507, 3443, 31641, 71039, 5410, 84232, 64516, 1057, 17831, 42042]"
112078,"[22136, 1971, 108616, 45509, 61827, 36474, 105994, 58360, 42923, 66015]"
112079,"[25979, 73780, 15886, 61987, 21246, 17737, 72623, 24786, 50075, 23583]"
112080,"[78621, 59446, 25505, 24612, 84451, 50935, 35846, 79302, 36121, 76777]"
112081,"[49476, 83653, 58234, 25441, 109441, 23978, 34277, 102242, 34657, 97611]"
112082,"[94773, 71572, 81323, 77764, 6951, 64713, 5631, 80260, 66606, 5559]"
112083,"[27375, 61298, 79007, 7300, 107422, 55516, 25003, 44058, 39180, 55813]"
112084,"[45471, 42799, 84624, 78273, 81956, 49693, 68091, 78777, 23644, 3114]"
112085,"[63637, 20001, 72418, 105220, 76459, 301, 90506, 19970, 26310, 103695]"
112086,"[2714, 66947, 29651, 68627, 94507, 33924, 50611, 65029, 6833, 21963]"
112087,"[86592, 33772, 79649, 98994, 71609, 56224, 8616, 38141, 66120, 88890]"
112088,"[106058, 96190, 32886, 12910, 5543, 27489, 48146, 53934, 109389, 76707]"
112089,"[11385, 3578, 15175, 102309, 44040, 2560, 19126, 19110, 100663, 54634]"
112090,"[64721, 104460, 45984, 42976, 70542, 51171, 106706, 83664, 85500, 26956]"
112091,"[90963, 34849, 52118, 108166, 100347, 76831, 94853, 24463, 98835, 36013]"
112092,"[16755, 95314, 16412, 32391, 42852, 79894, 6510, 15691, 56821, 59340]"
112093,"[26383, 106894, 5548, 97630, 14307, 57791, 60198, 1022, 6044, 90187]"
112094,"[7381, 83138, 16688, 14610, 34615, 61191, 83924, 66332, 36518, 25710]"
112095,"[106067, 42212, 51642, 49945, 26303, 15715, 98598, 9442, 6934, 92773]"
112096,"[33553, 67112, 35307, 63147, 59235, 12905, 90055, 14731, 89991, 50997]"
112097,"[62872, 11302, 71504, 82056, 65823, 19999, 46251, 32256, 10752, 66595]"
112098,"[51388, 103095, 95996, 103174, 2246, 75909, 75582, 87810, 27186, 43982]"
112099,"[60148, 39945, 52128, 102826, 61883, 1802, 108419, 66990, 80545, 23085]"
112100,"[67590, 45762, 66829, 105245, 90647, 49691, 26359, 46571, 53727, 37445]"
112101,"[97662, 53903, 93278, 59663, 100797, 52457, 8199, 90333, 88816, 40978]"
112102,"[70440, 101858, 62288, 105661, 106703, 24072, 61165, 37618, 40529, 30659]"
112103,"[35572, 105691, 77049, 81117, 63639, 15725, 68304, 55370, 64090, 11258]"
112104,"[25085, 58800, 59030, 92755, 8617, 95857, 92628, 67426, 81315, 65433]"
112105,"[91114, 8476, 106152, 29130, 80254, 41336, 37051, 73152, 5417, 61551]"
112106,"[60200, 57023, 34578, 68067, 15226, 23108, 32740, 84586, 96842, 66903]"
112107,"[1042, 84144, 59393, 48843, 48273, 49997, 76062, 51656, 34565, 62982]"
112108,"[98778, 91516, 18831, 55126, 96932, 92071, 99450, 921, 32351, 21018]"
112109,"[96938, 91962, 63097, 51958, 48634, 31351, 21452, 97210, 49268, 53726]"
112110,"[27038, 78354, 71388, 88053, 12774, 4037, 11717, 32128, 44827, 64024]"
112111,"[33607, 53160, 8561, 20773, 70856, 89389, 58267, 23092, 36314, 22965]"
112112,"[2967, 101926, 34100, 47495, 98516, 36960, 24010, 13992, 89410, 71150]"
112113,"[86616, 71901, 17649, 101543, 5946, 49189, 83669, 74889, 107157, 97004]"
112114,"[77471, 16454, 86177, 38630, 60905, 49957, 95003, 65904, 4756, 81702]"
112115,"[102130, 8957, 44005, 54603, 53068, 102603, 94093, 64064, 28594, 89988]"
112116,"[48377, 66387, 64433, 749, 93277, 93649, 87796, 1349, 24664, 31809]"
112117,"[48946, 95702, 87923, 108500, 56616, 58994, 3592, 90135, 69787, 43775]"
112118,"[41038, 23158, 90775, 50854, 36932, 88213, 327, 103916, 104175, 97497]"
112119,"[63414, 70826, 74171, 83021, 16666, 48185, 23711, 53707, 24030, 25132]"
112120,"[51534, 104583, 72760, 29763, 15512, 88265, 49645, 12485, 74613, 5308]"
112121,"[26915, 43292, 54783, 74360, 84960, 2260, 15236, 8303, 97656, 56918]"
112122,"[27441, 46718, 64360, 8395, 43489, 84234, 36693, 46361, 45097, 91051]"
112123,"[19803, 101833, 16167, 17319, 29731, 38267, 5266, 99717, 47067, 67569]"
112124,"[33361, 28759, 51608, 15957, 13808, 52803, 102054, 63794, 80076, 21930]"
112125,"[67599, 53418, 54260, 5684, 65057, 105997, 88294, 38477, 44273, 94469]"
112126,"[49826, 14286, 87028, 102816, 80945, 57944, 64174, 43358, 69293, 24327]"
112127,"[79170, 44761, 91549, 95741, 26477, 89932, 97550, 15059, 60415, 75600]"
112128,"[20846, 6872, 22184, 55483, 77735, 10607, 38118, 5697, 32420, 54877]"
112129,"[53993, 39894, 64786, 2045, 72346, 101702, 2211, 37730, 79092, 75200]"
112130,"[107549, 97251, 109180, 68176, 69932, 104840, 41462, 57913, 71728, 88413]"
112131,"[88981, 62650, 57087, 6256, 67686, 56645, 6128, 18350, 38018, 78804]"
112132,"[20077, 58049, 29793, 79148, 42669, 105242, 72815, 85188, 63474, 47650]"
112133,"[45690, 26150, 67927, 82542, 85570, 73626, 85397, 59151, 79158, 87507]"
112134,"[63250, 52461, 9799, 24971, 98608, 104751, 36784, 17370, 87476, 98148]"
112135,"[16569, 92200, 22181, 47750, 25207, 74458, 48543, 46465, 64920, 58124]"
112136,"[67359, 76492, 49448, 38692, 5882, 84498, 104434, 72310, 87610, 6197]"
112137,"[78956, 59272, 85911, 104665, 95433, 32841, 102373, 32146, 12672, 11683]"
112138,"[68005, 66455, 40258, 90311, 20576, 75365, 26764, 1033, 27026, 37022]"
112139,"[18414, 104524, 49927, 89614, 101169, 29665, 41061, 69270, 403, 86548]"
112140,"[87221, 62200, 53089, 64102, 92498, 11006, 40041, 9686, 7550, 56084]"
112141,"[48553, 65629, 49055, 91501, 41733, 41673, 43160, 54022, 12456, 105174]"
112142,"[93456, 99132, 29178, 73018, 61273, 96396, 45451, 23480, 94965, 74447]"
112143,"[3060, 55886, 51523, 91599, 93818, 36406, 59504, 54595, 29752, 19293]"
112144,"[14199, 7081, 81018, 49785, 49042, 56863, 50323, 34740, 32050, 41791]"
112145,"[18730, 29901, 88032, 62433, 8357, 47423, 39394, 58869, 65104, 44877]"
112146,"[95333, 49317, 102494, 40465, 24453, 30134, 88276, 108517, 102378, 38778]"
112147,"[95323, 31676, 23696, 50176, 69655, 85781, 84269, 23979, 64894, 21766]"
112148,"[107506, 15859, 75420, 60235, 62231, 83790, 50992, 85160, 44493, 38838]"
112149,"[35575, 107003, 45169, 63457, 17794, 97930, 26942, 43123, 108290, 40441]"
112150,"[74339, 30342, 10742, 25059, 56582, 37593, 59351, 92694, 101962, 3623]"
112151,"[29425, 5987, 88973, 12657, 38835, 45594, 45998, 82282, 79267, 28719]"
112152,"[62730, 29376, 10961, 1242, 18036, 95439, 45900, 58243, 37896, 73419]"
112153,"[7356, 109529, 8346, 28422, 4225, 67214, 54125, 70992, 85721, 65883]"
112154,"[82649, 51521, 99851, 97235, 30079, 85551, 45859, 46529, 81120, 25094]"
112155,"[93430, 43075, 101701, 50950, 60862, 41757, 40880, 44411, 36432, 96182]"
112156,"[102543, 68053, 42181, 38548, 55121, 20704, 86793, 98073, 21284, 54240]"
112157,"[64945, 29049, 104642, 11201, 27151, 50720, 85125, 91694, 26248, 59012]"
112158,"[92761, 6333, 62121, 30751, 109615, 29103, 100412, 7876, 97655, 60255]"
112159,"[105366, 16723, 47717, 50158, 87985, 75326, 76678, 99135, 103342, 71399]"
112160,"[81522, 14888, 74317, 6770, 21998, 15144, 72495, 49228, 62570, 52702]"
112161,"[37346, 87001, 80328, 21632, 69350, 9476, 42237, 57950, 18076, 41344]"
112162,"[41810, 108437, 54443, 83823, 28726, 96583, 6731, 53153, 30530, 102217]"
112163,"[35500, 15115, 85798, 82224, 94666, 26245, 52648, 98286, 63482, 87147]"
112164,"[71208, 60243, 2958, 2539, 78944, 87655, 36727, 89244, 95821, 18170]"
112165,"[91165, 13038, 99083, 55658, 12, 41546, 27932, 6174, 16733, 68336]"
112166,"[100861, 54473, 97310, 104400, 85937, 31902, 4166, 23224, 38084, 38419]"
112167,"[14860, 18490, 96911, 26242, 94351, 35348, 13358, 19775, 98727, 2290]"
112168,"[108979, 30389, 81826, 29834, 1436, 100556, 96580, 10955, 40485, 29316]"
112169,"[109584, 3728, 50372, 63189, 89212, 11910, 96300, 85534, 62911, 59366]"
112170,"[60675, 62829, 94607, 98546, 47433, 25743, 49044, 68593, 3970, 5092]"
112171,"[18895, 103048, 63043, 26000, 52922, 90602, 107299, 2048, 63854, 102101]"
112172,"[77115, 102999, 64271, 70047, 88777, 2205, 57265, 87336, 102555, 13582]"
112173,"[73988, 39331, 75786, 23518, 37141, 54635, 76180, 4862, 91324, 80937]"
112174,"[44359, 37914, 98489, 74514, 92971, 90941, 71044, 79702, 72042, 42330]"
112175,"[34437, 40406, 66592, 104869, 43669, 73926, 69301, 39877, 88833, 31186]"
112176,"[38139, 42388, 98877, 104622, 70622, 53368, 102890, 16164, 61355, 56391]"
112177,"[59026, 1979, 6332, 4444, 89375, 97755, 15589, 24051, 34404, 108604]"
112178,"[65933, 21657, 103642, 91946, 32136, 4034, 27569, 37673, 64852, 98455]"
112179,"[90866, 90501, 86093, 88130, 79852, 33103, 85700, 44572, 15441, 50746]"
112180,"[24657, 18384, 83585, 42530, 45521, 79001, 1651, 62398, 105697, 47068]"
112181,"[104155, 60899, 69498, 13341, 715, 6819, 92214, 14538, 37943, 69915]"
112182,"[71892, 52081, 92900, 105863, 2331, 1683, 18264, 1524, 48631, 61711]"
112183,"[100522, 24114, 29565, 120, 93596, 69513, 8208, 106291, 53595, 24689]"
112184,"[83880, 22102, 25255, 95645, 43527, 85001, 98012, 28610, 94242, 68814]"
112185,"[38229, 99009, 103945, 67340, 86549, 15963, 51555, 100927, 62446, 60939]"
112186,"[84875, 77119, 2238, 14273, 55520, 70774, 60014, 56092, 97874, 53278]"
112187,"[42931, 24202, 55340, 80909, 23409, 67989, 41527, 38569, 100621, 95061]"
112188,"[50745, 83091, 38761, 93404, 39978, 91153, 20837, 45848, 54135, 88333]"
112189,"[69028, 64327, 97417, 36153, 28144, 102959, 63689, 34703, 84928, 19847]"
112190,"[84058, 56302, 67223, 29040, 12371, 48968, 62694, 29564, 9393, 21413]"
112191,"[81398, 48536, 64551, 83863, 2938, 79301, 47342, 22774, 52764, 1627]"
112192,"[71148, 20803, 54989, 107372, 26123, 57355, 22797, 86168, 31276, 77635]"
112193,"[22790, 6759, 35482, 106133, 103080, 70112, 104083, 34554, 7948, 70284]"
112194,"[60909, 16189, 13080, 58568, 41846, 65571, 11797, 9625, 1711, 51082]"
112195,"[64557, 82586, 94920, 30865, 77486, 90881, 74581, 32210, 48505, 68375]"
112196,"[45849, 83115, 11226, 71985, 101847, 28855, 106918, 32607, 78054, 36464]"
112197,"[106197, 19194, 34098, 104307, 147, 60517, 29152, 98265, 108145, 91629]"
112198,"[45878, 85743, 27977, 58780, 67547, 57243, 30422, 15915, 31384, 5101]"
112199,"[46565, 78024, 31342, 86505, 73455, 65574, 100140, 57559, 33389, 11987]"
112200,"[10602, 8937, 55944, 46675, 74127, 26659, 5792, 86720, 90547, 102278]"
112201,"[54522, 56255, 41532, 53284, 51846, 46035, 77953, 90591, 68550, 36586]"
112202,"[28447, 82709, 87422, 32487, 85634, 85687, 89674, 37472, 3040, 21983]"
112203,"[70759, 108699, 63810, 104866, 102192, 93096, 76495, 60127, 16035, 45135]"
112204,"[46951, 45718, 8988, 8430, 55352, 109667, 55107, 22793, 93979, 17455]"
112205,"[13007, 11654, 103830, 16397, 99878, 88456, 58287, 104182, 67712, 89614]"
112206,"[55345, 5532, 69454, 57589, 109110, 1137, 30317, 76285, 97253, 3175]"
112207,"[34382, 30791, 88031, 4468, 90701, 33871, 50044, 71300, 105560, 15428]"
112208,"[54034, 66594, 11983, 15361, 74454, 95550, 63717, 65631, 80095, 66803]"
112209,"[6277, 95570, 53030, 105320, 48982, 97856, 60937, 37010, 21992, 74564]"
112210,"[30493, 18947, 106110, 80655, 23817, 107091, 80495, 2840, 77844, 8636]"
112211,"[22540, 84463, 27029, 26132, 90449, 85629, 7276, 52475, 28370, 95980]"
112212,"[23443, 63094, 85680, 104028, 18153, 94547, 4730, 36912, 59568, 45659]"
112213,"[69018, 75686, 61686, 20239, 89579, 10651, 62625, 6803, 75677, 3450]"
112214,"[5297, 40429, 12373, 32677, 81166, 51853, 72669, 4770, 40295, 13885]"
112215,"[16991, 34865, 54915, 51449, 72407, 90673, 3061, 74970, 70530, 70842]"
112216,"[44524, 85400, 108226, 36046, 8588, 95579, 59213, 17868, 97458, 106963]"
112217,"[97452, 80360, 85301, 8292, 58603, 19987, 59308, 27494, 82328, 87030]"
112218,"[93025, 40082, 53298, 23998, 39996, 37642, 86820, 14917, 59660, 91007]"
112219,"[28529, 84074, 63201, 66754, 25678, 30336, 61353, 60727, 21503, 62537]"
112220,"[57254, 36705, 73077, 20062, 39897, 10063, 69090, 47840, 71157, 99744]"
112221,"[4075, 71647, 101344, 57786, 57537, 13863, 42035, 94573, 80220, 3832]"
112222,"[106020, 109227, 16040, 64882, 49344, 88856, 33421, 89226, 48328, 55015]"
112223,"[33192, 76127, 12582, 19626, 16420, 45646, 33207, 56128, 41020, 49303]"
112224,"[5580, 80501, 94403, 40779, 9822, 21914, 63177, 19487, 52257, 7287]"
112225,"[60500, 59150, 80607, 78843, 53720, 107558, 74353, 105983, 13518, 47404]"
112226,"[2324, 59798, 8428, 222, 35977, 52182, 58679, 8878, 7670, 64754]"
112227,"[81899, 96375, 68272, 90620, 85960, 59092, 28565, 32838, 67550, 43627]"
112228,"[31821, 34377, 105998, 92746, 57660, 41833, 75660, 108156, 56602, 13754]"
112229,"[99412, 33848, 68536, 46104, 38991, 71274, 94064, 84292, 53169, 39564]"
112230,"[43097, 104909, 52844, 42327, 84893, 86776, 5037, 999, 20404, 99388]"
112231,"[91720, 65513, 61940, 12453, 28245, 46580, 55586, 87290, 99626, 82913]"
112232,"[58539, 64940, 39614, 67706, 63531, 57637, 4368, 43283, 81280, 93275]"
112233,"[50210, 23130, 38756, 55081, 10009, 109775, 31510, 104896, 32157, 40018]"
112234,"[97888, 72191, 37011, 90399, 71696, 106686, 55810, 97108, 20244, 61637]"
112235,"[101280, 55617, 102994, 36561, 70703, 28792, 42501, 76785, 87841, 82124]"
112236,"[20781, 108763, 37779, 9007, 83884, 25076, 26566, 64377, 72874, 68156]"
112237,"[28258, 68354, 91304, 11889, 43001, 100196, 56348, 46547, 72233, 104674]"
112238,"[66674, 2251, 49285, 103589, 75515, 30641, 71442, 60959, 55939, 59204]"
112239,"[10405, 96314, 20082, 56464, 54975, 94468, 77602, 33519, 64316, 38262]"
112240,"[41229, 45499, 68865, 91594, 47414, 12535, 47272, 104714, 59444, 81154]"
112241,"[60165, 95135, 3420, 109120, 57143, 12660, 72089, 106272, 89675, 24748]"
112242,"[13239, 80872, 31015, 79306, 98832, 850, 5409, 65342, 41013, 35635]"
112243,"[67445, 2997, 68557, 59460, 100770, 38406, 34388, 77980, 106952, 10161]"
112244,"[75243, 69440, 29361, 28103, 63650, 47938, 43751, 65462, 29650, 95352]"
112245,"[5954, 83879, 86675, 56197, 97510, 37432, 86659, 20892, 9492, 104930]"
112246,"[35487, 11500, 29679, 80557, 25030, 88305, 103574, 91154, 73138, 102316]"
112247,"[25571, 107743, 101620, 55773, 100324, 51354, 90693, 41235, 59917, 86364]"
112248,"[84477, 34375, 31928, 11773, 4652, 48924, 77701, 86843, 80093, 79200]"
112249,"[15938, 51412, 54804, 100057, 73154, 37129, 104017, 104196, 57090, 43095]"
112250,"[88845, 83691, 23004, 38773, 86559, 52801, 44342, 14265, 59941, 11463]"
112251,"[9846, 58720, 99663, 3930, 82962, 15525, 47524, 102297, 39856, 29416]"
112252,"[40969, 70352, 28985, 36308, 66383, 43736, 64442, 90901, 36711, 60455]"
112253,"[63885, 271, 61271, 93218, 102556, 2166, 35673, 4242, 55570, 26955]"
112254,"[69523, 2979, 26836, 59388, 5182, 78151, 104531, 106795, 59796, 71330]"
112255,"[108258, 85801, 98645, 9298, 87957, 108593, 4119, 81406, 69660, 94263]"
112256,"[67318, 71652, 98949, 8796, 96691, 99127, 28581, 9419, 78550, 20913]"
112257,"[11227, 43458, 11549, 96311, 20478, 76179, 68712, 74360, 106513, 99780]"
112258,"[73444, 19764, 65437, 44661, 49405, 25761, 7795, 28854, 82724, 105966]"
112259,"[81612, 21656, 107668, 67415, 3771, 66638, 64781, 85532, 10402, 13157]"
112260,"[98842, 32651, 91866, 101259, 64395, 16450, 59811, 99837, 18837, 63732]"
112261,"[52195, 5589, 43766, 64930, 71256, 65850, 24337, 9009, 4442, 66684]"
112262,"[65013, 99142, 67092, 48401, 77104, 55171, 60020, 91428, 44950, 74895]"
112263,"[53283, 6992, 59636, 19854, 26731, 56747, 87237, 12617, 83883, 66374]"
112264,"[65708, 62339, 61990, 35863, 102709, 15716, 91178, 26385, 42310, 93239]"
112265,"[72927, 83131, 44286, 69794, 81075, 12343, 109137, 54140, 99826, 87502]"
112266,"[3553, 7264, 95304, 37522, 48686, 3426, 75750, 62942, 79626, 45867]"
112267,"[34911, 54612, 16277, 24005, 73640, 63995, 8450, 45576, 27795, 31904]"
112268,"[85446, 13152, 54363, 67159, 104069, 97817, 38293, 17315, 108071, 88721]"
112269,"[56182, 50541, 91400, 5901, 108817, 88272, 57530, 40045, 44501, 54993]"
112270,"[64700, 92118, 84259, 6270, 88648, 5788, 31374, 19853, 87226, 74307]"
112271,"[72803, 102873, 82325, 61410, 37206, 37275, 27823, 53987, 62653, 57456]"
112272,"[14606, 53670, 33160, 89141, 79468, 54655, 4629, 45212, 93000, 76183]"
112273,"[44864, 72123, 100777, 7823, 34885, 86258, 76425, 9538, 59980, 58867]"
112274,"[44195, 21161, 2054, 107162, 102215, 96645, 38361, 49905, 105853, 39649]"
112275,"[49788, 40462, 1362, 10774, 67488, 29763, 69308, 26828, 56420, 83189]"
112276,"[106046, 82293, 64898, 65324, 45694, 70287, 58698, 101396, 43487, 39586]"
112277,"[49134, 18228, 32059, 11835, 70223, 15536, 50489, 42122, 41318, 85557]"
112278,"[71010, 99634, 30925, 7546, 91445, 79605, 24248, 67621, 51348, 96624]"
112279,"[82743, 29478, 68500, 53906, 14495, 47424, 70578, 92623, 109752, 93176]"
112280,"[50120, 99342, 2401, 53024, 54279, 7197, 75963, 94813, 14401, 85894]"
112281,"[38690, 68077, 88442, 55044, 83904, 33174, 99987, 21607, 104585, 80284]"
112282,"[24839, 89317, 73160, 46381, 61963, 90074, 14719, 12021, 5236, 29046]"
112283,"[44493, 25738, 38838, 62231, 85160, 75420, 39302, 107506, 68243, 1725]"
112284,"[30394, 37751, 13598, 74122, 99788, 85263, 36621, 76868, 16609, 60505]"
112285,"[72487, 39195, 85372, 25408, 80261, 96824, 95004, 87756, 70287, 12104]"
112286,"[46906, 21017, 15814, 725, 28312, 54279, 51356, 83064, 78999, 98418]"
112287,"[38858, 89185, 8741, 27724, 56535, 85076, 32999, 104513, 62851, 32661]"
112288,"[11391, 391, 5192, 17615, 61102, 46864, 18808, 21508, 47335, 13358]"
112289,"[108959, 58794, 50890, 14305, 72576, 73726, 54618, 81866, 64801, 91107]"
112290,"[75940, 54926, 89757, 21194, 59535, 26197, 12834, 89109, 107710, 10052]"
112291,"[69550, 62300, 2301, 97818, 107605, 23362, 57262, 60323, 50376, 9554]"
112292,"[26671, 30149, 95502, 34123, 108841, 68827, 1040, 30662, 45466, 45041]"
112293,"[56700, 9752, 93167, 75630, 35667, 48926, 109063, 25570, 102159, 14349]"
112294,"[67067, 40926, 47070, 364, 1285, 56627, 74228, 30085, 19982, 54811]"
112295,"[95273, 3949, 44160, 8453, 23253, 35536, 49003, 41242, 35104, 46316]"
112296,"[9345, 64120, 4603, 20045, 103792, 78139, 101121, 67160, 72981, 97351]"
112297,"[61299, 105494, 47791, 82214, 86927, 62561, 8335, 62302, 90508, 81636]"
112298,"[2265, 100420, 76513, 50202, 74944, 84352, 103949, 33382, 80943, 18382]"
112299,"[107627, 33463, 12723, 79105, 64373, 90130, 92525, 44741, 4503, 63782]"
112300,"[47658, 28948, 55405, 12283, 92053, 97923, 101904, 96009, 29963, 101361]"
112301,"[105216, 70498, 34986, 38404, 89963, 98560, 59823, 113, 30058, 30586]"
112302,"[55995, 101319, 18512, 48898, 108702, 6353, 39486, 66828, 47934, 8418]"
112303,"[62934, 98256, 67422, 65681, 75531, 7696, 70348, 82804, 75281, 61716]"
112304,"[73611, 77352, 15936, 78682, 86593, 9580, 109459, 70625, 20732, 55681]"
112305,"[1561, 11160, 61663, 105105, 57789, 43188, 257, 58660, 52225, 85406]"
112306,"[86998, 87319, 48904, 54971, 16015, 34665, 5347, 31572, 3347, 83119]"
112307,"[60522, 97385, 60185, 106816, 5939, 42281, 64703, 43997, 97832, 48372]"
112308,"[89301, 82481, 41767, 44836, 4996, 61302, 15833, 107111, 79672, 64081]"
112309,"[43042, 57902, 47723, 106299, 29051, 71395, 53117, 11683, 55392, 34785]"
112310,"[83379, 34985, 54837, 27731, 24231, 88550, 70464, 57307, 67052, 48649]"
112311,"[13690, 86170, 3105, 33395, 63409, 50588, 6970, 82952, 22060, 43991]"
112312,"[92468, 90778, 3462, 21396, 1055, 91856, 44431, 96743, 89416, 63629]"
112313,"[95090, 32750, 58171, 32855, 74379, 82872, 73667, 64964, 32592, 49075]"
112314,"[43472, 5111, 61808, 3809, 53084, 107447, 48112, 20130, 97667, 31082]"
112315,"[20915, 44389, 95961, 32182, 73742, 5513, 64481, 99126, 83486, 48147]"
112316,"[10841, 33246, 87492, 105342, 15928, 74885, 44156, 19175, 51214, 54075]"
112317,"[88517, 88216, 25658, 63037, 91365, 79821, 6571, 62225, 76790, 74826]"
112318,"[104792, 81836, 46997, 106564, 40034, 40817, 43158, 9054, 55160, 56432]"
112319,"[100801, 10167, 33177, 12516, 59211, 37078, 66119, 52028, 36029, 98421]"
112320,"[65473, 98793, 67713, 92034, 101637, 34155, 57294, 52384, 2213, 32678]"
112321,"[36379, 53101, 11964, 106535, 100893, 73051, 22680, 54354, 48753, 31706]"
112322,"[37293, 45402, 37820, 13553, 7100, 63390, 46933, 53173, 81906, 27457]"
112323,"[23575, 15923, 39905, 27797, 38112, 33217, 50375, 88463, 8274, 67580]"
112324,"[106325, 15349, 63941, 33189, 68794, 106562, 13692, 33340, 47770, 107213]"
112325,"[96501, 64990, 51800, 3141, 19398, 96658, 25717, 82954, 52254, 82707]"
112326,"[46132, 96358, 62555, 80595, 97821, 8188, 50486, 106613, 93437, 56525]"
112327,"[39042, 106060, 99538, 12222, 62742, 10641, 13757, 26280, 88202, 82883]"
112328,"[4664, 22493, 101230, 51046, 13411, 54520, 25484, 25016, 81960, 73763]"
112329,"[47069, 50925, 49343, 92772, 72588, 50850, 45250, 16147, 80610, 2700]"
112330,"[91257, 56661, 83873, 73623, 3823, 15416, 50595, 47229, 68896, 54098]"
112331,"[14058, 94346, 87576, 64182, 23658, 58966, 102709, 47986, 94655, 41802]"
112332,"[82557, 46468, 78867, 104319, 85219, 28, 2298, 3572, 93546, 77885]"
112333,"[55809, 46290, 35545, 13523, 106635, 76345, 636, 49376, 19141, 104302]"
112334,"[15507, 81730, 83532, 46849, 54811, 70358, 78692, 71551, 48542, 60732]"
112335,"[31780, 101361, 14034, 55591, 6948, 78044, 19172, 78911, 77110, 99169]"
112336,"[18289, 98041, 60868, 44507, 56371, 2516, 101111, 66063, 66804, 75104]"
112337,"[18677, 9404, 95741, 50800, 79170, 46979, 9810, 36571, 75600, 68976]"
112338,"[19544, 25109, 106040, 72858, 72161, 4125, 88753, 99964, 16013, 108384]"
112339,"[45089, 85113, 80297, 54815, 37960, 76319, 31904, 56583, 2750, 79370]"
112340,"[54118, 36517, 21005, 17490, 62583, 95336, 48120, 3224, 107121, 46303]"
112341,"[51277, 81971, 60348, 49984, 70879, 87270, 104408, 80773, 25195, 49089]"
112342,"[70400, 71738, 87146, 49815, 7173, 27406, 2602, 30912, 105016, 84082]"
112343,"[59475, 59629, 39525, 54959, 52366, 95888, 84341, 70041, 91371, 26496]"
112344,"[94704, 3460, 46120, 16016, 82837, 57264, 22936, 25400, 19741, 60797]"
112345,"[43702, 35268, 1925, 48919, 46398, 20856, 11937, 13906, 96719, 72734]"
112346,"[50014, 11869, 50872, 97043, 54950, 65991, 104454, 96318, 69671, 52757]"
112347,"[54178, 74693, 10146, 11640, 77324, 98387, 59102, 31319, 33600, 3939]"
112348,"[70589, 30452, 72064, 31534, 46768, 87208, 70722, 176, 88746, 54940]"
112349,"[43367, 5150, 77000, 81834, 104339, 88338, 99461, 23595, 56054, 53392]"
112350,"[55527, 55128, 96131, 96984, 2633, 38822, 51644, 15153, 98408, 4903]"
112351,"[20435, 85849, 52853, 46449, 90455, 78792, 79747, 68366, 23612, 24577]"
112352,"[73087, 98268, 34341, 67680, 51434, 104575, 72489, 41390, 69805, 34971]"
112353,"[99059, 76581, 105766, 7589, 43142, 61652, 29915, 95663, 59624, 52108]"
112354,"[45166, 109094, 44315, 43970, 49314, 39657, 25078, 19795, 66376, 107191]"
112355,"[59537, 14929, 47614, 89862, 82806, 16063, 9650, 12705, 100147, 71566]"
112356,"[16619, 23098, 16593, 42926, 26843, 64505, 44786, 25512, 6569, 3828]"
112357,"[41553, 69702, 10845, 4082, 105251, 60929, 9583, 71424, 76404, 88157]"
112358,"[60575, 66964, 99760, 107287, 60781, 90062, 55561, 100800, 27341, 78441]"
112359,"[10135, 38488, 78371, 77611, 82414, 53108, 5090, 87145, 26053, 97602]"
112360,"[68900, 668, 70069, 24006, 69395, 13407, 59818, 76690, 45720, 56467]"
112361,"[91406, 34862, 14853, 77786, 50718, 19783, 46796, 2019, 1744, 87037]"
112362,"[27865, 75849, 88522, 33587, 37392, 104338, 29401, 97282, 56093, 8789]"
112363,"[69992, 51091, 28237, 39983, 59094, 57898, 94067, 103862, 100688, 11261]"
112364,"[44966, 2510, 42719, 79541, 55164, 106628, 51202, 95756, 64180, 47094]"
112365,"[9974, 47696, 8853, 95605, 3673, 109437, 6847, 5755, 15246, 77704]"
112366,"[77556, 90282, 74681, 49565, 4168, 24631, 10762, 27080, 37755, 78913]"
112367,"[45098, 188, 35978, 22129, 80392, 64258, 7458, 68365, 9545, 73654]"
112368,"[62375, 82015, 2935, 81311, 108286, 97473, 56078, 23569, 9148, 91132]"
112369,"[790, 102879, 31306, 92476, 28482, 53007, 29821, 22007, 54971, 94338]"
112370,"[22624, 87554, 108539, 17328, 49865, 99850, 39545, 26149, 50563, 3074]"
112371,"[87058, 92899, 95322, 57347, 102442, 20755, 57669, 53751, 95410, 32177]"
112372,"[91013, 26204, 76038, 52027, 57043, 78003, 67142, 54990, 38030, 41275]"
112373,"[14626, 1053, 98995, 74937, 144, 59032, 10551, 25608, 10683, 96237]"
112374,"[11453, 2711, 77256, 52918, 106259, 98506, 24278, 75437, 36554, 20350]"
112375,"[44453, 97346, 76750, 82750, 27030, 32331, 88525, 7066, 24400, 50439]"
112376,"[43082, 82169, 93325, 97895, 46529, 1547, 60380, 96906, 106308, 93251]"
112377,"[42580, 29723, 2686, 50555, 89041, 2869, 15280, 26444, 81647, 74239]"
112378,"[29300, 13949, 54724, 30553, 42862, 31251, 9839, 79966, 17121, 71918]"
112379,"[20358, 93275, 40706, 82812, 50846, 990, 41635, 5764, 50570, 105956]"
112380,"[61398, 83418, 36756, 14963, 30858, 48730, 78322, 57865, 94512, 85443]"
112381,"[12654, 107702, 64099, 33857, 105210, 44625, 89575, 65316, 97958, 106222]"
112382,"[68744, 16017, 88111, 78529, 108859, 19345, 39710, 92566, 92927, 33418]"
112383,"[97130, 64874, 67458, 81549, 52942, 85201, 10627, 108298, 104330, 23492]"
112384,"[49263, 86385, 33361, 104279, 80076, 75515, 65935, 103416, 82416, 100225]"
112385,"[7137, 3574, 63841, 92444, 77608, 12252, 82844, 46162, 74151, 4375]"
112386,"[30804, 17237, 3825, 49553, 18523, 6195, 86166, 53529, 77587, 49912]"
112387,"[10575, 66535, 63762, 26134, 6257, 993, 104153, 60289, 58035, 16504]"
112388,"[98248, 70515, 6067, 92134, 74971, 64572, 34077, 13283, 39666, 31071]"
112389,"[10243, 98376, 70487, 108451, 99504, 97632, 57536, 86100, 106686, 20244]"
112390,"[21291, 86244, 54718, 77049, 15725, 40986, 16933, 43278, 89010, 34336]"
112391,"[83099, 35474, 40662, 96638, 105198, 87851, 101522, 13525, 28489, 107150]"
112392,"[10708, 47166, 92097, 66574, 68387, 21964, 82885, 59486, 78168, 19300]"
112393,"[54763, 84108, 83800, 14486, 104274, 55093, 90123, 22839, 67103, 99204]"
112394,"[17572, 81081, 37492, 25829, 38273, 31989, 94805, 107110, 16160, 77146]"
112395,"[57073, 32815, 4269, 30953, 89657, 103962, 66431, 42696, 95467, 97581]"
112396,"[43299, 59920, 17442, 42591, 9370, 58452, 92490, 49208, 69857, 44261]"
112397,"[95459, 77777, 26973, 798, 103267, 12072, 57934, 24080, 53800, 54156]"
112398,"[59090, 51818, 19389, 49765, 88576, 75598, 21542, 12584, 77092, 1157]"
112399,"[45992, 38946, 42873, 26007, 95191, 58011, 29076, 95849, 52479, 87196]"
112400,"[78230, 79545, 71522, 42756, 5841, 53695, 27936, 50906, 77845, 11010]"
112401,"[12733, 27368, 107813, 89886, 108978, 34096, 103278, 37988, 59006, 86074]"
112402,"[94664, 44159, 80507, 78908, 40799, 69857, 49392, 97984, 92490, 64004]"
112403,"[18496, 58293, 49856, 46362, 45922, 88783, 88471, 51228, 75082, 85966]"
112404,"[8933, 13297, 51776, 9177, 5676, 38908, 50056, 104011, 45641, 10298]"
112405,"[540, 83118, 51908, 29761, 15437, 23823, 78232, 96149, 35702, 72735]"
112406,"[57557, 40332, 51923, 55618, 65347, 50387, 66982, 30845, 23222, 27323]"
112407,"[62884, 30517, 77625, 5965, 70598, 59633, 54569, 19, 2773, 24620]"
112408,"[95276, 58981, 81019, 109322, 99192, 89681, 56732, 37990, 89887, 86152]"
112409,"[98706, 62473, 41370, 42897, 96020, 47760, 42073, 44388, 17990, 82381]"
112410,"[29960, 85956, 24530, 45907, 39032, 84521, 3369, 2916, 55786, 23332]"
112411,"[42983, 1720, 58104, 104680, 60483, 62035, 22786, 9582, 32394, 5317]"
112412,"[80214, 92993, 16281, 24351, 60295, 50013, 73228, 42134, 25043, 28753]"
112413,"[25188, 31512, 70657, 65823, 104528, 105322, 24886, 72087, 28365, 51995]"
112414,"[51496, 76637, 89745, 26022, 32717, 15692, 75973, 66168, 45206, 89999]"
112415,"[91686, 8445, 71309, 87485, 15801, 1815, 25779, 5235, 68617, 85959]"
112416,"[106871, 62105, 101265, 39081, 32120, 34084, 71345, 10552, 104348, 34238]"
112417,"[32844, 26843, 42926, 46598, 48998, 64304, 23098, 104577, 49912, 31057]"
112418,"[91390, 64058, 97897, 43640, 67203, 56443, 9479, 106719, 33228, 52342]"
112419,"[14804, 54211, 18514, 58511, 17950, 2201, 15244, 103908, 53560, 46811]"
112420,"[20451, 50135, 40888, 31886, 25402, 49031, 103787, 60587, 96572, 16249]"
112421,"[83459, 53969, 1407, 101947, 63144, 47891, 109349, 66699, 18946, 84436]"
112422,"[63195, 60274, 108295, 96264, 23947, 102738, 77750, 14390, 13401, 14442]"
112423,"[105383, 80201, 46099, 36186, 20258, 47707, 76580, 19648, 47628, 64569]"
112424,"[327, 92477, 41038, 61066, 69518, 88213, 96479, 51003, 79206, 103916]"
112425,"[46119, 100289, 48775, 66309, 2199, 39651, 109412, 108513, 21998, 40667]"
112426,"[106021, 56614, 106011, 45889, 18022, 64352, 45712, 85843, 36312, 82739]"
112427,"[74220, 97713, 1000, 93061, 104712, 24867, 22625, 11313, 59424, 11622]"
112428,"[72569, 105406, 6943, 90705, 94254, 47215, 97259, 24285, 66584, 60594]"
112429,"[46469, 36318, 7991, 39168, 75679, 4902, 100855, 16191, 22329, 17764]"
112430,"[7828, 93458, 63169, 13446, 104374, 102182, 4855, 69341, 24895, 26305]"
112431,"[86015, 74844, 51557, 107240, 109723, 31962, 32666, 52329, 14699, 46831]"
112432,"[104957, 55866, 59014, 27161, 95117, 41378, 895, 19532, 46083, 9496]"
112433,"[68388, 88862, 61451, 68433, 23453, 39943, 31754, 107168, 90876, 83336]"
112434,"[29124, 21815, 103538, 72720, 67412, 75540, 93672, 40521, 66423, 67473]"
112435,"[53524, 65917, 18278, 29535, 47737, 42507, 205, 34875, 22530, 9379]"
112436,"[597, 97812, 105315, 41390, 105848, 53739, 89319, 102656, 45983, 41452]"
112437,"[59331, 16283, 28778, 61945, 11330, 78084, 39361, 70645, 26031, 53609]"
112438,"[90485, 43917, 64746, 94416, 11130, 46948, 38191, 93490, 38668, 38490]"
112439,"[15696, 102273, 37137, 103899, 98067, 6994, 94914, 33893, 100999, 11463]"
112440,"[59837, 101299, 38865, 15010, 41464, 41415, 18923, 18811, 45217, 38486]"
112441,"[55884, 81378, 4165, 87626, 90408, 44849, 21130, 18102, 4395, 21909]"
112442,"[46244, 34960, 15069, 41440, 60631, 48692, 13341, 1817, 55132, 101707]"
112443,"[107495, 34329, 55026, 68862, 104337, 98362, 85748, 71765, 29675, 38328]"
112444,"[10633, 85276, 17857, 88651, 98535, 51622, 102153, 43790, 759, 69523]"
112445,"[42011, 40754, 89734, 78536, 78043, 18554, 108621, 1747, 38085, 47474]"
112446,"[47940, 4171, 79486, 32675, 17705, 26247, 64264, 57857, 58755, 5581]"
112447,"[83489, 83086, 86988, 29907, 7924, 69563, 104212, 6766, 5870, 95153]"
112448,"[4545, 67439, 50345, 94977, 100585, 49874, 20393, 54074, 88721, 85315]"
112449,"[7623, 67536, 5436, 36085, 24872, 11687, 57065, 58041, 56127, 94273]"
112450,"[26288, 11981, 91120, 8549, 95656, 69049, 95324, 21886, 47466, 83576]"
112451,"[58244, 14623, 7837, 93684, 46887, 7038, 84727, 41509, 23437, 94307]"
112452,"[47149, 19539, 18911, 30933, 4718, 50211, 106213, 101370, 40434, 34752]"
112453,"[68985, 34060, 60733, 74919, 95688, 46041, 61986, 86764, 89058, 59901]"
112454,"[98890, 91731, 89317, 40321, 30862, 108479, 30750, 5519, 58964, 43164]"
112455,"[12925, 93414, 4, 3083, 30019, 109025, 94382, 20284, 7423, 71000]"
112456,"[92856, 104709, 2246, 59631, 21588, 631, 4531, 74499, 82082, 14432]"
112457,"[84725, 40311, 88792, 7434, 98388, 57632, 23825, 21613, 43907, 46586]"
112458,"[86391, 36629, 12202, 13108, 108866, 56923, 24810, 79499, 73538, 98792]"
112459,"[56844, 77138, 3056, 30871, 90508, 91362, 12640, 69347, 8335, 8785]"
112460,"[100512, 87760, 1988, 97708, 87068, 86118, 16030, 85009, 40471, 31468]"
112461,"[46561, 32510, 34836, 24688, 9550, 107954, 42177, 7564, 21063, 30706]"
112462,"[53473, 51679, 60632, 88288, 75830, 27991, 31525, 22502, 51002, 108919]"
112463,"[87457, 24314, 108716, 92262, 108354, 47370, 94642, 37915, 94088, 91996]"
112464,"[69371, 82246, 94507, 33924, 47634, 6833, 21963, 108677, 58446, 55119]"
112465,"[64287, 86303, 95556, 50480, 40172, 56116, 93062, 63903, 63409, 22663]"
112466,"[34066, 48618, 56494, 91458, 104983, 53331, 109208, 37097, 70621, 21692]"
112467,"[70947, 92455, 28209, 94220, 69975, 28340, 94873, 51114, 22239, 84798]"
112468,"[47862, 106713, 73135, 59400, 83977, 11171, 54646, 88104, 88103, 62661]"
112469,"[64947, 90539, 54614, 19920, 66436, 52773, 54601, 2015, 36063, 16183]"
112470,"[6169, 93360, 29970, 100844, 31338, 29951, 85458, 24143, 79995, 19676]"
112471,"[101473, 72463, 96477, 105012, 45688, 74149, 33847, 32446, 105849, 75623]"
112472,"[52061, 62764, 7678, 90973, 38055, 41136, 38022, 88452, 71055, 72560]"
112473,"[35476, 55031, 8001, 89515, 94765, 78090, 61040, 19505, 50386, 22003]"
112474,"[15974, 102372, 88963, 86653, 83375, 22914, 1062, 44707, 103240, 45699]"
112475,"[59325, 23212, 35766, 26783, 93078, 11460, 13045, 49398, 45618, 32153]"
112476,"[96015, 95047, 65658, 75381, 58435, 58990, 93031, 100066, 98378, 90115]"
112477,"[17736, 11497, 4603, 436, 93111, 91916, 44123, 59485, 14272, 78057]"
112478,"[99217, 4970, 85349, 4390, 47324, 5013, 26243, 69672, 42707, 47222]"
112479,"[14573, 66072, 64632, 13295, 57306, 57035, 107844, 78152, 19501, 53438]"
112480,"[70667, 27686, 106131, 90884, 15452, 22962, 96195, 104959, 64509, 11427]"
112481,"[432, 46887, 53306, 38348, 12168, 87724, 25187, 4948, 81056, 69797]"
112482,"[58047, 108598, 85964, 2326, 22499, 6335, 21726, 77997, 70725, 983]"
112483,"[89641, 34929, 23060, 42271, 26268, 16970, 51594, 99530, 65483, 2333]"
112484,"[75640, 39374, 55730, 2550, 47698, 45708, 11751, 10121, 68515, 20605]"
112485,"[81169, 78444, 44031, 56912, 11918, 35314, 29876, 78770, 47520, 40202]"
112486,"[71964, 100853, 18635, 77070, 70427, 87527, 91076, 82304, 85796, 47780]"
112487,"[80219, 26462, 56768, 58585, 108799, 26292, 82256, 24928, 17728, 55066]"
112488,"[82736, 53342, 31641, 42402, 105341, 57767, 25948, 3340, 36944, 31649]"
112489,"[109137, 96271, 38114, 80232, 44809, 4761, 54308, 51349, 46915, 98624]"
112490,"[5026, 76509, 84991, 94444, 22037, 2995, 108278, 42382, 63028, 72441]"
112491,"[77735, 55483, 77734, 41562, 64406, 100107, 22184, 49808, 106235, 75587]"
112492,"[60583, 50527, 68878, 72855, 21852, 29636, 75149, 10412, 70039, 81685]"
112493,"[57686, 31247, 43643, 12122, 103256, 1456, 53276, 58365, 40861, 21012]"
112494,"[82049, 54323, 70351, 99854, 36831, 50399, 77942, 106838, 82954, 68539]"
112495,"[74529, 42113, 109007, 75589, 51543, 31889, 65526, 9518, 4767, 94421]"
112496,"[799, 66011, 36839, 4724, 64254, 31445, 4601, 44991, 102760, 44350]"
112497,"[3478, 12979, 108055, 73109, 56120, 71534, 92610, 38906, 55557, 67901]"
112498,"[64835, 57932, 107431, 60548, 3265, 41915, 92947, 98399, 18455, 94516]"
112499,"[35371, 107627, 80409, 33463, 64373, 5249, 28653, 44741, 77344, 63782]"
112500,"[72540, 86292, 49976, 1732, 69229, 106781, 74669, 95398, 45170, 17233]"
112501,"[103125, 89953, 28744, 4998, 94975, 60338, 103949, 1827, 84352, 69924]"
112502,"[105398, 70817, 42225, 66331, 2392, 26321, 55542, 14021, 86845, 97777]"
112503,"[32305, 74908, 99015, 35362, 22332, 33899, 880, 69389, 105619, 13858]"
112504,"[107405, 46609, 63889, 30388, 96253, 38359, 52894, 109734, 10819, 71963]"
112505,"[87246, 65376, 25860, 92284, 40498, 13142, 8934, 81126, 92779, 678]"
112506,"[26538, 5526, 77231, 93607, 103891, 86461, 14661, 51704, 79465, 24335]"
112507,"[33935, 89629, 107873, 29386, 73224, 68323, 69676, 69506, 35615, 52761]"
112508,"[106433, 47911, 47848, 79692, 98437, 70359, 51631, 101785, 44893, 45508]"
112509,"[100955, 69438, 99913, 23261, 56134, 60496, 29511, 79920, 86831, 18691]"
112510,"[85332, 97892, 91789, 78494, 54883, 67278, 30692, 98996, 80279, 19968]"
112511,"[81897, 97970, 40421, 36469, 51564, 104073, 17325, 53442, 63772, 16997]"
112512,"[42302, 89305, 95753, 99203, 76659, 33969, 92303, 58790, 49955, 72755]"
112513,"[95441, 6224, 93723, 55317, 84360, 48492, 69665, 91204, 108426, 44731]"
112514,"[13493, 19166, 49836, 98873, 27573, 105379, 7790, 75241, 61465, 22708]"
112515,"[16667, 18371, 81249, 67798, 7387, 42170, 74345, 58473, 53420, 47407]"
112516,"[94016, 60797, 62698, 36369, 58759, 75904, 47892, 71890, 3460, 86427]"
112517,"[93710, 46375, 89468, 47162, 4012, 87299, 75894, 97390, 20296, 18878]"
112518,"[78193, 30654, 46482, 81146, 66317, 64625, 33356, 99119, 76059, 36590]"
112519,"[33610, 738, 93164, 46778, 105792, 51785, 72161, 72858, 39626, 1798]"
112520,"[7158, 98753, 99562, 68977, 83599, 45759, 5056, 42155, 86530, 19516]"
112521,"[55670, 90184, 6073, 38864, 22142, 94008, 52732, 31733, 39758, 52160]"
112522,"[11251, 105364, 20567, 102815, 78444, 79135, 100783, 49769, 81169, 366]"
112523,"[107846, 31038, 89690, 56325, 93692, 28846, 45937, 11950, 59594, 9447]"
112524,"[87170, 56233, 67, 36752, 86349, 40911, 74791, 13479, 34588, 27304]"
112525,"[99523, 64055, 30610, 13564, 32724, 25871, 83640, 98851, 73925, 61873]"
112526,"[66329, 88397, 96984, 61415, 2484, 17064, 97769, 15795, 48030, 85753]"
112527,"[78586, 74774, 81903, 25405, 31487, 41058, 9309, 103145, 63845, 11403]"
112528,"[17028, 1150, 85552, 105266, 94969, 20609, 101574, 54150, 79596, 84147]"
112529,"[35170, 48338, 97560, 71350, 82425, 108047, 73259, 16330, 24799, 84349]"
112530,"[108186, 44004, 52417, 94540, 32208, 94602, 24648, 15329, 87481, 45345]"
112531,"[86172, 15962, 4411, 59791, 37450, 83939, 44993, 57554, 31567, 81977]"
112532,"[62015, 108008, 3475, 88743, 32753, 8910, 69778, 97548, 78020, 72955]"
112533,"[40628, 30098, 16849, 10714, 109233, 35989, 21313, 24766, 54327, 18686]"
112534,"[84744, 28106, 31888, 13608, 44437, 101692, 53210, 15645, 41481, 40346]"
112535,"[109538, 81728, 51922, 96659, 26517, 11460, 84514, 16505, 101421, 32810]"
112536,"[11040, 25683, 84675, 18301, 32626, 80840, 75637, 109673, 31147, 108100]"
112537,"[28082, 17701, 48215, 42890, 103236, 42252, 102647, 2167, 35008, 7191]"
112538,"[46597, 98123, 22843, 109577, 27779, 59223, 90998, 48890, 45738, 96268]"
112539,"[8016, 92787, 39500, 36223, 20011, 5055, 93890, 89134, 60110, 87914]"
112540,"[75240, 102298, 37720, 4976, 93290, 90607, 73968, 50925, 66526, 17258]"
112541,"[74560, 81461, 12923, 96732, 42637, 63199, 86224, 56278, 43568, 65616]"
112542,"[30633, 88252, 32075, 652, 22579, 26614, 67981, 37217, 68583, 22612]"
112543,"[63887, 57482, 12992, 82762, 41062, 89238, 3427, 90894, 51016, 83463]"
112544,"[20893, 108778, 31279, 48418, 80741, 97779, 86382, 6246, 8927, 4567]"
112545,"[45740, 24594, 37038, 2402, 94090, 70333, 2410, 66414, 32895, 78085]"
112546,"[26668, 45018, 65170, 73098, 90928, 18979, 83656, 48244, 44596, 109332]"
112547,"[62478, 99238, 81585, 27428, 11958, 1628, 46372, 30680, 3597, 65805]"
112548,"[1667, 106662, 107500, 915, 47186, 18, 56195, 107625, 94651, 101403]"
112549,"[66697, 14721, 23202, 95552, 6590, 56221, 101737, 9851, 29031, 28094]"
112550,"[38853, 21610, 87939, 11507, 52056, 108722, 60418, 25413, 34000, 63322]"
112551,"[65452, 60914, 38669, 49171, 80580, 103569, 95512, 30343, 47632, 40879]"
112552,"[11441, 35687, 46851, 87174, 18844, 26126, 10540, 94527, 7954, 32394]"
112553,"[61827, 63039, 45678, 47255, 91759, 12161, 55936, 35309, 77439, 58586]"
112554,"[79228, 3446, 30293, 100310, 53065, 4432, 5365, 3501, 89743, 25388]"
112555,"[69983, 78267, 30907, 54058, 50506, 92169, 62077, 92434, 6498, 42272]"
112556,"[6135, 3509, 63470, 76663, 49446, 25000, 30947, 47100, 82286, 56062]"
112557,"[23051, 85418, 95225, 88435, 79596, 48976, 94969, 44414, 106174, 59024]"
112558,"[94242, 99754, 43444, 95645, 43527, 83880, 85001, 75414, 54604, 108855]"
112559,"[76995, 16099, 58578, 71889, 47970, 71401, 74480, 8639, 39450, 70744]"
112560,"[84393, 64094, 75303, 21670, 47721, 8622, 95426, 50260, 7685, 48684]"
112561,"[68247, 9460, 1003, 38655, 98674, 48742, 43514, 3243, 38004, 15766]"
112562,"[38924, 84745, 93408, 4784, 18869, 83113, 45992, 95849, 52479, 3613]"
112563,"[6282, 90126, 84269, 8908, 104527, 108649, 53268, 94091, 52507, 13931]"
112564,"[92120, 73233, 30144, 98215, 91254, 42690, 83337, 71392, 32609, 32906]"
112565,"[33929, 99841, 89292, 55383, 94394, 99144, 2906, 31859, 96359, 47144]"
112566,"[60144, 19605, 32741, 74124, 48140, 44173, 93485, 77474, 90058, 11180]"
112567,"[52646, 104345, 104873, 25584, 16603, 58054, 39463, 47620, 21338, 62964]"
112568,"[75892, 107855, 49395, 108111, 27002, 94589, 5979, 72020, 55864, 104947]"
112569,"[4004, 3842, 23486, 101040, 109340, 99877, 37434, 55704, 89817, 17848]"
112570,"[30662, 95502, 46389, 45466, 39557, 83898, 59427, 101146, 58563, 48625]"
112571,"[63699, 3135, 101989, 39408, 57557, 40332, 90924, 92313, 99661, 84160]"
112572,"[93922, 36597, 30881, 45352, 72239, 54946, 16961, 103965, 58640, 102349]"
112573,"[7245, 52954, 58848, 106021, 106094, 28519, 19864, 8743, 46043, 97152]"
112574,"[58449, 58419, 44307, 71421, 34176, 82492, 696, 101379, 89170, 34884]"
112575,"[85282, 32761, 1609, 73624, 91502, 91455, 96855, 44979, 23075, 17988]"
112576,"[19532, 47499, 19981, 50358, 27823, 40282, 58064, 62568, 15754, 49377]"
112577,"[71872, 1627, 13873, 48536, 97098, 103321, 4867, 47342, 22774, 52764]"
112578,"[45037, 92679, 98146, 5531, 108382, 6166, 98979, 96980, 32415, 34284]"
112579,"[55089, 72159, 61838, 2964, 3758, 2274, 64024, 38395, 12774, 33461]"
112580,"[41013, 5409, 13239, 27869, 108481, 93519, 15344, 80872, 50261, 16323]"
112581,"[2778, 57921, 34480, 61548, 40445, 56487, 7005, 34953, 107741, 68897]"
112582,"[346, 10835, 92067, 14074, 15566, 2819, 51697, 12417, 54476, 79038]"
112583,"[81293, 18427, 93224, 10878, 1380, 79621, 23197, 22012, 8072, 97723]"
112584,"[50775, 10961, 104670, 81026, 76799, 30406, 42515, 5460, 105410, 72749]"
112585,"[79822, 34151, 72797, 83502, 39104, 34636, 3502, 7688, 46812, 86425]"
112586,"[11229, 105950, 10283, 55870, 56176, 28651, 50744, 78069, 70350, 26578]"
112587,"[80442, 4479, 23500, 7602, 80726, 41694, 70221, 65380, 103369, 106461]"
112588,"[89927, 29875, 95647, 8109, 8446, 68754, 23279, 26801, 74497, 57696]"
112589,"[40263, 96872, 21680, 42516, 3550, 15997, 45634, 784, 86138, 36342]"
112590,"[25136, 109744, 23695, 60653, 87979, 30218, 8951, 41882, 48806, 32547]"
112591,"[16060, 68633, 13200, 45257, 65144, 105603, 52685, 67149, 82987, 83400]"
112592,"[57182, 33766, 66045, 70613, 44865, 78455, 74098, 28888, 65689, 95403]"
112593,"[50281, 63725, 109630, 68570, 100837, 23114, 87604, 49832, 614, 30806]"
112594,"[35525, 50220, 63434, 31267, 61020, 54433, 2349, 67538, 108895, 57487]"
112595,"[38570, 20468, 17158, 51716, 2307, 73963, 56375, 97979, 4309, 9382]"
112596,"[42768, 67987, 74397, 1690, 97486, 45071, 7324, 20458, 2183, 52841]"
112597,"[80573, 59254, 20702, 24600, 26169, 44458, 32778, 108334, 23146, 26173]"
112598,"[66038, 46783, 27497, 56584, 107610, 57459, 47530, 31216, 88813, 28000]"
112599,"[82454, 26314, 28846, 14158, 41085, 93692, 36759, 11950, 61355, 59594]"
112600,"[109353, 13056, 49491, 85238, 96634, 20428, 103499, 2285, 56215, 28548]"
112601,"[106184, 44604, 93891, 17068, 82941, 23723, 104884, 74874, 77260, 17879]"
112602,"[88079, 60867, 93133, 25868, 70714, 2355, 12526, 40443, 90329, 92613]"
112603,"[18071, 104721, 45978, 10291, 41417, 78881, 30561, 104102, 28584, 98557]"
112604,"[94882, 73987, 62812, 67482, 84887, 38043, 19067, 20930, 16032, 59196]"
112605,"[44913, 47687, 13094, 107508, 26885, 24980, 109570, 86654, 55836, 94490]"
112606,"[21779, 102817, 81708, 28895, 3279, 70358, 44648, 39582, 47070, 40926]"
112607,"[50131, 8194, 103949, 43614, 34257, 30952, 56315, 75675, 8825, 23080]"
112608,"[63098, 100511, 94449, 7399, 36251, 65409, 9319, 44145, 29232, 61301]"
112609,"[43461, 37410, 32759, 73468, 51589, 37005, 51350, 33817, 37114, 88895]"
112610,"[57635, 62358, 55143, 75631, 54684, 84110, 79470, 83889, 70809, 80538]"
112611,"[47507, 54728, 72662, 63879, 94528, 65139, 11234, 37234, 1174, 18937]"
112612,"[37514, 105529, 92500, 1482, 25482, 34038, 62092, 22759, 54851, 31900]"
112613,"[16754, 38168, 100171, 100659, 81053, 72653, 107037, 1977, 7966, 98729]"
112614,"[107968, 77113, 29722, 84993, 27953, 42589, 74119, 108945, 109294, 85734]"
112615,"[88448, 78246, 40467, 67993, 88639, 73431, 71678, 66559, 102795, 3168]"
112616,"[11211, 57123, 13766, 37091, 38218, 16881, 79793, 46728, 74514, 92971]"
112617,"[62491, 28322, 43361, 77479, 100083, 22507, 94274, 47841, 61635, 24599]"
112618,"[7084, 68212, 88890, 27753, 79649, 80091, 71609, 48747, 14179, 27310]"
112619,"[55879, 102311, 37750, 66830, 81695, 66489, 9944, 33618, 73020, 69003]"
112620,"[103534, 108977, 16819, 100941, 99039, 21395, 27050, 34609, 93951, 59744]"
112621,"[26518, 31187, 103264, 63728, 42464, 5201, 60815, 36636, 90133, 15200]"
112622,"[54265, 91378, 22231, 41579, 28645, 49185, 102442, 2798, 34612, 104898]"
112623,"[46710, 14762, 79046, 19593, 57893, 11555, 17072, 47392, 103433, 62267]"
112624,"[54321, 4836, 80756, 107673, 64311, 28936, 35727, 65021, 75475, 4736]"
112625,"[89159, 61091, 36839, 74113, 62346, 6423, 56479, 93481, 80936, 107809]"
112626,"[30776, 62358, 101173, 13675, 79470, 83889, 70809, 80538, 75631, 84278]"
112627,"[34902, 359, 6046, 15299, 89604, 41954, 65648, 22840, 93196, 49858]"
112628,"[87033, 82702, 63267, 53911, 101185, 54543, 67058, 3100, 36362, 27067]"
112629,"[85150, 86547, 31167, 101715, 44147, 65441, 54292, 76374, 58577, 92429]"
112630,"[17760, 32284, 96772, 104009, 67639, 62100, 27945, 104369, 20206, 48074]"
112631,"[1205, 28183, 99825, 62614, 27761, 41008, 68981, 20444, 35180, 35938]"
112632,"[89243, 55885, 37499, 68331, 63297, 29390, 14178, 88176, 94086, 42150]"
112633,"[52228, 69182, 26824, 3548, 46441, 79090, 28292, 30423, 20785, 73745]"
112634,"[50605, 20885, 8556, 49527, 6469, 96721, 42340, 10315, 106261, 15503]"
112635,"[7923, 90264, 9916, 86478, 3139, 34788, 19994, 55641, 101738, 16717]"
112636,"[85574, 63107, 51458, 9163, 80632, 53624, 50087, 54232, 84788, 92465]"
112637,"[68179, 88209, 60232, 48514, 58565, 9628, 74850, 71790, 46307, 108775]"
112638,"[81626, 105677, 6462, 22130, 5330, 81654, 88494, 20995, 99516, 18751]"
112639,"[72021, 275, 56305, 13742, 16893, 13868, 9386, 21298, 14250, 82797]"
112640,"[88569, 49687, 67309, 32073, 13100, 5130, 65843, 17583, 33925, 80036]"
112641,"[72311, 105225, 107696, 42271, 41107, 57514, 83590, 85850, 85499, 39205]"
112642,"[39117, 87134, 11577, 60579, 35901, 37897, 44661, 16684, 13816, 23722]"
112643,"[87531, 55919, 6303, 78072, 61485, 39178, 8813, 96983, 34696, 81589]"
112644,"[78282, 73857, 96238, 98364, 14763, 240, 107459, 25684, 10634, 61832]"
112645,"[98578, 94392, 57268, 44836, 56543, 30240, 53301, 95720, 1375, 70406]"
112646,"[97351, 46211, 91107, 12347, 35320, 91658, 14975, 106332, 2489, 237]"
112647,"[54221, 82654, 90696, 58469, 85947, 72049, 67263, 84052, 64947, 37001]"
112648,"[52711, 71052, 5396, 37186, 1810, 7680, 60249, 63726, 77987, 99447]"
112649,"[46868, 22461, 92491, 102384, 99970, 20255, 73725, 78866, 84455, 17263]"
112650,"[42284, 12232, 17425, 44033, 16725, 89758, 92256, 22578, 63978, 80274]"
112651,"[104751, 75096, 63250, 16945, 52461, 87476, 17370, 36773, 98148, 85870]"
112652,"[46935, 48825, 83167, 24326, 55011, 29201, 66177, 36095, 58594, 36913]"
112653,"[95003, 65904, 26929, 35059, 85525, 65650, 49957, 38630, 60905, 4756]"
112654,"[30958, 95929, 31103, 74222, 62116, 56192, 62050, 101283, 39543, 35405]"
112655,"[2455, 68548, 20137, 2818, 80053, 55719, 58335, 80096, 43165, 77478]"
112656,"[90084, 12053, 33706, 46096, 66447, 96780, 85720, 27936, 26405, 106685]"
112657,"[77643, 103330, 62649, 15627, 82719, 45206, 26022, 52244, 84255, 20108]"
112658,"[7153, 105039, 78775, 61234, 51813, 13087, 6221, 25156, 13872, 74067]"
112659,"[48270, 2363, 106283, 8259, 61310, 41212, 38606, 31599, 46780, 40729]"
112660,"[78680, 91024, 59701, 108062, 25080, 77727, 9401, 100317, 1678, 102968]"
112661,"[94814, 11954, 10002, 90105, 27136, 30010, 55800, 601, 30721, 80524]"
112662,"[5005, 4423, 43227, 10778, 28427, 8992, 30182, 88513, 96897, 98314]"
112663,"[34342, 100741, 605, 46898, 12528, 91421, 97800, 18833, 19645, 70172]"
112664,"[104250, 66585, 12132, 81521, 81707, 93721, 37057, 99868, 100321, 50958]"
112665,"[104031, 44313, 88074, 67074, 72774, 21530, 50125, 62523, 33196, 105234]"
112666,"[108443, 32767, 84516, 71285, 94185, 51150, 87896, 96741, 103511, 86454]"
112667,"[77269, 101059, 23732, 88380, 57315, 75247, 103146, 61903, 20562, 9272]"
112668,"[35038, 98755, 42997, 46428, 34958, 89664, 13774, 79766, 24510, 41324]"
112669,"[10966, 41420, 15847, 30936, 77781, 41831, 64984, 76822, 79138, 50248]"
112670,"[17257, 416, 72122, 55072, 59559, 7080, 97016, 105525, 101013, 37649]"
112671,"[48146, 26509, 95189, 25668, 51749, 7974, 78875, 94379, 33156, 9506]"
112672,"[28060, 63598, 20125, 93981, 28159, 75728, 129, 92843, 100046, 90115]"
112673,"[31456, 20738, 75146, 93504, 27274, 33648, 27897, 77312, 2465, 17907]"
112674,"[52401, 42286, 86537, 49538, 49840, 8933, 45641, 19617, 102354, 103534]"
112675,"[84442, 99086, 22674, 74250, 73075, 16977, 955, 60410, 51041, 101566]"
112676,"[64640, 17509, 73044, 65816, 74836, 72758, 49178, 58726, 42648, 43231]"
112677,"[102970, 109701, 17189, 64272, 21190, 106199, 14626, 100990, 45754, 36540]"
112678,"[15076, 16780, 58660, 18266, 38417, 36196, 15817, 77670, 79407, 108666]"
112679,"[30424, 16062, 75821, 103481, 93237, 34407, 71662, 41441, 78981, 18402]"
112680,"[50773, 90866, 86954, 53364, 106237, 88130, 28598, 50746, 100692, 10584]"
112681,"[86075, 23179, 50214, 52568, 36477, 104864, 17075, 69662, 28790, 1553]"
112682,"[15459, 99105, 56917, 101172, 82605, 81294, 14973, 21019, 15183, 71854]"
112683,"[53077, 8458, 57130, 36379, 48637, 108829, 4379, 51489, 7217, 48696]"
112684,"[103196, 100833, 61736, 78979, 60715, 87216, 94898, 64104, 71483, 45542]"
112685,"[106204, 9665, 69939, 6832, 21943, 92238, 102973, 9477, 2068, 32998]"
112686,"[63543, 33180, 2582, 69914, 85274, 6239, 308, 69701, 92690, 48216]"
112687,"[87326, 89727, 49228, 30619, 47444, 28844, 25406, 106704, 6671, 57804]"
112688,"[75315, 11357, 86008, 18251, 78623, 38572, 99201, 33517, 6309, 98289]"
112689,"[44131, 104987, 37489, 106471, 41627, 98867, 5299, 121, 85674, 37704]"
112690,"[54532, 29425, 5987, 108127, 88973, 12657, 58550, 33419, 66078, 105403]"
112691,"[62304, 80728, 21680, 42516, 56444, 45634, 56440, 107258, 104865, 94690]"
112692,"[9520, 37734, 72173, 50946, 109522, 101693, 53184, 36161, 27860, 39932]"
112693,"[92816, 41018, 105219, 86608, 39915, 89764, 34711, 43868, 102705, 28692]"
112694,"[22921, 109166, 29859, 59213, 29637, 94340, 43867, 16355, 89053, 57679]"
112695,"[16259, 108062, 100317, 14168, 61103, 1678, 102968, 13979, 25080, 99251]"
112696,"[83902, 87917, 78001, 38925, 91706, 10104, 33889, 94646, 48591, 5431]"
112697,"[22913, 20154, 64912, 63438, 30453, 101495, 25724, 103858, 4614, 33079]"
112698,"[116, 82881, 19916, 108451, 99504, 97632, 60116, 84092, 25350, 75906]"
112699,"[17738, 66633, 73909, 102542, 83721, 71903, 32520, 55307, 91116, 60832]"
112700,"[56672, 87745, 7705, 16810, 54148, 37320, 35994, 32378, 89890, 85757]"
112701,"[72752, 2247, 18716, 19243, 26642, 7852, 13677, 62083, 35089, 2749]"
112702,"[6693, 73897, 33268, 93831, 18759, 58245, 75966, 7426, 46193, 21364]"
112703,"[42132, 25206, 75990, 60730, 94695, 5359, 100554, 93082, 108914, 81500]"
112704,"[84550, 36456, 108272, 49607, 8620, 55521, 46920, 90163, 39809, 16632]"
112705,"[38838, 1725, 69751, 25738, 56122, 50992, 85280, 107506, 44698, 44493]"
112706,"[12667, 20527, 96178, 49960, 30725, 17875, 54016, 3408, 46936, 96261]"
112707,"[33504, 88720, 96210, 15677, 29946, 76877, 9258, 79657, 28516, 18591]"
112708,"[17845, 57071, 49564, 35640, 65091, 10674, 87451, 100468, 99922, 58150]"
112709,"[67544, 13158, 94136, 81079, 15067, 7643, 40571, 99462, 78914, 61041]"
112710,"[58294, 56888, 33973, 93558, 71861, 36149, 27485, 75949, 32069, 38067]"
112711,"[1272, 49474, 98717, 104125, 35510, 53249, 25975, 33803, 91653, 33773]"
112712,"[105681, 103670, 70505, 38777, 106060, 76402, 13757, 108678, 92867, 17464]"
112713,"[67572, 15974, 47299, 86653, 83375, 49445, 75079, 24956, 51224, 70044]"
112714,"[82956, 13669, 43132, 100798, 53127, 17675, 60546, 67480, 17635, 2573]"
112715,"[58145, 104174, 38387, 52555, 97695, 76957, 4765, 16098, 107394, 32646]"
112716,"[50949, 73423, 87023, 104395, 86257, 65989, 98551, 27906, 47066, 47523]"
112717,"[6802, 57103, 62957, 36110, 83372, 31840, 65427, 25771, 26220, 22113]"
112718,"[20677, 108626, 7708, 89997, 35001, 89089, 41872, 43033, 94797, 2608]"
112719,"[4256, 39609, 43475, 92646, 103168, 57761, 55524, 43144, 74963, 59516]"
112720,"[35051, 37359, 627, 48500, 32248, 16875, 99010, 70875, 50146, 38067]"
112721,"[70121, 33014, 27110, 6225, 100371, 38867, 108064, 6038, 106096, 30129]"
112722,"[23816, 97686, 48275, 69820, 31974, 22961, 41491, 79419, 106449, 8851]"
112723,"[66190, 17502, 84789, 13680, 93142, 92584, 74086, 36537, 49500, 53272]"
112724,"[4537, 27794, 96903, 20871, 76152, 62198, 93727, 90508, 104235, 19730]"
112725,"[38966, 94116, 75226, 75701, 58112, 32650, 70965, 28646, 3801, 53748]"
112726,"[88587, 5426, 99300, 99248, 31107, 52275, 50471, 44392, 41941, 35547]"
112727,"[19749, 48900, 39690, 52030, 24292, 40499, 97149, 96971, 82842, 4023]"
112728,"[33111, 29852, 65494, 51912, 104053, 69269, 2130, 53250, 12234, 25051]"
112729,"[84390, 50387, 98532, 65347, 39899, 96528, 87147, 24179, 96884, 40332]"
112730,"[46984, 108088, 4345, 64540, 57272, 15182, 93845, 101395, 8008, 107637]"
112731,"[62125, 64170, 36832, 37165, 98116, 11014, 92214, 14747, 25023, 52185]"
112732,"[5166, 97391, 24485, 58736, 104910, 3585, 72129, 54261, 99090, 82569]"
112733,"[22922, 95775, 9419, 103902, 58207, 56780, 65862, 73963, 26542, 99127]"
112734,"[38336, 108889, 36969, 84240, 98108, 101593, 5184, 13503, 27258, 65456]"
112735,"[35679, 63346, 83100, 82931, 38672, 28978, 44013, 64105, 9649, 89560]"
112736,"[55921, 41065, 38610, 37932, 23225, 88634, 31972, 105250, 31894, 71986]"
112737,"[25905, 77830, 46093, 73043, 66462, 63527, 43844, 63908, 102416, 53530]"
112738,"[80967, 36578, 15369, 76621, 18645, 95649, 91082, 17613, 90349, 62460]"
112739,"[12160, 60586, 50786, 90675, 60202, 56433, 94467, 102853, 39999, 46320]"
112740,"[37392, 572, 42220, 43074, 9513, 30640, 94741, 37596, 105733, 67210]"
112741,"[62174, 72834, 5533, 12003, 1213, 92455, 28340, 69975, 94873, 50209]"
112742,"[24661, 14105, 15909, 13909, 90784, 82792, 35529, 98459, 97153, 88742]"
112743,"[86773, 66930, 56560, 14901, 100871, 49993, 104417, 29626, 48694, 4378]"
112744,"[91767, 33311, 76015, 53092, 27804, 64877, 39589, 33916, 12645, 53768]"
112745,"[39056, 54606, 96547, 53615, 61131, 85851, 78400, 93547, 66428, 28792]"
112746,"[37660, 75897, 98833, 108186, 72904, 35796, 52558, 44004, 82076, 15335]"
112747,"[95441, 62637, 24582, 99090, 104910, 73380, 59813, 25372, 107941, 52375]"
112748,"[3377, 37003, 1265, 92384, 14741, 95052, 24827, 45667, 40143, 11312]"
112749,"[31045, 80289, 92400, 9892, 89779, 11378, 58729, 6527, 88897, 44860]"
112750,"[51163, 53841, 100790, 24458, 87677, 22877, 65857, 107042, 66773, 82307]"
112751,"[77772, 99851, 8763, 106671, 100642, 47399, 44737, 96288, 44718, 94961]"
112752,"[33977, 88834, 6781, 30892, 16865, 79752, 67313, 83893, 64139, 11423]"
112753,"[27892, 2204, 10178, 70794, 23947, 102738, 63195, 46419, 108295, 975]"
112754,"[92900, 14834, 29384, 71892, 52081, 83475, 105863, 73372, 74708, 85351]"
112755,"[12164, 17466, 79902, 61841, 98109, 50000, 54555, 28825, 101037, 88537]"
112756,"[85795, 7241, 41090, 98760, 61807, 49624, 76525, 23071, 14177, 66885]"
112757,"[27362, 33685, 105707, 99677, 36404, 52217, 30223, 89410, 25793, 45113]"
112758,"[13610, 109320, 13250, 23832, 89048, 83657, 105714, 50522, 93533, 18665]"
112759,"[20910, 50574, 33695, 26638, 38501, 64479, 65250, 3709, 44694, 10098]"
112760,"[18912, 24878, 80479, 69789, 77184, 85864, 49287, 13201, 47481, 98927]"
112761,"[82284, 86437, 77759, 40871, 20988, 49401, 44910, 91198, 79455, 32496]"
112762,"[36476, 13480, 72811, 70626, 8512, 76220, 92458, 21630, 80039, 53983]"
112763,"[75774, 66229, 83301, 3045, 34901, 7474, 2084, 44107, 9044, 51859]"
112764,"[78152, 20700, 66072, 61721, 37891, 6915, 14573, 63865, 82136, 19455]"
112765,"[49008, 31748, 90387, 70084, 31160, 48001, 12316, 39871, 69996, 33325]"
112766,"[35130, 67669, 70695, 433, 39917, 1468, 24540, 1014, 72771, 26718]"
112767,"[74714, 64500, 56953, 59785, 7673, 9649, 11372, 19688, 82367, 67038]"
112768,"[94402, 13996, 100098, 95829, 94044, 48008, 86842, 61207, 104215, 33561]"
112769,"[78410, 99863, 19153, 9409, 106057, 39499, 103812, 68892, 97198, 768]"
112770,"[44346, 13020, 105263, 50470, 59461, 103344, 45298, 87125, 92352, 101905]"
112771,"[103995, 51503, 102077, 38682, 4526, 57455, 91144, 11100, 19528, 45882]"
112772,"[34335, 86524, 63317, 27614, 47819, 46702, 58395, 35257, 12083, 5398]"
112773,"[67329, 1149, 66765, 50752, 41379, 86313, 41228, 43963, 101482, 52462]"
112774,"[40054, 79902, 11422, 86208, 40986, 70160, 98984, 47459, 87803, 109072]"
112775,"[35472, 71017, 59072, 53630, 103051, 4864, 40115, 10871, 102708, 98470]"
112776,"[83224, 10633, 1638, 85276, 17857, 82180, 84607, 7965, 48554, 27108]"
112777,"[21990, 58517, 6967, 107476, 54982, 46259, 38485, 18974, 98225, 39363]"
112778,"[23087, 109594, 109324, 80597, 66066, 109740, 36628, 60767, 54352, 12445]"
112779,"[39544, 4281, 71322, 101726, 75110, 57114, 89508, 40942, 109144, 69652]"
112780,"[19918, 42236, 56252, 99093, 89668, 99405, 6933, 34633, 6989, 57990]"
112781,"[89671, 963, 99651, 78670, 53063, 106566, 62627, 49497, 53400, 29044]"
112782,"[88730, 20709, 57435, 11576, 81648, 94144, 6207, 60430, 49295, 79277]"
112783,"[28073, 80045, 56370, 56894, 8606, 28541, 75287, 28764, 82137, 32808]"
112784,"[45476, 12114, 48888, 15506, 104981, 72389, 19275, 29249, 45547, 82050]"
112785,"[76367, 65723, 46361, 79053, 91051, 45027, 84536, 44778, 54049, 2443]"
112786,"[21437, 107443, 64088, 86131, 81201, 31823, 93523, 69108, 81051, 16820]"
112787,"[4369, 65154, 66138, 26768, 87219, 3243, 87785, 49824, 85750, 107638]"
112788,"[59048, 102188, 107808, 33612, 70165, 28460, 82595, 43483, 50285, 95039]"
112789,"[42478, 36256, 48035, 30740, 77455, 38639, 40216, 28439, 44196, 39492]"
112790,"[23728, 88240, 71844, 19415, 3182, 71750, 50471, 106757, 18118, 82034]"
112791,"[72966, 105700, 67596, 10207, 22736, 66666, 51762, 19762, 27102, 40884]"
112792,"[30703, 33629, 49907, 2264, 66296, 1024, 105684, 88736, 8410, 27916]"
112793,"[83998, 2144, 44090, 30859, 4337, 60256, 69453, 50513, 67867, 65657]"
112794,"[30094, 3601, 78679, 13812, 38219, 16796, 59030, 104500, 106479, 45303]"
112795,"[30585, 2577, 95543, 37488, 72586, 58675, 57467, 90441, 90541, 54483]"
112796,"[35778, 66821, 35065, 60215, 14866, 4533, 105374, 22388, 13623, 43057]"
112797,"[33293, 64740, 1361, 58063, 40693, 26682, 101434, 48165, 39826, 87596]"
112798,"[80639, 18568, 56565, 91815, 32363, 34611, 66206, 28083, 87435, 53656]"
112799,"[80958, 30305, 62847, 1978, 109015, 95484, 28792, 87700, 60194, 54606]"
112800,"[5188, 42323, 41542, 35922, 64251, 98612, 7629, 12193, 104100, 90880]"
112801,"[40999, 65791, 44001, 42994, 98695, 53935, 11337, 73886, 60580, 60824]"
112802,"[53469, 10821, 36908, 57266, 4008, 103141, 85708, 25821, 77131, 88555]"
112803,"[6019, 11701, 35775, 105874, 20260, 36633, 23780, 96367, 104149, 847]"
112804,"[32811, 102797, 29534, 65650, 2483, 51758, 19010, 33632, 84572, 55258]"
112805,"[9384, 19665, 21900, 54656, 101220, 55398, 60798, 14958, 32745, 70827]"
112806,"[68667, 86634, 45735, 104600, 55710, 11870, 9768, 68237, 31565, 90270]"
112807,"[94691, 66812, 107955, 60640, 52921, 27278, 63105, 81937, 20441, 35196]"
112808,"[101250, 13815, 62192, 27958, 3213, 26610, 27762, 106861, 92152, 75573]"
112809,"[106467, 65407, 1050, 28232, 21558, 51658, 102657, 7657, 58850, 38061]"
112810,"[13244, 30015, 21686, 41031, 71131, 93243, 10937, 3246, 56074, 16228]"
112811,"[38105, 108331, 24080, 105943, 103288, 94956, 6960, 95925, 68798, 100275]"
112812,"[24160, 27218, 74981, 85357, 98231, 94438, 57656, 89281, 50836, 106978]"
112813,"[75023, 57186, 14326, 63369, 30136, 62208, 8349, 83536, 71061, 57517]"
112814,"[12433, 44483, 109084, 46088, 48836, 9735, 29314, 2241, 71592, 21158]"
112815,"[30671, 88833, 50072, 40406, 5879, 95661, 46172, 70958, 76893, 91771]"
112816,"[80436, 9840, 103816, 38408, 103937, 98070, 94593, 26632, 12238, 10859]"
112817,"[84765, 43517, 8340, 80945, 40909, 54511, 57944, 33456, 56629, 109280]"
112818,"[11646, 108679, 13918, 23837, 16428, 16389, 84945, 78329, 70313, 82484]"
112819,"[45878, 85743, 27977, 58780, 67547, 57243, 30422, 15915, 31384, 5101]"
112820,"[9723, 37825, 28017, 61382, 64402, 39644, 63271, 34470, 77045, 64439]"
112821,"[8707, 34811, 56899, 103731, 52907, 35482, 11844, 58435, 3956, 97898]"
112822,"[9379, 98469, 34875, 22530, 10195, 63140, 27521, 104237, 24088, 52485]"
112823,"[23922, 35493, 58143, 52891, 63412, 38262, 76400, 37460, 6099, 50627]"
112824,"[15690, 15053, 93380, 98360, 84659, 77891, 92198, 74996, 35682, 38531]"
112825,"[77047, 44255, 35562, 54256, 16185, 44953, 65014, 4364, 32791, 51283]"
112826,"[5723, 87658, 61363, 5976, 87748, 98462, 56471, 60184, 66916, 47135]"
112827,"[99658, 7629, 12193, 60729, 82066, 2654, 14100, 17679, 4241, 106794]"
112828,"[68776, 13686, 24203, 25817, 14942, 108577, 28835, 65777, 68265, 64214]"
112829,"[88444, 54022, 43160, 16866, 103375, 109158, 101231, 108654, 18894, 91607]"
112830,"[89029, 38313, 58904, 51888, 54552, 63601, 47356, 51824, 32175, 39807]"
112831,"[22478, 26285, 75598, 88576, 21542, 59090, 49765, 49119, 54754, 9599]"
112832,"[36071, 80961, 74590, 28478, 83814, 8438, 73566, 13772, 2629, 106457]"
112833,"[108277, 27633, 69664, 24945, 23277, 33278, 73379, 3732, 59600, 41256]"
112834,"[79108, 37449, 26046, 82974, 106105, 24691, 27461, 90283, 62512, 42792]"
112835,"[6165, 25993, 66180, 3300, 76166, 43893, 51351, 47588, 18247, 31399]"
112836,"[84551, 33433, 91821, 57286, 59662, 15331, 25998, 12744, 9816, 73109]"
112837,"[36482, 28016, 94241, 105393, 87813, 108154, 65620, 82695, 94059, 65717]"
112838,"[40292, 63233, 56611, 2245, 95800, 17242, 34908, 25804, 43413, 104574]"
112839,"[41927, 78694, 76684, 33753, 50787, 39933, 55453, 61348, 48586, 38376]"
112840,"[79381, 2826, 22508, 74429, 98074, 33676, 5750, 66176, 81099, 2411]"
112841,"[80448, 67843, 55205, 34683, 61387, 36325, 29622, 34700, 102541, 65894]"
112842,"[94183, 96813, 104614, 11327, 56552, 41094, 13426, 61040, 61321, 1814]"
112843,"[108126, 43642, 79063, 107277, 39787, 96584, 96622, 48765, 78403, 94884]"
112844,"[97095, 42285, 104357, 1940, 51929, 47213, 34281, 53641, 62464, 95804]"
112845,"[89601, 50769, 24612, 45603, 98897, 32898, 3372, 64822, 2410, 3970]"
112846,"[85682, 58944, 84738, 47030, 77068, 26443, 37968, 36438, 3116, 107633]"
112847,"[57042, 109654, 81091, 85853, 58475, 42745, 15949, 80305, 74957, 17012]"
112848,"[78820, 1939, 9048, 71333, 34815, 109635, 51619, 28976, 82984, 74018]"
112849,"[60466, 60915, 9909, 20472, 73464, 101789, 15180, 90703, 46621, 59081]"
112850,"[42347, 82578, 104245, 63586, 7540, 8115, 91288, 13731, 87779, 106367]"
112851,"[66391, 51105, 5118, 4031, 87960, 67828, 7073, 48382, 66205, 93113]"
112852,"[12591, 10154, 51151, 16770, 108017, 84452, 41368, 85505, 73135, 63418]"
112853,"[66770, 98072, 45845, 107777, 38896, 54382, 99746, 99942, 57232, 64101]"
112854,"[74590, 14154, 24925, 77450, 36071, 108743, 29166, 20525, 709, 57535]"
112855,"[51416, 34837, 102250, 104745, 50402, 29730, 67402, 41488, 99685, 50230]"
112856,"[90774, 37704, 76375, 74579, 98654, 25694, 25792, 7375, 19793, 50692]"
112857,"[8583, 91431, 74268, 49556, 68384, 102047, 11345, 54900, 71406, 52252]"
112858,"[25729, 80301, 61667, 68293, 56395, 56751, 40042, 77208, 84755, 33147]"
112859,"[46164, 25882, 5892, 87188, 85695, 60145, 81888, 36978, 26513, 62749]"
112860,"[103109, 100189, 27478, 46831, 99057, 17520, 101608, 107240, 39911, 86015]"
112861,"[81217, 72646, 45712, 30205, 25670, 43366, 95406, 21424, 87452, 66145]"
112862,"[82021, 73885, 36002, 12534, 66162, 84417, 23517, 50733, 99053, 43004]"
112863,"[39313, 59200, 8980, 7857, 39864, 93288, 58922, 30534, 65582, 46638]"
112864,"[97867, 79384, 95310, 95885, 92822, 108022, 58655, 69542, 21773, 28341]"
112865,"[35628, 22314, 40132, 84085, 74143, 101657, 81743, 28739, 69317, 102687]"
112866,"[34647, 13890, 12576, 12578, 60860, 12976, 55538, 90738, 15514, 5953]"
112867,"[56764, 24065, 10945, 87528, 73143, 28850, 21635, 35861, 73591, 106387]"
112868,"[92196, 80148, 63707, 34160, 30733, 103819, 95705, 45052, 91717, 18742]"
112869,"[37992, 11444, 79732, 102379, 78362, 75965, 68379, 32029, 48523, 66632]"
112870,"[59127, 80386, 26355, 29570, 71065, 37128, 85618, 24430, 64390, 27114]"
112871,"[7576, 46916, 35894, 107824, 91676, 13824, 2701, 63106, 27482, 39673]"
112872,"[72658, 106392, 60305, 42764, 63481, 57169, 107909, 54190, 68514, 89873]"
112873,"[65815, 95296, 44879, 101795, 88790, 34758, 87772, 8280, 50895, 38645]"
112874,"[15408, 58225, 108912, 66301, 52644, 29490, 55360, 56496, 99431, 99450]"
112875,"[58338, 71809, 24000, 22657, 62049, 67683, 29984, 24275, 12419, 2780]"
112876,"[49949, 56328, 21665, 102156, 61650, 11873, 34602, 44133, 83690, 37777]"
112877,"[56129, 95426, 31112, 21783, 55520, 54541, 69843, 44331, 35016, 28765]"
112878,"[29739, 57577, 48067, 102698, 99936, 97966, 49219, 8498, 1580, 94579]"
112879,"[90884, 11550, 104867, 68531, 37773, 82041, 90885, 11913, 37963, 93216]"
112880,"[24636, 31258, 39094, 45448, 11575, 94626, 29921, 31520, 5151, 49552]"
112881,"[49425, 53210, 81193, 65514, 64062, 99694, 96623, 69378, 88126, 63634]"
112882,"[40565, 34024, 103956, 20578, 68288, 72784, 72940, 27343, 77376, 47706]"
112883,"[6300, 45736, 97954, 103194, 69992, 15896, 93122, 70570, 75159, 64706]"
112884,"[41061, 74425, 60817, 805, 86548, 69270, 403, 108343, 51061, 89510]"
112885,"[66016, 74257, 15216, 53668, 87025, 33841, 53747, 36664, 28638, 47385]"
112886,"[40681, 101350, 72022, 84860, 82292, 34105, 19327, 69590, 34430, 89645]"
112887,"[105921, 104427, 94463, 65124, 77107, 12958, 24347, 8377, 35348, 48545]"
112888,"[707, 49434, 108278, 2338, 94109, 97659, 31785, 22037, 75566, 76133]"
112889,"[38009, 13494, 74915, 22453, 34088, 48046, 63925, 25150, 48626, 66061]"
112890,"[16682, 57462, 95740, 16619, 45446, 67561, 80530, 60706, 4762, 79942]"
112891,"[100902, 75344, 52321, 103377, 76857, 41194, 45714, 4477, 62504, 94803]"
112892,"[37128, 64390, 71065, 29570, 83377, 93380, 85618, 24430, 7951, 31073]"
112893,"[18244, 101086, 61859, 88172, 37334, 61619, 51404, 6504, 73545, 90721]"
112894,"[2183, 70156, 20853, 106658, 49038, 72538, 67987, 69763, 95904, 39591]"
112895,"[77615, 10075, 19491, 72090, 85523, 19173, 1744, 41570, 81028, 46796]"
112896,"[52251, 87924, 44757, 17960, 76630, 68364, 100726, 48425, 88385, 46192]"
112897,"[72100, 26771, 57622, 43599, 21220, 46895, 52364, 15652, 73137, 37713]"
112898,"[572, 107067, 88848, 18968, 99867, 4987, 56811, 67918, 8896, 96727]"
112899,"[17694, 31691, 38916, 62434, 28958, 60214, 80350, 19061, 22576, 93197]"
112900,"[24866, 67158, 9201, 39661, 46452, 21149, 87422, 40971, 79897, 28179]"
112901,"[53615, 61131, 96547, 39056, 101248, 101021, 54606, 85447, 7919, 83841]"
112902,"[48993, 105047, 26028, 36768, 90357, 54184, 16075, 71916, 101887, 25119]"
112903,"[67783, 51513, 17416, 86674, 103292, 14884, 40430, 74594, 13576, 22593]"
112904,"[53594, 16783, 56362, 97296, 108697, 13177, 7800, 107801, 19274, 34058]"
112905,"[62388, 61113, 11232, 30581, 70795, 57441, 17441, 101450, 39512, 71635]"
112906,"[80126, 59340, 25035, 14166, 66967, 6176, 46268, 40710, 21711, 39728]"
112907,"[63840, 69675, 66811, 11217, 1179, 63122, 23789, 35403, 2521, 12319]"
112908,"[52370, 21611, 27322, 36674, 52209, 95089, 73960, 42247, 32057, 60699]"
112909,"[75832, 3395, 67093, 100838, 25788, 57992, 46326, 1054, 22431, 82005]"
112910,"[97018, 39829, 25867, 32156, 9239, 76439, 94257, 51411, 66949, 63356]"
112911,"[72093, 96582, 22731, 47924, 70151, 43837, 23820, 61535, 80655, 90288]"
112912,"[51396, 62044, 37452, 13360, 50972, 106054, 84560, 8534, 49240, 79116]"
112913,"[39379, 46047, 102414, 4702, 77929, 65127, 94771, 31549, 65631, 71208]"
112914,"[4565, 86145, 20560, 23629, 93702, 10843, 11121, 1735, 20172, 13027]"
112915,"[58608, 7503, 23769, 16612, 67279, 18883, 75022, 40287, 30537, 68219]"
112916,"[13393, 49494, 54095, 48560, 22630, 66306, 42135, 83172, 69236, 2875]"
112917,"[57266, 81238, 36389, 71684, 20547, 57963, 49345, 27816, 26162, 50604]"
112918,"[64023, 49399, 43301, 65871, 49648, 67373, 90103, 72997, 81807, 106359]"
112919,"[60382, 9857, 72356, 79962, 95594, 96387, 47192, 87348, 100713, 84996]"
112920,"[15022, 104336, 81158, 22364, 90147, 40833, 5544, 106250, 969, 23496]"
112921,"[5084, 28747, 103319, 46964, 63425, 61505, 34370, 41497, 73504, 35934]"
112922,"[30484, 64878, 71001, 84566, 62580, 25079, 27432, 9051, 79407, 77670]"
112923,"[106240, 100668, 74467, 27262, 15778, 106842, 73252, 1065, 8125, 66427]"
112924,"[60323, 73960, 90491, 17094, 26644, 93802, 69550, 48534, 88464, 108076]"
112925,"[106094, 7245, 19864, 52954, 47754, 65532, 33208, 3364, 104833, 64689]"
112926,"[89233, 11426, 14467, 90532, 108291, 62469, 23274, 83028, 24064, 14197]"
112927,"[19670, 99280, 48333, 5606, 54101, 100413, 72601, 81180, 27854, 82564]"
112928,"[55535, 20610, 21717, 13111, 101267, 44052, 92358, 106363, 28592, 11791]"
112929,"[55517, 37710, 86552, 60334, 11614, 76622, 77506, 29919, 61575, 40901]"
112930,"[62882, 78938, 103630, 70507, 64818, 59284, 95634, 61192, 56742, 32871]"
112931,"[75856, 5761, 49855, 15421, 36861, 30150, 34252, 104341, 48585, 90413]"
112932,"[47228, 18277, 29190, 73722, 10279, 78547, 77983, 56419, 32122, 78248]"
112933,"[38088, 54287, 11616, 31781, 100686, 94635, 89194, 93521, 25945, 13862]"
112934,"[20198, 811, 17763, 76364, 107171, 104166, 69923, 61018, 74371, 91305]"
112935,"[102254, 77143, 75184, 40504, 37985, 10482, 48673, 67249, 13137, 2940]"
112936,"[2346, 87881, 7964, 29547, 65549, 55650, 90723, 21587, 29982, 10412]"
112937,"[45053, 392, 98043, 73416, 19852, 29522, 49142, 37084, 45724, 81593]"
112938,"[32911, 61951, 50779, 99462, 78914, 40726, 72967, 13158, 32023, 94136]"
112939,"[40703, 57009, 52594, 22139, 26422, 107393, 61831, 104077, 16861, 36352]"
112940,"[109496, 78093, 42761, 109070, 97047, 102041, 98554, 88385, 107755, 40468]"
112941,"[26866, 47357, 98843, 65058, 65579, 53921, 102925, 12953, 21051, 29193]"
112942,"[102797, 32811, 51758, 5915, 25426, 82352, 29534, 62414, 31889, 2483]"
112943,"[21448, 52800, 38809, 23507, 76985, 95195, 90454, 15774, 56081, 99804]"
112944,"[68713, 39657, 55793, 66214, 47353, 5295, 42796, 69730, 4492, 104365]"
112945,"[15363, 2139, 84544, 41365, 103847, 43670, 92187, 100097, 56189, 24042]"
112946,"[36605, 53341, 86236, 57445, 92476, 2471, 80164, 58969, 3014, 98089]"
112947,"[54925, 60017, 18136, 42915, 73992, 10085, 90920, 65009, 46159, 76891]"
112948,"[13448, 87450, 64711, 64364, 37628, 46351, 27389, 35905, 15868, 78255]"
112949,"[4745, 22681, 48998, 64304, 42325, 109767, 109697, 46470, 84824, 76396]"
112950,"[19335, 69775, 33714, 100694, 85550, 50091, 92218, 16648, 81705, 79014]"
112951,"[32966, 68252, 87486, 29299, 43101, 54628, 90099, 4822, 95538, 36457]"
112952,"[22979, 32329, 18326, 86821, 40192, 32815, 73931, 35138, 13171, 100844]"
112953,"[50156, 82883, 99538, 66755, 70129, 85199, 76402, 56349, 44956, 103670]"
112954,"[59286, 70869, 50886, 15237, 29639, 9353, 56183, 108675, 2620, 16939]"
112955,"[4411, 33213, 97228, 8612, 78690, 32486, 34140, 108149, 99320, 16699]"
112956,"[102831, 37872, 36543, 34770, 74882, 104140, 929, 54714, 85321, 46451]"
112957,"[15599, 53552, 19107, 58462, 97523, 7552, 87903, 19028, 74082, 21918]"
112958,"[31786, 24441, 82600, 85225, 49848, 65182, 97081, 5198, 89670, 30798]"
112959,"[106535, 73051, 9824, 95496, 72939, 82933, 53101, 34076, 41787, 57310]"
112960,"[14681, 50347, 105201, 41035, 40787, 53584, 30651, 103772, 34238, 76750]"
112961,"[108095, 37901, 11749, 101711, 19872, 87432, 72965, 46349, 24728, 94587]"
112962,"[16101, 24080, 46970, 64720, 60526, 798, 77777, 41130, 90013, 67671]"
112963,"[60012, 83935, 96077, 72504, 9446, 32821, 60434, 45820, 60890, 95411]"
112964,"[60631, 3136, 42218, 44606, 38765, 92045, 30127, 5957, 48903, 105751]"
112965,"[39985, 93092, 525, 65614, 107015, 20114, 54430, 71127, 29013, 2938]"
112966,"[105059, 38568, 102503, 65163, 46261, 61595, 23742, 5937, 41549, 51019]"
112967,"[32392, 74383, 80923, 102422, 36102, 38093, 104198, 34274, 68872, 103181]"
112968,"[35253, 98540, 20050, 54172, 70651, 95753, 51966, 4009, 37324, 76659]"
112969,"[47687, 86654, 25216, 14112, 4459, 103935, 44913, 68697, 85068, 13094]"
112970,"[103140, 62531, 104066, 8867, 26949, 8324, 92978, 85184, 86202, 24492]"
112971,"[279, 17087, 59611, 27698, 8485, 2679, 50346, 55408, 51655, 95906]"
112972,"[84878, 29525, 21298, 6346, 69583, 99382, 18072, 5508, 14961, 3351]"
112973,"[91174, 43013, 17196, 103900, 12504, 96175, 86749, 42173, 17527, 5706]"
112974,"[30950, 82708, 55520, 8684, 102388, 28749, 55215, 48832, 97161, 81374]"
112975,"[82061, 13674, 77066, 93637, 57199, 24574, 59063, 60554, 57555, 69616]"
112976,"[64941, 23548, 100961, 59717, 76943, 81996, 16575, 70115, 46004, 72175]"
112977,"[52601, 96656, 72511, 15285, 8552, 40958, 91264, 28197, 50301, 102429]"
112978,"[18443, 8642, 77568, 41266, 32727, 57274, 46784, 75094, 11748, 105110]"
112979,"[108839, 62278, 5246, 51457, 2558, 40703, 57009, 84429, 65278, 42668]"
112980,"[57858, 107308, 82412, 36557, 65867, 74492, 75533, 73723, 99155, 17613]"
112981,"[90817, 107906, 9929, 39484, 46885, 62571, 16942, 19700, 6145, 90914]"
112982,"[47235, 19699, 55717, 99899, 31946, 37426, 25882, 74854, 49309, 48970]"
112983,"[15623, 650, 97691, 24268, 1684, 11358, 108957, 45969, 45057, 23110]"
112984,"[69576, 50279, 20201, 84299, 109746, 6746, 108553, 73969, 90660, 14932]"
112985,"[24508, 32618, 56207, 4429, 95555, 20248, 68373, 6028, 39118, 72378]"
112986,"[42857, 58728, 68951, 25178, 41558, 9683, 15075, 17647, 55186, 53146]"
112987,"[99640, 63671, 46651, 20010, 47762, 102049, 84546, 84289, 58865, 6713]"
112988,"[88587, 63641, 64774, 98142, 84510, 63961, 16822, 101491, 2095, 98475]"
112989,"[28020, 27257, 8742, 14593, 63442, 19588, 663, 91596, 58019, 54790]"
112990,"[65532, 97152, 56481, 71007, 41964, 6924, 61676, 106021, 36312, 83359]"
112991,"[22564, 48157, 69153, 78674, 58835, 321, 62708, 17911, 38299, 62046]"
112992,"[14100, 4241, 17679, 77800, 60729, 99658, 98794, 94348, 88822, 58711]"
112993,"[61228, 22958, 72432, 49440, 52137, 70710, 4953, 69597, 107716, 8048]"
112994,"[57579, 41007, 77148, 48535, 11100, 67169, 84159, 19528, 45882, 37960]"
112995,"[93852, 17004, 104195, 22412, 31854, 81831, 15829, 104591, 78360, 75998]"
112996,"[13915, 8893, 41306, 108579, 23724, 82854, 85723, 58548, 35150, 77188]"
112997,"[19235, 35456, 66548, 108290, 66217, 100811, 60283, 53281, 47572, 88732]"
112998,"[87704, 107417, 28654, 49848, 59276, 98240, 65182, 68022, 29284, 17164]"
112999,"[4349, 70790, 24128, 105815, 1052, 78241, 23954, 57203, 108887, 96058]"
113000,"[94459, 1264, 3158, 102650, 104829, 11282, 89496, 74988, 90570, 50743]"
113001,"[50435, 77278, 75581, 78365, 24789, 69633, 76733, 11042, 7457, 94041]"
113002,"[41182, 14171, 74026, 33190, 61627, 7570, 96786, 81705, 97038, 65633]"
113003,"[85069, 74643, 79273, 13847, 91760, 28416, 80312, 64241, 62859, 9701]"
113004,"[25055, 78813, 27843, 52988, 35168, 5433, 22581, 98307, 14848, 49282]"
113005,"[93803, 76274, 98579, 91907, 30016, 99666, 87426, 76313, 52053, 17252]"
113006,"[88801, 29714, 15367, 45569, 57545, 26440, 68129, 87725, 70210, 87698]"
113007,"[3149, 44100, 39740, 49929, 2360, 3330, 67496, 73615, 14354, 97897]"
113008,"[69777, 97805, 96376, 92443, 56489, 60954, 37563, 107044, 37582, 38633]"
113009,"[1397, 30612, 23715, 41426, 39339, 80413, 77359, 31763, 75634, 86240]"
113010,"[104767, 88619, 20700, 47271, 37220, 85462, 92451, 47314, 98675, 20507]"
113011,"[27913, 96779, 33069, 73905, 12959, 49154, 38322, 53551, 62599, 72339]"
113012,"[67445, 2997, 10161, 36318, 42890, 22709, 36225, 34388, 77980, 35776]"
113013,"[106301, 22960, 27557, 58730, 55557, 6061, 24490, 25083, 101729, 86187]"
113014,"[76140, 32705, 47338, 35372, 48320, 62986, 87993, 73945, 80040, 58048]"
113015,"[103196, 100833, 44512, 74002, 29980, 107517, 87216, 94898, 64104, 60715]"
113016,"[40811, 31012, 43361, 75853, 10119, 29391, 65975, 100483, 20806, 98352]"
113017,"[840, 41999, 66829, 87373, 33051, 36861, 88375, 108282, 93710, 30150]"
113018,"[101457, 33750, 102403, 27324, 22654, 108008, 106170, 17823, 53191, 84800]"
113019,"[90876, 7717, 8722, 14721, 18563, 9431, 47074, 100521, 47485, 54185]"
113020,"[32189, 92812, 37505, 44546, 39213, 39692, 84352, 50202, 7652, 68070]"
113021,"[36421, 77491, 50464, 37408, 49315, 46566, 8254, 43276, 100474, 61998]"
113022,"[98054, 106504, 43564, 107610, 16845, 9281, 19080, 53603, 27497, 66038]"
113023,"[17840, 72577, 53941, 68430, 82343, 53866, 65827, 72612, 42089, 62860]"
113024,"[13763, 1448, 96046, 64422, 105795, 46185, 14123, 37681, 37116, 66326]"
113025,"[73479, 6880, 89179, 60916, 63211, 93400, 30475, 48244, 83656, 44596]"
113026,"[97378, 39368, 29323, 23527, 93493, 12980, 55084, 58444, 11228, 40990]"
113027,"[51862, 31690, 25169, 15912, 103345, 93924, 49154, 41360, 104461, 21086]"
113028,"[20677, 43033, 58930, 94797, 109402, 2608, 102139, 25929, 54715, 69398]"
113029,"[51879, 100628, 2280, 29257, 51750, 1762, 18148, 87748, 34064, 41797]"
113030,"[75522, 17742, 1890, 67138, 42085, 6314, 74089, 88608, 105978, 44289]"
113031,"[49041, 33333, 25770, 12396, 90697, 67045, 100747, 62512, 51509, 41669]"
113032,"[96805, 54797, 33775, 22048, 97743, 7657, 85095, 19680, 65673, 108477]"
113033,"[71700, 61332, 45819, 102918, 54441, 79361, 51018, 32699, 17245, 10304]"
113034,"[62867, 10328, 34334, 1865, 29996, 12336, 64976, 2637, 19109, 64724]"
113035,"[54353, 12212, 81627, 84000, 19665, 21900, 92823, 71829, 27472, 95745]"
113036,"[10770, 23399, 88364, 27301, 80784, 85380, 84270, 76314, 10044, 48216]"
113037,"[15304, 9406, 105116, 53387, 5224, 99109, 53568, 31548, 107296, 62115]"
113038,"[95483, 28197, 91264, 15285, 8552, 105352, 72511, 569, 14197, 40765]"
113039,"[44649, 77805, 85459, 63834, 90432, 74377, 89003, 11865, 38204, 99058]"
113040,"[57686, 31247, 43643, 101777, 44858, 35952, 53276, 58365, 52166, 81442]"
113041,"[74045, 89127, 90300, 74807, 54994, 28356, 87174, 35687, 11441, 26126]"
113042,"[83569, 42476, 32858, 91315, 32063, 45602, 99728, 33547, 11410, 104588]"
113043,"[23806, 45739, 99595, 74876, 41961, 8725, 27009, 62045, 37559, 67]"
113044,"[28090, 24376, 64302, 15003, 2165, 62602, 33747, 73847, 7328, 102462]"
113045,"[32183, 17413, 67808, 101357, 93263, 31283, 48786, 66808, 98006, 32373]"
113046,"[21764, 40896, 73613, 33373, 79211, 12670, 90102, 28424, 6804, 79259]"
113047,"[4746, 96210, 32966, 60086, 43101, 74815, 68252, 105794, 42455, 53847]"
113048,"[66562, 6147, 102037, 532, 27822, 37698, 47096, 28301, 91499, 93075]"
113049,"[45624, 80779, 47552, 783, 108086, 33237, 105579, 102459, 58618, 2594]"
113050,"[99203, 16663, 62386, 36018, 44301, 55419, 35033, 44415, 96408, 24294]"
113051,"[47946, 19346, 55935, 7182, 50897, 72296, 42749, 2952, 3350, 94698]"
113052,"[109248, 28169, 1411, 89466, 4523, 54278, 67116, 46379, 99184, 92819]"
113053,"[56999, 81582, 46485, 70294, 20689, 568, 89535, 67338, 53878, 83163]"
113054,"[91288, 8115, 103370, 42347, 55660, 87779, 107706, 94606, 107729, 102125]"
113055,"[31545, 27459, 25413, 53429, 98481, 26748, 75390, 59527, 71213, 77074]"
113056,"[9432, 50716, 102189, 41012, 21592, 72718, 78372, 48311, 64034, 86164]"
113057,"[76058, 87369, 20201, 7835, 103470, 80791, 26916, 39977, 39182, 9789]"
113058,"[32401, 56985, 30667, 7941, 13186, 63869, 27491, 5176, 26786, 26669]"
113059,"[106380, 57599, 91598, 26614, 52171, 103106, 14050, 59123, 64068, 81912]"
113060,"[20881, 77273, 10555, 52693, 4393, 22366, 56841, 91894, 77517, 23178]"
113061,"[13929, 460, 17768, 6776, 15537, 89170, 80196, 84709, 50424, 1406]"
113062,"[46415, 35771, 9329, 15495, 30122, 104013, 107386, 27172, 92248, 101825]"
113063,"[101611, 102268, 6335, 21441, 28399, 64973, 77269, 93225, 44068, 9351]"
113064,"[29515, 21710, 32421, 83132, 25579, 46300, 92829, 38002, 1287, 82234]"
113065,"[48291, 96647, 18206, 90568, 11640, 77324, 44425, 31319, 59618, 25047]"
113066,"[90954, 58731, 26606, 61923, 96949, 42249, 22990, 34433, 41027, 61263]"
113067,"[82218, 48940, 32580, 38195, 60175, 66432, 102025, 11838, 3320, 52041]"
113068,"[38567, 52737, 92825, 15132, 70995, 58904, 63791, 59086, 57308, 99933]"
113069,"[20617, 80145, 24299, 73297, 86197, 78973, 67078, 70183, 25870, 44950]"
113070,"[33202, 43436, 77881, 39650, 59758, 65950, 26972, 106651, 67797, 11771]"
113071,"[40245, 83572, 23689, 66637, 43261, 41965, 2804, 20055, 73800, 96132]"
113072,"[17873, 78965, 10127, 11723, 62064, 84489, 56407, 82701, 101178, 4077]"
113073,"[62218, 40958, 95483, 64636, 68311, 35872, 15285, 8552, 93303, 101505]"
113074,"[75016, 45416, 35022, 82059, 47911, 107563, 68702, 68299, 45786, 26007]"
113075,"[4462, 7470, 92029, 23983, 13468, 19796, 101400, 22621, 89132, 44767]"
113076,"[91748, 105996, 89140, 31325, 16632, 18446, 33644, 66109, 71777, 93652]"
113077,"[70078, 4447, 11112, 52815, 86533, 95686, 35031, 87515, 51602, 26628]"
113078,"[17574, 69485, 101748, 39542, 5693, 35311, 73142, 64726, 28898, 82319]"
113079,"[19186, 92702, 70037, 104798, 31633, 11335, 15757, 102387, 104641, 36005]"
113080,"[76652, 33098, 96287, 81812, 107150, 86759, 103153, 44084, 24780, 35474]"
113081,"[55616, 21671, 55495, 101977, 101457, 27707, 99129, 22634, 52673, 92974]"
113082,"[107894, 17730, 58758, 41913, 93494, 49657, 108370, 62893, 71383, 36761]"
113083,"[106030, 16272, 64478, 70619, 17937, 38254, 41185, 14252, 23209, 101789]"
113084,"[17721, 101730, 20805, 24145, 21930, 53406, 36972, 108777, 78340, 84262]"
113085,"[85491, 42592, 16361, 106175, 46032, 37717, 60176, 92925, 37448, 78027]"
113086,"[21634, 85817, 11019, 101805, 23039, 34583, 46442, 97861, 96690, 72433]"
113087,"[71722, 82029, 84960, 28811, 42893, 34453, 88478, 109164, 62371, 40113]"
113088,"[31538, 70457, 34448, 45954, 58013, 96577, 4860, 28213, 60848, 45683]"
113089,"[102183, 49410, 21941, 71221, 46243, 105343, 39538, 77223, 2671, 59512]"
113090,"[108404, 89647, 49123, 32321, 49427, 90635, 41936, 47637, 16710, 85920]"
113091,"[104637, 47442, 97681, 61413, 83216, 85033, 41162, 27012, 8002, 11158]"
113092,"[87191, 104494, 59085, 36218, 13027, 25316, 104175, 106814, 2279, 75753]"
113093,"[30509, 81416, 99811, 88962, 20264, 97459, 99532, 47010, 86831, 3890]"
113094,"[58795, 59501, 83756, 9774, 9556, 66016, 74257, 59588, 34286, 76736]"
113095,"[26494, 81454, 76994, 59281, 104692, 77536, 54839, 71331, 4548, 106142]"
113096,"[19495, 104657, 92778, 65875, 19444, 29681, 8086, 39326, 57730, 84720]"
113097,"[37955, 94703, 44864, 72123, 91726, 92797, 34885, 39997, 74062, 98962]"
113098,"[7284, 101253, 56788, 67350, 6315, 67513, 55825, 71882, 72154, 43588]"
113099,"[108366, 80269, 55150, 82728, 19191, 64050, 103136, 38747, 25497, 104359]"
113100,"[100591, 17539, 103872, 89295, 6710, 7737, 95402, 54346, 2331, 106130]"
113101,"[12842, 61906, 67013, 40160, 4382, 50152, 34460, 74804, 52389, 40476]"
113102,"[55153, 45004, 52921, 79313, 107762, 60746, 79661, 45685, 83333, 107955]"
113103,"[44522, 97256, 6948, 43070, 107718, 51284, 54139, 62745, 42635, 23349]"
113104,"[92334, 37035, 29269, 89443, 27605, 74299, 42008, 41956, 98090, 80625]"
113105,"[59906, 99019, 29740, 65608, 69519, 106635, 29747, 18678, 68014, 21989]"
113106,"[45498, 39874, 29902, 45414, 78677, 84522, 77343, 2554, 76805, 43417]"
113107,"[34963, 89285, 49863, 46751, 94610, 14474, 2928, 53074, 40877, 83542]"
113108,"[70192, 49807, 40728, 70158, 17815, 14125, 51207, 11435, 8901, 58852]"
113109,"[54081, 21041, 85073, 60258, 82340, 72785, 79035, 104603, 80144, 9461]"
113110,"[45522, 9302, 45128, 47890, 37869, 14726, 92098, 9534, 22785, 17437]"
113111,"[93236, 64319, 35022, 96832, 52362, 98430, 7661, 27312, 12030, 16556]"
113112,"[103933, 67007, 49409, 70971, 42930, 47343, 50509, 69637, 58648, 33320]"
113113,"[55613, 92108, 1622, 108363, 79858, 84649, 78998, 89680, 59999, 70338]"
113114,"[92677, 24474, 63119, 78950, 3013, 62122, 42030, 23793, 49747, 54782]"
113115,"[49990, 98196, 99379, 82246, 47147, 94507, 35108, 106570, 58724, 93815]"
113116,"[88536, 41739, 18734, 102942, 94266, 18434, 109656, 27886, 102456, 88299]"
113117,"[84083, 1795, 60247, 77381, 65629, 43160, 54022, 93161, 16866, 103683]"
113118,"[92912, 5714, 102872, 92975, 74728, 60808, 33505, 74084, 38760, 53158]"
113119,"[107009, 39179, 49885, 86297, 8143, 46397, 8626, 84301, 25512, 57278]"
113120,"[18492, 80132, 8605, 100560, 83268, 5691, 35271, 8129, 75465, 38746]"
113121,"[57931, 74398, 88285, 42657, 40636, 6374, 86798, 21355, 108834, 71323]"
113122,"[33705, 52703, 61531, 77693, 10434, 56269, 69123, 47398, 66360, 93104]"
113123,"[48568, 75872, 60392, 14175, 66555, 3862, 35430, 98889, 98570, 74843]"
113124,"[50064, 26901, 99883, 2284, 79380, 49921, 1151, 74380, 39667, 108407]"
113125,"[76541, 13059, 18730, 8951, 49350, 99133, 92790, 106107, 52350, 57026]"
113126,"[76389, 17750, 72107, 77335, 6788, 58743, 53141, 49638, 24798, 100028]"
113127,"[45754, 10551, 17189, 56012, 81176, 43501, 64272, 29717, 105759, 144]"
113128,"[94293, 73583, 109524, 29450, 73863, 20903, 27859, 60424, 45590, 109470]"
113129,"[7131, 61956, 56051, 48686, 30306, 37522, 57631, 35946, 27729, 23170]"
113130,"[100597, 77237, 75998, 105959, 87641, 22412, 31854, 95001, 107584, 17004]"
113131,"[37516, 22949, 19181, 99136, 18835, 5774, 1682, 108996, 12679, 12315]"
113132,"[82371, 88796, 5617, 75964, 72657, 31727, 88939, 62924, 32908, 50020]"
113133,"[30749, 17997, 13771, 104299, 84828, 81699, 44807, 76960, 19799, 12743]"
113134,"[38548, 98073, 102543, 68053, 23813, 39963, 86793, 79874, 106632, 20704]"
113135,"[76166, 4189, 18942, 63262, 25993, 102531, 86932, 66180, 6165, 103695]"
113136,"[98349, 30983, 101155, 103488, 14787, 37702, 31451, 63868, 49961, 28194]"
113137,"[17282, 13792, 19051, 101913, 77463, 43026, 55794, 21372, 48550, 62540]"
113138,"[72518, 55565, 97260, 47903, 52540, 66472, 40924, 69435, 82403, 50391]"
113139,"[65717, 94241, 109390, 43955, 81586, 17861, 28127, 76289, 65620, 82695]"
113140,"[13376, 99076, 5955, 50236, 71106, 44840, 80535, 23044, 47550, 102110]"
113141,"[17053, 42129, 65723, 50808, 49670, 32433, 95306, 73864, 3857, 2443]"
113142,"[9816, 73109, 79193, 108055, 80682, 20337, 41612, 45995, 108749, 20220]"
113143,"[98690, 5762, 19249, 22049, 20948, 101074, 97258, 9594, 89666, 40415]"
113144,"[64163, 95821, 68271, 21444, 89137, 100256, 44308, 100189, 46110, 90573]"
113145,"[94414, 25529, 95047, 26575, 68057, 91435, 92114, 29220, 99985, 12628]"
113146,"[55905, 26527, 66599, 105645, 42004, 32041, 9984, 81545, 13395, 31285]"
113147,"[33084, 100089, 47128, 52181, 32251, 8288, 834, 33142, 81123, 107428]"
113148,"[45750, 42942, 68663, 106085, 58039, 80648, 95332, 90072, 585, 74033]"
113149,"[33454, 30203, 35165, 105866, 19361, 94022, 94341, 57314, 38553, 89928]"
113150,"[19366, 4276, 109437, 2224, 98140, 73993, 95086, 82860, 18481, 77704]"
113151,"[40698, 22041, 24494, 66447, 60239, 93510, 84747, 35298, 52087, 98242]"
113152,"[79476, 12969, 91968, 15498, 95788, 23215, 45577, 94118, 108950, 62351]"
113153,"[73722, 36274, 47228, 68655, 80443, 109267, 8544, 85337, 16378, 98357]"
113154,"[50024, 52735, 92600, 101322, 51741, 30992, 55406, 55093, 68944, 12340]"
113155,"[21170, 64284, 32887, 98441, 72128, 82543, 41226, 42055, 72723, 78642]"
113156,"[46856, 27880, 26236, 39698, 100580, 94053, 106381, 41555, 6483, 59810]"
113157,"[80654, 65045, 76335, 6227, 51706, 89114, 51361, 17568, 48864, 38509]"
113158,"[46583, 4231, 11053, 27852, 89139, 9299, 52888, 49992, 23557, 56782]"
113159,"[89589, 88077, 11059, 5626, 53771, 24525, 4103, 79616, 12753, 86119]"
113160,"[61174, 32409, 8066, 5651, 104976, 102433, 38155, 84819, 2134, 6543]"
113161,"[100438, 28094, 97758, 10326, 68388, 96262, 6081, 4992, 101573, 41766]"
113162,"[90077, 42345, 51299, 109456, 82941, 16314, 97704, 79359, 18573, 83367]"
113163,"[10775, 91305, 109588, 101711, 486, 6579, 108375, 58455, 25161, 23166]"
113164,"[69151, 59947, 103000, 30582, 86799, 17200, 70395, 90792, 86469, 18788]"
113165,"[88733, 20825, 63937, 73551, 16798, 109115, 37291, 14182, 34051, 104445]"
113166,"[22295, 4731, 61545, 45460, 96942, 10233, 44464, 50484, 33768, 70960]"
113167,"[75092, 32737, 77614, 40127, 83335, 30382, 75065, 69122, 72000, 43694]"
113168,"[54693, 105820, 71185, 89871, 10238, 43520, 3904, 72733, 106618, 61158]"
113169,"[70940, 13878, 11344, 8013, 90916, 91161, 22937, 31060, 83975, 51370]"
113170,"[104802, 15400, 39166, 84802, 81075, 100362, 31639, 87502, 75168, 65844]"
113171,"[19549, 39110, 50076, 89769, 53951, 29569, 65341, 31474, 65647, 7874]"
113172,"[44523, 25314, 99049, 108399, 10016, 94048, 11057, 15238, 64175, 45961]"
113173,"[100869, 79317, 48330, 44141, 78677, 100346, 365, 102781, 75212, 104558]"
113174,"[41386, 10261, 65189, 20828, 54843, 93108, 25096, 80642, 49786, 24849]"
113175,"[96843, 1047, 84382, 40048, 4921, 93988, 64869, 12724, 77702, 104378]"
113176,"[9979, 87218, 87649, 37804, 24402, 74794, 2727, 93377, 28667, 50747]"
113177,"[4638, 79588, 98983, 69097, 2550, 49033, 91219, 74941, 57721, 93102]"
113178,"[62685, 10496, 92037, 56599, 88635, 84274, 45648, 43035, 96495, 9252]"
113179,"[106447, 94959, 33910, 106825, 86353, 66093, 15465, 103936, 42365, 64144]"
113180,"[83259, 68545, 67102, 81919, 21459, 72937, 52465, 69972, 49649, 56605]"
113181,"[5472, 49685, 63732, 90107, 72376, 31298, 43156, 47599, 15579, 53393]"
113182,"[14153, 51479, 91463, 55592, 50198, 16302, 3087, 15409, 93647, 19533]"
113183,"[103443, 91292, 84051, 100719, 9558, 96017, 31989, 84222, 16174, 43490]"
113184,"[36888, 34992, 2165, 48538, 75607, 4891, 79428, 24914, 60984, 86943]"
113185,"[19107, 37819, 6205, 61427, 65937, 103886, 58462, 87903, 19028, 18705]"
113186,"[75699, 75319, 32373, 61273, 7096, 15415, 11882, 95238, 27415, 50713]"
113187,"[38962, 32611, 50581, 97595, 92705, 96991, 107245, 5994, 62836, 16821]"
113188,"[45137, 2473, 71731, 57476, 91228, 10601, 84657, 35081, 40052, 33263]"
113189,"[56945, 22610, 48504, 33466, 73437, 102132, 14861, 10449, 84540, 54822]"
113190,"[67621, 62969, 93830, 23291, 56292, 85181, 70157, 78604, 75547, 34966]"
113191,"[72694, 4383, 85756, 67010, 27228, 97100, 102371, 14347, 53237, 82715]"
113192,"[78121, 100073, 22254, 32537, 35944, 47199, 50154, 14765, 52958, 34613]"
113193,"[104620, 50755, 33579, 45917, 79707, 35545, 55809, 70566, 84516, 636]"
113194,"[9090, 7377, 35136, 70240, 99085, 19149, 27315, 96976, 32575, 69277]"
113195,"[91902, 92252, 10110, 74786, 43217, 56119, 87659, 15391, 4287, 76685]"
113196,"[87009, 104641, 36005, 88918, 77585, 27174, 109628, 102915, 38020, 14135]"
113197,"[14168, 77992, 100317, 98862, 34480, 56487, 95327, 16259, 33782, 99251]"
113198,"[29250, 92766, 91089, 65799, 22356, 54948, 79056, 88514, 92661, 87410]"
113199,"[3888, 18628, 10539, 75449, 94740, 28023, 99730, 65378, 1789, 16987]"
113200,"[100780, 102647, 17701, 35008, 522, 41016, 41297, 83052, 21697, 47151]"
113201,"[30464, 29413, 103178, 102688, 34274, 33270, 87966, 9743, 84202, 89497]"
113202,"[36254, 1481, 36344, 107138, 80533, 93339, 3227, 38569, 63693, 7220]"
113203,"[30813, 107761, 74781, 61281, 41702, 56339, 4994, 86343, 17556, 39815]"
113204,"[3656, 46933, 64393, 35120, 7100, 50061, 41598, 27018, 47003, 105721]"
113205,"[37683, 44546, 39213, 32505, 33222, 32189, 71267, 50916, 72381, 86027]"
113206,"[90323, 35354, 19084, 56287, 70444, 14749, 38897, 78014, 73422, 22746]"
113207,"[97088, 107059, 16097, 99419, 52783, 2326, 51329, 79168, 66883, 23997]"
113208,"[99645, 2774, 103520, 107459, 62450, 56608, 50908, 24037, 50810, 7624]"
113209,"[67282, 17753, 3233, 104522, 18404, 91045, 46300, 87346, 47033, 12296]"
113210,"[54200, 65054, 5096, 1554, 32747, 75926, 36413, 5098, 8192, 38418]"
113211,"[974, 52058, 18019, 90054, 70517, 96363, 106702, 88921, 44066, 108750]"
113212,"[61334, 67591, 101431, 68196, 98356, 84568, 60895, 53354, 30766, 71656]"
113213,"[66185, 14421, 76873, 74168, 51737, 96109, 68453, 99840, 30906, 28946]"
113214,"[69794, 31265, 100362, 82104, 99826, 105287, 25884, 61907, 94064, 34559]"
113215,"[78442, 3949, 99737, 42925, 41631, 80721, 16811, 74473, 30686, 51981]"
113216,"[13226, 60049, 33141, 13434, 72565, 48972, 60102, 94940, 75194, 72420]"
113217,"[48716, 9316, 30327, 5232, 66759, 3716, 2578, 7587, 37636, 59253]"
113218,"[78197, 77718, 32601, 36993, 11080, 29025, 69881, 62286, 1392, 100478]"
113219,"[62295, 2403, 85313, 107590, 47465, 90127, 15394, 12353, 95250, 13596]"
113220,"[54409, 87682, 91152, 38424, 56750, 17969, 61319, 76751, 88461, 50160]"
113221,"[60667, 29914, 20712, 11300, 52056, 92223, 80154, 99078, 105254, 42578]"
113222,"[74109, 107963, 46807, 49176, 51592, 96533, 10049, 233, 33443, 50423]"
113223,"[61534, 15606, 80761, 38756, 55081, 74930, 40018, 58263, 36073, 6011]"
113224,"[1374, 99296, 91739, 105136, 23113, 96114, 13437, 54568, 72663, 28237]"
113225,"[33749, 57055, 13408, 23950, 99045, 100987, 72928, 68522, 17906, 101912]"
113226,"[107858, 49899, 54593, 93251, 106308, 28080, 43255, 60001, 55978, 106671]"
113227,"[10860, 96628, 103898, 65796, 62975, 33388, 48834, 75542, 2717, 60811]"
113228,"[46339, 37233, 98145, 15700, 24776, 3342, 35463, 55192, 72272, 26894]"
113229,"[75618, 25305, 27707, 97335, 92974, 69516, 95237, 54483, 105534, 58148]"
113230,"[13326, 105541, 91812, 48834, 89809, 62975, 107280, 13243, 81222, 56635]"
113231,"[22977, 97515, 29988, 15662, 92391, 7119, 10531, 101694, 78862, 108009]"
113232,"[94917, 10219, 60015, 55496, 8331, 88332, 107200, 75793, 69187, 48644]"
113233,"[65938, 50, 60901, 77094, 36893, 13302, 59698, 78352, 10329, 101889]"
113234,"[31286, 92728, 39848, 84613, 87933, 84466, 47316, 40892, 28518, 108210]"
113235,"[72496, 69030, 91423, 14436, 71850, 97518, 36900, 89653, 103167, 103160]"
113236,"[14035, 79248, 49939, 10256, 27092, 107273, 30435, 51840, 15600, 13719]"
113237,"[95065, 18708, 105043, 10953, 89868, 95684, 52812, 25591, 21152, 82771]"
113238,"[74997, 42752, 83146, 77632, 21481, 109033, 53229, 58250, 107535, 58044]"
113239,"[47596, 107511, 18495, 65993, 69183, 98740, 74845, 90634, 3044, 60035]"
113240,"[32167, 59847, 5134, 18439, 67914, 53545, 16158, 68717, 90516, 800]"
113241,"[62412, 102335, 103808, 21837, 5840, 102631, 96503, 93965, 19441, 61493]"
113242,"[52033, 27508, 46724, 106517, 57707, 66761, 109135, 29340, 37050, 47641]"
113243,"[12694, 28977, 101987, 43363, 81497, 54356, 34327, 5662, 46158, 53104]"
113244,"[84290, 28580, 14474, 53332, 21783, 107722, 99091, 97403, 22733, 13553]"
113245,"[10687, 59412, 49503, 75544, 95901, 95819, 26842, 19110, 54634, 8297]"
113246,"[92231, 41607, 64589, 6852, 96147, 52855, 89560, 99250, 91638, 3463]"
113247,"[75519, 7674, 87778, 20096, 48345, 96668, 100009, 60436, 66860, 39003]"
113248,"[26135, 81514, 109273, 95802, 104223, 85499, 50002, 72634, 80803, 29351]"
113249,"[66468, 74718, 89328, 2030, 48633, 25651, 57827, 100380, 86425, 99934]"
113250,"[57321, 24859, 42513, 93247, 75569, 70514, 67285, 24511, 24339, 331]"
113251,"[11919, 96958, 23324, 64289, 10273, 91119, 34348, 45496, 108190, 42679]"
113252,"[76176, 19181, 32334, 66696, 2724, 99721, 61594, 99136, 84965, 34350]"
113253,"[4618, 89012, 57593, 6744, 53323, 68229, 50489, 66219, 68335, 42122]"
113254,"[91640, 33330, 105710, 80719, 3132, 21636, 106089, 50073, 83346, 3756]"
113255,"[35337, 53358, 17643, 79771, 8784, 74829, 44271, 87367, 6111, 94609]"
113256,"[21365, 108646, 53026, 102201, 32085, 44181, 7771, 25545, 81343, 13362]"
113257,"[16140, 9650, 102087, 19787, 102025, 23716, 62012, 85202, 85780, 2572]"
113258,"[54598, 36639, 37273, 79532, 42779, 92966, 92390, 4848, 75817, 31747]"
113259,"[21718, 65203, 108452, 51833, 39150, 43096, 8299, 94233, 20033, 53168]"
113260,"[15884, 42224, 74177, 37161, 95647, 44154, 88124, 29606, 7058, 20138]"
113261,"[96398, 34572, 99012, 6577, 98741, 34363, 105456, 98187, 102450, 25653]"
113262,"[359, 38335, 83183, 24390, 39942, 4657, 36797, 29057, 54919, 59122]"
113263,"[58095, 46315, 47819, 35257, 46702, 58395, 17637, 97949, 44305, 35060]"
113264,"[82751, 89851, 33000, 96851, 4105, 108935, 5601, 65377, 27113, 70922]"
113265,"[89191, 87435, 34262, 60804, 20848, 109261, 102034, 37151, 40060, 68844]"
113266,"[61363, 5723, 87748, 40101, 80861, 6588, 36810, 87658, 29347, 62171]"
113267,"[74302, 34442, 34638, 44696, 42623, 44371, 30338, 78511, 39048, 73658]"
113268,"[88903, 92961, 36450, 80636, 47978, 104781, 98720, 19702, 31645, 63938]"
113269,"[20586, 20214, 84436, 30502, 45016, 102455, 28908, 54960, 46816, 44206]"
113270,"[105246, 107265, 89969, 55254, 22377, 42320, 2096, 2439, 41045, 61259]"
113271,"[63012, 20713, 32441, 9567, 657, 53482, 71354, 96487, 103431, 133]"
113272,"[69057, 39198, 106928, 105887, 47343, 66237, 65758, 91690, 108261, 97204]"
113273,"[100369, 77349, 31595, 2695, 3647, 49583, 63359, 93241, 24727, 107220]"
113274,"[35447, 38003, 48759, 50535, 95252, 94854, 5162, 94536, 102616, 7957]"
113275,"[30512, 103504, 3549, 5971, 13594, 21226, 22744, 40237, 22335, 72224]"
113276,"[44419, 8974, 21301, 81543, 59554, 93285, 39310, 83594, 87371, 1798]"
113277,"[83007, 65868, 37699, 10939, 6047, 104121, 23657, 35344, 56117, 88895]"
113278,"[76045, 56151, 7500, 58052, 26660, 109577, 57050, 97499, 104067, 75137]"
113279,"[14873, 55007, 12384, 21406, 91405, 62106, 69345, 34463, 71178, 79684]"
113280,"[44537, 35651, 2653, 67533, 82997, 65665, 20526, 93706, 107615, 31123]"
113281,"[95550, 63717, 7676, 47402, 51808, 80095, 66803, 45290, 82151, 40351]"
113282,"[31227, 85773, 67220, 91230, 84989, 55372, 63708, 12642, 92424, 54175]"
113283,"[3736, 10275, 106769, 82533, 2608, 69292, 19625, 69640, 105042, 22196]"
113284,"[100718, 89377, 104833, 58848, 61406, 74028, 83952, 1618, 60037, 71369]"
113285,"[75578, 9949, 60608, 84300, 38709, 56491, 83851, 24260, 98183, 17619]"
113286,"[47151, 10678, 52585, 4850, 49833, 45974, 522, 28082, 25959, 103672]"
113287,"[86552, 29919, 40901, 37710, 60334, 72160, 25254, 61575, 37423, 71924]"
113288,"[42529, 7600, 82483, 103287, 4366, 105408, 42179, 98311, 97783, 49953]"
113289,"[47132, 106129, 63421, 41211, 11807, 31125, 12210, 91447, 45980, 79019]"
113290,"[95921, 56037, 25788, 55674, 104688, 8986, 50797, 26746, 81509, 86711]"
113291,"[64174, 41513, 4702, 74454, 100896, 14286, 69781, 109221, 87028, 43358]"
113292,"[93865, 56426, 8401, 11732, 36476, 14154, 77450, 5897, 101924, 5558]"
113293,"[84385, 93648, 57985, 29770, 8861, 15845, 105013, 36878, 32032, 16197]"
113294,"[28103, 29361, 6335, 101900, 22499, 64844, 31390, 37416, 58047, 97373]"
113295,"[64921, 58264, 45228, 65787, 17067, 3194, 39588, 103846, 6438, 2308]"
113296,"[70362, 91601, 85330, 103547, 17752, 39490, 25968, 19622, 96263, 39916]"
113297,"[30235, 100349, 75425, 4456, 41839, 22226, 37069, 53362, 893, 44700]"
113298,"[43907, 74025, 21643, 49110, 79026, 19615, 959, 103709, 84185, 64537]"
113299,"[107067, 85289, 75412, 57043, 47609, 38400, 21467, 55699, 78239, 64383]"
113300,"[26642, 13677, 62083, 35089, 2749, 94589, 83275, 107163, 88558, 72752]"
113301,"[18261, 104484, 4188, 47147, 30002, 84198, 6265, 75204, 6833, 69907]"
113302,"[10489, 24041, 26473, 26947, 17834, 30592, 5444, 107481, 12155, 48093]"
113303,"[25973, 12945, 676, 15224, 46896, 21991, 78390, 93343, 88231, 107097]"
113304,"[5687, 108015, 53861, 99237, 81209, 6274, 19630, 87900, 41616, 88631]"
113305,"[106683, 31936, 89840, 92224, 95593, 20090, 85816, 108471, 101129, 17545]"
113306,"[47065, 48005, 4990, 62470, 65383, 42319, 12411, 43694, 40127, 20981]"
113307,"[56611, 55513, 62310, 100006, 98487, 73617, 5709, 20850, 39087, 63712]"
113308,"[80151, 12662, 95746, 64132, 72273, 104648, 13157, 7190, 107668, 96198]"
113309,"[72625, 56098, 104921, 7979, 2385, 16689, 103246, 27864, 27123, 15364]"
113310,"[70389, 72117, 69445, 104454, 67351, 52757, 38992, 19158, 97184, 11869]"
113311,"[49547, 76777, 57218, 22829, 9192, 81494, 70802, 59446, 79517, 99705]"
113312,"[44980, 89900, 73719, 82450, 31065, 44810, 56936, 67617, 17810, 45589]"
113313,"[37505, 9096, 32189, 92812, 720, 29252, 77006, 92006, 66186, 37683]"
113314,"[65800, 38355, 70917, 84006, 20582, 107103, 31473, 85958, 79079, 86291]"
113315,"[84940, 71973, 44515, 41194, 29405, 35757, 75608, 75344, 37361, 52321]"
113316,"[82135, 76031, 40602, 96174, 92908, 105712, 3126, 7752, 34544, 75]"
113317,"[49606, 47598, 34225, 105323, 35574, 22351, 83654, 76780, 17456, 74302]"
113318,"[59377, 35036, 16517, 25346, 74980, 16994, 101001, 38988, 89913, 60668]"
113319,"[82033, 8465, 13393, 72140, 79835, 42893, 4007, 109164, 34453, 20293]"
113320,"[66867, 26286, 4905, 36106, 105159, 1539, 7368, 98658, 78459, 80157]"
113321,"[1864, 40564, 106261, 97333, 93513, 95126, 27164, 9433, 100080, 108356]"
113322,"[53355, 79939, 37163, 68071, 100915, 89700, 101077, 107358, 3012, 49253]"
113323,"[39289, 39468, 100502, 43817, 18710, 6950, 56790, 43936, 82082, 20544]"
113324,"[36025, 441, 73558, 104215, 96994, 27943, 67319, 84099, 103290, 29643]"
113325,"[105112, 48306, 86819, 471, 21563, 34207, 92135, 33274, 32914, 25967]"
113326,"[88170, 24117, 96272, 61837, 103828, 72944, 40324, 1396, 94711, 39710]"
113327,"[12680, 15697, 77940, 50501, 29581, 36713, 51296, 108367, 37565, 92711]"
113328,"[84217, 105705, 88792, 72682, 960, 11913, 11875, 32993, 84725, 8609]"
113329,"[65449, 55675, 855, 94855, 62435, 108093, 77116, 17269, 33696, 106777]"
113330,"[64208, 48393, 46200, 83536, 60844, 55959, 104103, 96847, 58594, 43938]"
113331,"[91824, 22868, 14065, 56649, 90213, 99119, 84127, 36226, 94390, 73147]"
113332,"[28380, 26161, 14104, 102571, 98623, 73145, 31372, 47715, 109609, 72416]"
113333,"[21935, 4664, 54520, 97162, 5911, 82080, 40642, 63714, 31942, 81960]"
113334,"[72875, 58251, 9604, 104515, 50638, 99220, 8667, 87838, 48016, 28904]"
113335,"[31416, 106877, 6264, 25662, 7586, 5650, 86685, 64850, 23225, 29510]"
113336,"[33930, 66604, 55278, 52177, 51114, 94220, 24692, 87462, 19324, 65405]"
113337,"[29717, 105759, 74937, 98995, 59295, 62805, 89627, 26695, 41131, 31046]"
113338,"[54587, 76748, 109021, 107682, 95690, 23897, 1234, 21141, 42206, 4220]"
113339,"[55770, 93691, 104313, 44660, 19233, 71657, 79268, 53614, 9687, 8608]"
113340,"[23949, 33113, 30670, 37213, 56273, 84254, 85417, 64878, 3807, 13214]"
113341,"[45462, 41296, 68347, 23667, 92126, 103293, 6927, 26819, 109620, 54833]"
113342,"[98811, 67767, 29225, 84938, 50202, 84352, 40278, 103949, 80943, 52790]"
113343,"[85460, 104746, 75712, 43549, 85440, 41763, 21439, 26201, 69620, 71365]"
113344,"[27916, 8410, 33629, 49907, 81393, 45305, 100301, 104220, 65867, 88736]"
113345,"[14078, 74755, 109640, 38495, 61006, 99446, 4019, 40089, 33277, 11197]"
113346,"[93434, 67005, 105456, 106889, 14161, 9844, 75195, 53684, 40157, 83072]"
113347,"[75239, 108940, 84456, 23237, 50570, 86548, 104977, 10854, 37743, 81800]"
113348,"[55918, 1418, 84295, 30852, 9663, 99656, 104644, 23207, 87630, 949]"
113349,"[3509, 100214, 87258, 25791, 21992, 108824, 74564, 58421, 107606, 76663]"
113350,"[23970, 54075, 32313, 25737, 51214, 84960, 56890, 62368, 77634, 22435]"
113351,"[62307, 91855, 51384, 3819, 7787, 90488, 20954, 106455, 88674, 71920]"
113352,"[92963, 24240, 2101, 92444, 70829, 9862, 35686, 66576, 77608, 16799]"
113353,"[37771, 55407, 108274, 31404, 98096, 97730, 31506, 72265, 106912, 101827]"
113354,"[97084, 86144, 56334, 84309, 59405, 62925, 69522, 20411, 6736, 5449]"
113355,"[93549, 184, 85162, 105551, 33948, 107927, 33338, 93643, 73097, 7878]"
113356,"[61814, 7504, 98722, 55176, 53766, 87669, 105497, 50655, 30555, 7961]"
113357,"[17225, 57860, 73587, 91311, 61198, 89353, 1076, 41621, 40791, 5748]"
113358,"[93235, 90956, 77341, 78313, 72634, 80803, 51895, 29351, 44489, 38781]"
113359,"[76481, 46279, 81832, 27697, 27110, 68611, 65078, 27292, 14640, 108064]"
113360,"[27504, 72848, 49894, 41428, 78074, 9005, 29923, 87675, 20616, 109361]"
113361,"[37469, 8851, 109339, 60904, 23666, 616, 106793, 31061, 85994, 31732]"
113362,"[60822, 88443, 104899, 34884, 62008, 48472, 90152, 56823, 68975, 57354]"
113363,"[75441, 54728, 16533, 58139, 97054, 58116, 90562, 11541, 93440, 78059]"
113364,"[63433, 2276, 67750, 61696, 28274, 18901, 97094, 11950, 28398, 66985]"
113365,"[99270, 1549, 6877, 10370, 27971, 106360, 68895, 35286, 39160, 67781]"
113366,"[78628, 34334, 106739, 42362, 12336, 13987, 70633, 31890, 6620, 46765]"
113367,"[78426, 93490, 81635, 10039, 14591, 2415, 33851, 28938, 48116, 5137]"
113368,"[59876, 4280, 95258, 64330, 103737, 32473, 14145, 53819, 70582, 36611]"
113369,"[70298, 29122, 85544, 84554, 43106, 60294, 20343, 46934, 12559, 14017]"
113370,"[95817, 101588, 30280, 68556, 16050, 98807, 17029, 7064, 71091, 98009]"
113371,"[52427, 61435, 44710, 93221, 4487, 63381, 100419, 99990, 28799, 60834]"
113372,"[84597, 21882, 97949, 58167, 90260, 66236, 12083, 17637, 86524, 44064]"
113373,"[41704, 37367, 37476, 37272, 40478, 4074, 79067, 92740, 67019, 7890]"
113374,"[52558, 62112, 44220, 90825, 12748, 67950, 92701, 11184, 56454, 65260]"
113375,"[72667, 68521, 73651, 70219, 72724, 89095, 62961, 66008, 62864, 41316]"
113376,"[52070, 100295, 4920, 87906, 20383, 24947, 49370, 92504, 2954, 41716]"
113377,"[42127, 23674, 32379, 41923, 102821, 20585, 4340, 101036, 22561, 46122]"
113378,"[78420, 2375, 104632, 39301, 83414, 16276, 76044, 104303, 70398, 94874]"
113379,"[86066, 5203, 39488, 50450, 21938, 78065, 39616, 70582, 1727, 66426]"
113380,"[16831, 82534, 105875, 104744, 77205, 83956, 28168, 48430, 96392, 34008]"
113381,"[2373, 47619, 46377, 26738, 57910, 29560, 40241, 92597, 6329, 40316]"
113382,"[45237, 54468, 38198, 65045, 3927, 59976, 73996, 96878, 25226, 66593]"
113383,"[20719, 27865, 33587, 66700, 68461, 20226, 43316, 94741, 82851, 29401]"
113384,"[39345, 75889, 78804, 31310, 23408, 107161, 97520, 32203, 92642, 39248]"
113385,"[48423, 102635, 32901, 70980, 34360, 74905, 14529, 34198, 40550, 27287]"
113386,"[82320, 41709, 90142, 77728, 34531, 73486, 54940, 55427, 58875, 1310]"
113387,"[32218, 34120, 46858, 3009, 22373, 57030, 16255, 10953, 11266, 56457]"
113388,"[21903, 42256, 8981, 4221, 44790, 76809, 57769, 56009, 37652, 50438]"
113389,"[101880, 101900, 72445, 107730, 48024, 22499, 70725, 33620, 100299, 2326]"
113390,"[64713, 81032, 47417, 94773, 23977, 42541, 68051, 77764, 20222, 5631]"
113391,"[97524, 45950, 87949, 13248, 63230, 38620, 109240, 58925, 55075, 71004]"
113392,"[39542, 46353, 69485, 3991, 17574, 46891, 67846, 74562, 28898, 28761]"
113393,"[7073, 51105, 4031, 87960, 67828, 69554, 56142, 66391, 61432, 15239]"
113394,"[25544, 108558, 6222, 15506, 56321, 45695, 42487, 4083, 75863, 55015]"
113395,"[32712, 53052, 107902, 83915, 21856, 43509, 43174, 82310, 100409, 36598]"
113396,"[14903, 92496, 8579, 14811, 96433, 67577, 107994, 29760, 33254, 99794]"
113397,"[11495, 23483, 22134, 31685, 104935, 6301, 44005, 54603, 53068, 26627]"
113398,"[105570, 12767, 52281, 50708, 81796, 85885, 45400, 56019, 99298, 52516]"
113399,"[88310, 66681, 25746, 73515, 7474, 73526, 46243, 9037, 1976, 57570]"
113400,"[78461, 9403, 19858, 8879, 40088, 67553, 73637, 31026, 11449, 71838]"
113401,"[21042, 58987, 47540, 12508, 99756, 41251, 45747, 3607, 22649, 74249]"
113402,"[50700, 92265, 14825, 40537, 42192, 25567, 24354, 48920, 102998, 51801]"
113403,"[71422, 58214, 60051, 61388, 27989, 13402, 47603, 88557, 71814, 31929]"
113404,"[60432, 93058, 83719, 65145, 105471, 43046, 35644, 1130, 71204, 44375]"
113405,"[35654, 66772, 102169, 21093, 89424, 28453, 7926, 95412, 21469, 27232]"
113406,"[40221, 11832, 108033, 106909, 48442, 85448, 90695, 54795, 192, 7851]"
113407,"[1508, 55828, 82525, 1659, 63551, 73466, 101513, 86054, 12275, 61178]"
113408,"[69187, 4233, 66244, 78105, 104273, 49162, 61011, 9453, 98480, 75793]"
113409,"[15331, 57286, 41612, 3478, 12979, 59662, 40607, 86697, 84551, 9816]"
113410,"[46895, 63356, 38361, 49883, 85907, 82342, 87670, 60889, 96128, 37713]"
113411,"[36303, 98419, 109574, 72068, 56014, 26868, 89948, 27175, 22349, 25341]"
113412,"[3576, 62018, 79080, 53412, 6736, 35291, 82963, 77696, 68762, 102168]"
113413,"[42618, 91215, 27376, 69702, 48699, 39211, 35522, 104937, 62146, 66902]"
113414,"[47508, 27352, 51967, 106726, 89418, 3036, 72227, 98401, 43769, 47110]"
113415,"[25010, 83130, 93652, 38997, 17077, 71777, 85230, 79998, 101233, 96625]"
113416,"[85648, 28720, 92520, 85105, 26974, 84695, 85659, 46667, 93086, 92676]"
113417,"[18185, 56406, 51168, 81088, 42142, 2233, 63100, 84928, 35198, 70639]"
113418,"[6232, 52112, 33759, 89380, 60784, 25688, 74200, 101959, 2001, 82683]"
113419,"[85472, 107331, 91707, 58639, 26041, 79736, 59195, 11362, 82737, 97580]"
113420,"[93864, 9023, 47464, 36143, 89230, 68427, 105532, 33644, 39991, 45697]"
113421,"[13309, 35259, 89357, 45272, 73822, 33223, 9269, 71257, 71896, 63222]"
113422,"[43007, 80255, 72395, 2018, 18299, 13369, 54502, 10695, 87819, 99965]"
113423,"[38067, 32069, 75485, 94306, 107795, 103079, 107749, 48500, 58294, 84545]"
113424,"[79558, 92514, 97485, 42081, 104875, 90986, 55627, 102512, 95752, 25921]"
113425,"[39940, 109414, 30935, 47122, 54985, 91182, 75333, 55041, 5494, 27045]"
113426,"[80042, 88215, 85084, 53359, 69332, 241, 21902, 10430, 39476, 99575]"
113427,"[5195, 74159, 73612, 42989, 25925, 92521, 44402, 43328, 66075, 93554]"
113428,"[24042, 25130, 67623, 75517, 96091, 84544, 34624, 6295, 31273, 43050]"
113429,"[22864, 56495, 62404, 72310, 21076, 7097, 38692, 41959, 15568, 104080]"
113430,"[72020, 98131, 58548, 91667, 63951, 109563, 59602, 104010, 108111, 1176]"
113431,"[52641, 15804, 43358, 99947, 64553, 30544, 64676, 62224, 106333, 103914]"
113432,"[38144, 52224, 73090, 14761, 37526, 101810, 76078, 66306, 57471, 92334]"
113433,"[38872, 92920, 106081, 108412, 78445, 71581, 67099, 57095, 11790, 51709]"
113434,"[4170, 62688, 15047, 44301, 79888, 42027, 68234, 88222, 76025, 360]"
113435,"[61556, 56953, 64500, 32034, 7583, 28928, 36819, 66082, 13576, 61305]"
113436,"[74145, 79855, 92922, 50076, 81316, 53588, 45387, 66312, 39110, 86281]"
113437,"[72408, 10669, 19262, 14991, 48969, 47998, 85454, 68361, 10511, 2149]"
113438,"[60360, 67460, 46904, 55328, 1233, 41217, 37331, 50776, 53274, 19261]"
113439,"[77705, 39198, 34850, 89933, 51080, 109618, 19472, 39492, 96461, 24023]"
113440,"[98048, 30217, 13891, 109139, 105314, 27481, 89772, 107173, 36991, 60782]"
113441,"[103542, 70355, 77072, 101714, 8672, 65475, 91787, 99831, 2501, 14144]"
113442,"[58647, 40334, 46677, 74672, 89190, 25372, 18292, 35391, 5886, 69233]"
113443,"[26224, 92439, 26862, 20604, 83012, 95146, 105939, 96907, 98328, 53053]"
113444,"[34047, 108019, 4095, 18025, 92851, 72037, 37624, 8086, 29681, 2010]"
113445,"[105164, 52069, 70583, 30947, 13703, 79168, 33620, 80483, 14260, 73353]"
113446,"[79557, 97555, 79174, 53011, 49070, 28336, 36209, 6512, 64679, 70833]"
113447,"[40448, 27660, 10060, 61135, 78183, 94246, 47602, 2371, 77673, 81961]"
113448,"[69795, 80071, 104012, 4562, 67896, 82572, 49703, 67886, 66057, 83936]"
113449,"[98159, 43583, 4362, 78408, 3976, 12467, 51006, 26636, 57653, 16799]"
113450,"[88755, 25402, 43445, 44845, 58033, 94677, 26515, 36220, 72357, 29995]"
113451,"[8213, 21955, 103639, 59301, 59533, 4818, 54914, 89060, 6586, 54027]"
113452,"[93982, 45551, 12997, 83316, 10492, 12400, 95345, 82889, 84820, 87132]"
113453,"[77267, 60991, 27716, 65454, 98899, 712, 109363, 11855, 40186, 108032]"
113454,"[58107, 28737, 40683, 61775, 25889, 18428, 91457, 103087, 87451, 77694]"
113455,"[50699, 35611, 109334, 49534, 18391, 12839, 70509, 55787, 20138, 29875]"
113456,"[46724, 106517, 72839, 68631, 52033, 98905, 29974, 83606, 31014, 20707]"
113457,"[2792, 99447, 9950, 72092, 7777, 24586, 63606, 67035, 68164, 91910]"
113458,"[11705, 80281, 17834, 80677, 12155, 26473, 60664, 1950, 27851, 77948]"
113459,"[72229, 16191, 82666, 26557, 52801, 70697, 11463, 23850, 61969, 103753]"
113460,"[38327, 109744, 16311, 49350, 45276, 26397, 44734, 27479, 42739, 79501]"
113461,"[70573, 88541, 58353, 83893, 67873, 61281, 35277, 93796, 75374, 66483]"
113462,"[100204, 32236, 78735, 90059, 29203, 22995, 56205, 31313, 92066, 12470]"
113463,"[16967, 25720, 63454, 98270, 23242, 34509, 5966, 54180, 32279, 36017]"
113464,"[39705, 9736, 54033, 100377, 37021, 51535, 31092, 60516, 2909, 54965]"
113465,"[16978, 66056, 33195, 69579, 98487, 40292, 45945, 80097, 103649, 108139]"
113466,"[5058, 25858, 459, 6085, 54320, 91935, 62924, 56507, 33683, 34444]"
113467,"[49661, 96871, 81613, 71060, 62421, 59193, 60480, 36812, 66848, 40609]"
113468,"[64334, 86700, 79419, 19955, 2863, 58950, 49160, 9826, 76327, 67827]"
113469,"[29399, 50734, 67990, 7684, 18547, 36454, 46149, 71557, 101114, 65425]"
113470,"[90390, 68972, 16537, 49765, 23911, 27093, 72310, 70387, 48797, 55285]"
113471,"[15618, 16633, 18866, 5289, 98002, 62073, 106101, 38384, 93198, 15489]"
113472,"[8652, 53972, 89289, 42874, 28087, 25432, 97744, 47991, 98267, 34596]"
113473,"[45835, 27120, 50703, 14649, 76686, 54839, 86687, 67537, 24138, 21267]"
113474,"[57671, 63311, 35367, 24347, 42166, 100533, 69669, 17250, 60650, 104871]"
113475,"[71015, 106709, 6362, 104976, 71174, 99319, 66125, 6543, 9875, 73704]"
113476,"[89663, 12474, 35806, 28188, 25382, 52673, 94789, 87941, 24136, 17668]"
113477,"[30317, 16514, 65243, 52150, 55345, 37104, 54123, 65729, 86618, 29134]"
113478,"[4666, 91913, 15347, 100449, 104333, 22084, 50442, 41713, 20740, 15572]"
113479,"[26081, 90385, 66478, 46290, 9344, 89848, 2472, 11678, 2138, 92629]"
113480,"[97819, 85497, 71232, 20861, 71138, 76808, 17703, 75914, 95242, 8174]"
113481,"[5530, 15566, 47957, 28900, 76556, 36905, 35619, 92067, 104118, 803]"
113482,"[44236, 85064, 34300, 90022, 64343, 32777, 88901, 67437, 9376, 9441]"
113483,"[62784, 34975, 22876, 24984, 99564, 97334, 95938, 98711, 108062, 68368]"
113484,"[86357, 68563, 109344, 49942, 465, 735, 8278, 11992, 42948, 27416]"
113485,"[30224, 60683, 75081, 78937, 5830, 51520, 73151, 109231, 85675, 44222]"
113486,"[70133, 46947, 35543, 90985, 22439, 9438, 50689, 53350, 57737, 92044]"
113487,"[76665, 62223, 22570, 62403, 34882, 99250, 64918, 25701, 54413, 13292]"
113488,"[18678, 52793, 54114, 99019, 59906, 29747, 69519, 68014, 21989, 38076]"
113489,"[90202, 104533, 20730, 11209, 84366, 100126, 100784, 44007, 27164, 93513]"
113490,"[11482, 31953, 48765, 99473, 24152, 108126, 42728, 102323, 98150, 24914]"
113491,"[52360, 50741, 101033, 41337, 71013, 22076, 20265, 31557, 93860, 55067]"
113492,"[95533, 4539, 91600, 2739, 94770, 80963, 98075, 29274, 38478, 75677]"
113493,"[86731, 67689, 102845, 88259, 103034, 105831, 46611, 27810, 43831, 87192]"
113494,"[98928, 46701, 66345, 41517, 66563, 62913, 46158, 8208, 69513, 94974]"
113495,"[20183, 104647, 106367, 102125, 107729, 27848, 16702, 3197, 75158, 337]"
113496,"[54446, 48825, 29649, 109566, 38511, 39026, 103128, 30171, 13404, 106438]"
113497,"[23625, 28941, 95863, 18967, 36361, 100908, 21237, 33457, 49585, 73573]"
113498,"[22574, 58269, 20708, 107360, 17597, 96484, 65167, 107008, 102693, 62711]"
113499,"[51462, 16523, 28556, 82047, 94170, 77899, 43500, 46577, 87252, 76849]"
113500,"[22200, 72503, 78872, 9899, 16236, 4368, 718, 15469, 83332, 8724]"
113501,"[76461, 61558, 80028, 98907, 6099, 35493, 62629, 84636, 54355, 10149]"
113502,"[28799, 20473, 101112, 48828, 63456, 99990, 66013, 49091, 4487, 100419]"
113503,"[53483, 33197, 42777, 4811, 91374, 100477, 92500, 94616, 94565, 37514]"
113504,"[105072, 68985, 89058, 18128, 64249, 96697, 61834, 30706, 85894, 11716]"
113505,"[41228, 74112, 93353, 98961, 87551, 24099, 1149, 66765, 50752, 86313]"
113506,"[58346, 54716, 11463, 83691, 59283, 15372, 88845, 96152, 102273, 74547]"
113507,"[514, 86109, 23442, 108444, 68498, 50874, 73769, 25343, 3419, 56430]"
113508,"[22153, 62142, 64003, 49804, 109489, 23593, 70071, 11361, 2447, 79416]"
113509,"[103895, 57112, 78099, 73528, 63111, 4637, 41733, 101896, 86268, 86218]"
113510,"[88099, 23195, 108335, 6918, 73778, 4571, 3437, 98040, 105468, 101098]"
113511,"[6261, 39371, 6846, 68495, 57518, 72449, 15830, 39487, 94461, 55185]"
113512,"[6327, 4806, 79486, 95221, 26213, 97748, 90946, 94583, 44428, 86957]"
113513,"[55310, 58044, 4283, 83387, 64629, 6191, 83146, 77632, 57851, 3486]"
113514,"[66573, 72809, 10950, 102852, 48432, 29305, 49209, 105293, 77692, 64159]"
113515,"[44501, 32512, 36484, 105829, 109736, 88272, 70353, 11657, 85197, 61750]"
113516,"[32346, 18735, 33076, 50792, 35515, 38549, 70558, 36722, 3843, 78113]"
113517,"[2691, 71069, 61159, 100687, 24462, 57116, 8884, 97870, 53780, 54533]"
113518,"[66833, 17783, 95321, 62336, 67011, 31515, 55135, 38110, 25222, 39566]"
113519,"[36431, 61330, 66560, 55386, 38200, 34160, 13644, 97189, 2197, 48823]"
113520,"[52173, 108831, 66762, 97753, 81264, 97456, 41606, 39495, 63029, 27713]"
113521,"[16686, 40974, 97024, 52112, 92975, 45989, 29966, 22907, 64298, 77470]"
113522,"[20778, 87250, 85352, 84320, 29997, 84909, 55749, 36336, 97097, 53466]"
113523,"[69961, 40718, 91331, 27630, 45524, 80253, 52679, 19147, 4624, 109008]"
113524,"[34832, 44287, 50200, 94262, 76874, 31745, 98234, 65530, 14966, 9657]"
113525,"[34921, 55468, 83458, 55379, 83816, 48629, 73843, 60559, 57013, 93648]"
113526,"[42514, 49961, 66680, 12557, 53233, 81095, 98143, 77919, 89981, 59184]"
113527,"[68039, 4740, 85031, 629, 33498, 87695, 50546, 45900, 61015, 105469]"
113528,"[104804, 99035, 96043, 57429, 33263, 2059, 105347, 109481, 10971, 72865]"
113529,"[32497, 42429, 52321, 69746, 19842, 26736, 14944, 25782, 71973, 81086]"
113530,"[101137, 72689, 82420, 62751, 78525, 80989, 11778, 51893, 102707, 66925]"
113531,"[43563, 34002, 93360, 6169, 83375, 23883, 22635, 9546, 8598, 65015]"
113532,"[69092, 103003, 90382, 61810, 33992, 16079, 31482, 9216, 97650, 100852]"
113533,"[88461, 61217, 91152, 86832, 65474, 52514, 83042, 72131, 107134, 43515]"
113534,"[106220, 92975, 72637, 96099, 16627, 63538, 98272, 20537, 86717, 62123]"
113535,"[108098, 96233, 43371, 106506, 20742, 109104, 4593, 35228, 31735, 31351]"
113536,"[25473, 24265, 21209, 14326, 66612, 77313, 52198, 58066, 95299, 71165]"
113537,"[69260, 76713, 1980, 70324, 91927, 89476, 42378, 59743, 1324, 61357]"
113538,"[18822, 10928, 98939, 36242, 68798, 55736, 59124, 68306, 104526, 97757]"
113539,"[70841, 26532, 67224, 33402, 47061, 4178, 83458, 15694, 64890, 646]"
113540,"[96753, 104912, 21443, 105757, 31631, 13165, 54372, 26773, 81728, 97281]"
113541,"[57038, 79580, 48189, 101220, 40900, 100540, 101273, 27554, 37490, 15028]"
113542,"[107373, 96774, 18435, 101079, 69853, 49917, 2854, 83804, 56710, 13596]"
113543,"[6438, 8279, 64921, 58264, 35897, 53918, 45228, 82567, 3194, 17067]"
113544,"[24229, 64549, 40152, 55666, 11523, 31673, 68010, 45832, 99287, 58425]"
113545,"[79417, 45516, 80042, 241, 21902, 42404, 34291, 39476, 85084, 53061]"
113546,"[60073, 39070, 84531, 25900, 91861, 10506, 50440, 457, 83108, 81142]"
113547,"[95482, 52451, 64005, 89884, 95545, 4281, 91242, 62735, 81865, 8134]"
113548,"[3117, 43357, 106097, 46485, 712, 10214, 65027, 12370, 94515, 98590]"
113549,"[19089, 6200, 99502, 81413, 9767, 107150, 54170, 33098, 79377, 72300]"
113550,"[71591, 37262, 20119, 106767, 98961, 23750, 73638, 5088, 23881, 61922]"
113551,"[86604, 97696, 51722, 91298, 106932, 109, 10757, 92578, 71590, 40696]"
113552,"[94990, 101102, 42613, 74978, 21937, 40394, 105364, 36119, 20179, 9922]"
113553,"[31723, 82104, 65844, 25884, 8503, 61907, 69794, 94064, 34559, 82469]"
113554,"[96886, 93214, 89455, 47792, 45995, 68280, 18516, 12632, 66150, 20220]"
113555,"[85525, 8140, 29670, 1772, 52331, 30264, 35059, 72815, 85188, 78713]"
113556,"[102806, 81910, 12255, 12155, 17834, 10489, 30592, 107481, 26947, 5891]"
113557,"[73571, 43603, 46296, 66869, 51961, 33413, 40707, 89600, 2862, 76256]"
113558,"[51068, 76849, 53565, 49094, 7568, 92021, 25749, 48254, 70190, 23533]"
113559,"[101141, 68080, 62382, 7993, 96235, 24546, 67198, 40071, 4015, 52614]"
113560,"[14788, 46008, 12267, 57276, 23716, 92089, 16180, 49099, 1351, 28980]"
113561,"[101697, 53054, 68162, 14263, 17553, 83034, 92495, 26317, 80362, 83071]"
113562,"[80939, 46403, 108264, 28829, 21416, 79895, 32716, 27118, 9977, 88602]"
113563,"[92675, 56383, 77834, 32978, 25897, 63957, 65089, 80439, 89361, 65436]"
113564,"[11685, 48251, 48067, 49669, 10549, 42241, 42231, 29363, 5732, 60719]"
113565,"[87182, 7335, 105246, 107265, 89969, 2096, 56239, 20197, 41045, 15641]"
113566,"[19569, 88207, 46603, 7798, 71795, 17322, 64320, 64445, 63993, 78690]"
113567,"[75464, 21015, 87916, 22024, 67933, 9538, 76425, 77594, 83845, 48748]"
113568,"[53301, 56543, 98578, 30240, 95720, 57268, 70406, 68309, 24905, 36558]"
113569,"[81615, 89655, 52173, 106532, 16102, 96173, 29036, 85278, 103099, 71409]"
113570,"[10339, 17885, 106959, 73557, 24174, 60829, 36677, 20719, 11766, 34806]"
113571,"[85166, 68918, 36124, 58723, 16863, 89489, 108764, 71675, 55876, 68203]"
113572,"[97986, 75604, 85221, 837, 9111, 10378, 11650, 79329, 107350, 56634]"
113573,"[8647, 18765, 22599, 36608, 37687, 50311, 31795, 29381, 84581, 28727]"
113574,"[97820, 20749, 52775, 197, 46176, 74111, 36702, 48015, 96087, 32140]"
113575,"[86319, 43915, 93186, 76149, 36216, 27452, 91745, 43576, 97082, 86125]"
113576,"[107389, 28918, 98652, 17186, 32681, 87377, 61001, 41078, 80308, 67976]"
113577,"[17006, 36896, 90633, 10367, 8821, 54793, 74817, 100254, 59445, 38522]"
113578,"[43954, 47891, 49077, 19759, 84535, 101947, 12200, 33081, 74266, 92892]"
113579,"[106336, 55138, 92239, 36731, 91934, 59075, 77379, 5436, 52136, 84238]"
113580,"[26452, 96700, 69110, 11207, 66924, 95153, 2901, 6380, 62645, 7813]"
113581,"[100173, 94328, 34158, 1550, 87423, 94359, 101141, 76354, 85845, 46963]"
113582,"[56013, 38109, 14705, 22098, 67579, 22995, 60521, 55400, 51066, 31313]"
113583,"[108675, 70869, 50886, 107517, 12123, 56183, 2620, 74002, 65520, 29980]"
113584,"[83969, 77783, 101649, 12816, 90000, 27435, 59405, 37693, 41093, 73584]"
113585,"[76753, 74678, 81933, 27769, 11508, 8627, 58952, 50698, 108365, 108009]"
113586,"[57387, 11453, 2711, 57242, 24278, 52922, 100975, 96322, 90602, 103054]"
113587,"[41990, 3405, 93833, 1812, 663, 19431, 65171, 28364, 26722, 10141]"
113588,"[20889, 21695, 32470, 41219, 64097, 64357, 84614, 30478, 107012, 17754]"
113589,"[81402, 91343, 29204, 73404, 49419, 46857, 76832, 33143, 5785, 19572]"
113590,"[80205, 104048, 49872, 79383, 4736, 28968, 98564, 102735, 82823, 55841]"
113591,"[60304, 89415, 45236, 77380, 64592, 76214, 46022, 47836, 56818, 58892]"
113592,"[31787, 83373, 66975, 49700, 109462, 49864, 43645, 107058, 18349, 100599]"
113593,"[68854, 84340, 1693, 18087, 92207, 48423, 29321, 32538, 53119, 59596]"
113594,"[79779, 25199, 41021, 3672, 83095, 11686, 5061, 16671, 1955, 97872]"
113595,"[28787, 61858, 72896, 16145, 7178, 34221, 91038, 38537, 67197, 24645]"
113596,"[94192, 83654, 49418, 54229, 51038, 66384, 7311, 78511, 50246, 46533]"
113597,"[32797, 41780, 75322, 59595, 7357, 72249, 18873, 108983, 94509, 37361]"
113598,"[106537, 67297, 64059, 71762, 15255, 109201, 14254, 26472, 109728, 61996]"
113599,"[76983, 74452, 41434, 45773, 15975, 105639, 1043, 91256, 109068, 7709]"
113600,"[37802, 39137, 60990, 61011, 16929, 62002, 41125, 44098, 48117, 37906]"
113601,"[107464, 26616, 88839, 30062, 87513, 104899, 72226, 26827, 37924, 3959]"
113602,"[36229, 97865, 65537, 53142, 49775, 51634, 102390, 31622, 66064, 87289]"
113603,"[13790, 25803, 104565, 42798, 737, 45286, 99071, 41267, 81759, 48340]"
113604,"[80240, 42180, 91900, 4072, 10236, 32197, 51665, 50313, 7333, 58426]"
113605,"[47291, 75681, 65084, 79928, 41223, 3308, 105585, 7579, 58250, 56604]"
113606,"[28739, 53949, 100943, 81476, 30301, 96546, 62431, 94343, 39053, 29803]"
113607,"[85195, 52770, 40040, 102819, 34395, 99742, 107866, 50927, 75481, 98751]"
113608,"[96656, 2586, 69888, 95017, 106138, 73261, 65546, 8552, 15285, 72511]"
113609,"[76287, 66486, 88977, 34931, 76333, 33622, 45853, 47753, 96552, 57598]"
113610,"[19800, 61254, 104145, 65272, 94830, 45697, 65414, 84759, 11656, 85657]"
113611,"[35984, 43442, 89059, 30070, 94766, 102429, 50301, 41674, 71604, 23515]"
113612,"[50789, 52958, 14765, 9675, 78121, 51743, 108949, 34613, 61647, 29771]"
113613,"[30565, 46438, 15338, 34403, 23346, 109088, 5952, 105070, 84946, 9964]"
113614,"[72682, 99062, 84217, 91888, 27790, 105705, 20772, 8609, 64061, 78744]"
113615,"[56757, 101474, 57956, 90992, 49824, 58975, 86373, 32460, 5120, 68623]"
113616,"[9939, 20671, 79054, 72456, 13956, 51343, 109076, 26010, 106394, 75595]"
113617,"[90969, 26249, 26184, 89747, 56040, 15984, 61635, 107986, 22487, 41298]"
113618,"[52468, 10518, 109330, 20697, 89184, 93627, 96639, 9565, 75954, 18855]"
113619,"[31487, 5047, 38035, 66465, 62922, 515, 2195, 21329, 69552, 78586]"
113620,"[5536, 81182, 97394, 7789, 7926, 97790, 41904, 105400, 95970, 71223]"
113621,"[31821, 34377, 105998, 92746, 57660, 41833, 75660, 108156, 56602, 13754]"
113622,"[52964, 82986, 41816, 8463, 61719, 37380, 80906, 60758, 24428, 104498]"
113623,"[4193, 24302, 76200, 36137, 94441, 88802, 62710, 103544, 44803, 88686]"
113624,"[72143, 32891, 78704, 94084, 42006, 20591, 68377, 45045, 15044, 22050]"
113625,"[88191, 44656, 90960, 94714, 63814, 45703, 61822, 92561, 46269, 103434]"
113626,"[24545, 74576, 98680, 76782, 46155, 74798, 104392, 104296, 11077, 94385]"
113627,"[93007, 1364, 17153, 85691, 79500, 25630, 97112, 55457, 23119, 97993]"
113628,"[38165, 96693, 73133, 8242, 62378, 85030, 26875, 50084, 95716, 11269]"
113629,"[102286, 94590, 65240, 37381, 74041, 20793, 49359, 77847, 40691, 83578]"
113630,"[87607, 40312, 30086, 22803, 79155, 41009, 109149, 61803, 30227, 13101]"
113631,"[9822, 79669, 86491, 108007, 37204, 86376, 64146, 9600, 80685, 61528]"
113632,"[18150, 11630, 103623, 73339, 105833, 26223, 38316, 50978, 52864, 79618]"
113633,"[106063, 13740, 13463, 13994, 56493, 56441, 6926, 26564, 43448, 4694]"
113634,"[39600, 87415, 28761, 19703, 41343, 102626, 72805, 28211, 30603, 17505]"
113635,"[26635, 18239, 45993, 2094, 93276, 89483, 26655, 102786, 26016, 29794]"
113636,"[70899, 12442, 44325, 52499, 5591, 37295, 108873, 101870, 107952, 32749]"
113637,"[67795, 40743, 37561, 90490, 64141, 77304, 8895, 64057, 81878, 5373]"
113638,"[82624, 54794, 106139, 88921, 59839, 90116, 62912, 40247, 20533, 101615]"
113639,"[35554, 50337, 34697, 59491, 101756, 23678, 74457, 94486, 52117, 24611]"
113640,"[34698, 58922, 47797, 30534, 60907, 86242, 52913, 54798, 7008, 98493]"
113641,"[25311, 8050, 68386, 15508, 78206, 89239, 7734, 14805, 24267, 1861]"
113642,"[108166, 52118, 59528, 76831, 25500, 8148, 94853, 24463, 46104, 46384]"
113643,"[1921, 74760, 54096, 53926, 47459, 94398, 78912, 46232, 26122, 74079]"
113644,"[73453, 65320, 62432, 29656, 96211, 29813, 67681, 18263, 29927, 64465]"
113645,"[16168, 61571, 67010, 43595, 23935, 26956, 97100, 68880, 14028, 37859]"
113646,"[45544, 73717, 83442, 83711, 50474, 46165, 80528, 44941, 93336, 54621]"
113647,"[9284, 23420, 78417, 20509, 19624, 65571, 7138, 34517, 43149, 106810]"
113648,"[18187, 36153, 87969, 59258, 8597, 71503, 100859, 69028, 104669, 36914]"
113649,"[16782, 2926, 9494, 94519, 23092, 8546, 73352, 19108, 102680, 60460]"
113650,"[4110, 26292, 42676, 14945, 55066, 75745, 49748, 107376, 108799, 4416]"
113651,"[33625, 58267, 33607, 53160, 57759, 8300, 72026, 88066, 89389, 84297]"
113652,"[93820, 29654, 68926, 57350, 83750, 56803, 25976, 18602, 35079, 77010]"
113653,"[35915, 30556, 24217, 59637, 5947, 264, 99390, 82667, 55198, 105299]"
113654,"[45964, 56993, 98004, 103768, 60892, 57548, 96016, 27900, 32670, 2982]"
113655,"[68919, 94339, 71759, 2428, 106762, 48886, 104483, 29920, 63591, 19307]"
113656,"[104088, 35230, 97381, 82781, 6002, 3891, 49723, 106735, 21139, 37185]"
113657,"[81808, 97471, 29230, 23662, 8093, 401, 41970, 14832, 103223, 71496]"
113658,"[95468, 10409, 70102, 22807, 40738, 50005, 18062, 105551, 28673, 104393]"
113659,"[41947, 102944, 91976, 3368, 49682, 28970, 102550, 36260, 58133, 37159]"
113660,"[30589, 87206, 24963, 89940, 54545, 10942, 28121, 36, 10921, 31983]"
113661,"[81473, 43558, 3671, 39188, 57724, 29825, 24556, 15278, 77173, 90545]"
113662,"[71579, 42257, 529, 2150, 36176, 22022, 100463, 93713, 23355, 1248]"
113663,"[12456, 91501, 34424, 70110, 6442, 41673, 105174, 40611, 48553, 21854]"
113664,"[88292, 65565, 47624, 9720, 15179, 45545, 2913, 46071, 101644, 33031]"
113665,"[18099, 76479, 39552, 11212, 89939, 37572, 52341, 37123, 30392, 91927]"
113666,"[36357, 18542, 30940, 15908, 59987, 36031, 21282, 57061, 71740, 42387]"
113667,"[41814, 93031, 104559, 18225, 98370, 72594, 107330, 86387, 96362, 103731]"
113668,"[47873, 55595, 85121, 8294, 93806, 85959, 75252, 83557, 46520, 93857]"
113669,"[64547, 25112, 33216, 13516, 67111, 67909, 93509, 45720, 82011, 1779]"
113670,"[78871, 78469, 42638, 50162, 18408, 50930, 75311, 41946, 97586, 77345]"
113671,"[49286, 79465, 5526, 13, 82277, 27802, 61013, 103891, 14661, 53594]"
113672,"[31139, 53345, 9907, 6, 64159, 87693, 51666, 37896, 92356, 2255]"
113673,"[44876, 58224, 20339, 19856, 6644, 80975, 2542, 12662, 81190, 26865]"
113674,"[34740, 51258, 55480, 90352, 90051, 9084, 87363, 35184, 1005, 65893]"
113675,"[27455, 95173, 95438, 49528, 47731, 3912, 6241, 63326, 71041, 42838]"
113676,"[103918, 22323, 109321, 44176, 6453, 38208, 25158, 20823, 75487, 11763]"
113677,"[15914, 22207, 32115, 90893, 106157, 90070, 3241, 101291, 9773, 100597]"
113678,"[75843, 19535, 39129, 61031, 107234, 72549, 82601, 105252, 46986, 103604]"
113679,"[2226, 3111, 54623, 71571, 70405, 60020, 6375, 19655, 35371, 36060]"
113680,"[14054, 31589, 47592, 8406, 40699, 82080, 5911, 26718, 108653, 105515]"
113681,"[74307, 87936, 99764, 78132, 4895, 33252, 82922, 30011, 21873, 56983]"
113682,"[57264, 74046, 527, 16016, 82837, 42295, 29011, 82912, 57585, 52509]"
113683,"[13561, 66012, 77629, 84336, 89297, 62651, 88034, 73487, 56385, 15571]"
113684,"[555, 63619, 103798, 10072, 52727, 14440, 64625, 95419, 49016, 51372]"
113685,"[16839, 29116, 96935, 64489, 18996, 86, 29804, 13089, 90903, 39554]"
113686,"[21184, 29942, 54203, 16053, 100708, 39508, 84212, 107139, 78867, 103945]"
113687,"[102949, 37405, 78210, 92897, 86026, 39999, 83257, 35774, 30175, 91439]"
113688,"[2559, 42029, 99553, 90397, 48206, 80255, 5884, 18954, 15451, 27371]"
113689,"[67954, 61169, 77731, 67059, 49169, 46567, 27838, 77964, 84785, 76650]"
113690,"[109484, 24803, 19131, 92651, 90127, 22662, 56733, 75986, 27592, 70810]"
113691,"[100172, 84530, 97429, 44915, 36393, 37468, 53962, 1995, 9770, 76020]"
113692,"[72682, 22735, 20772, 8609, 65820, 28988, 99062, 84217, 91888, 91345]"
113693,"[16635, 102157, 81671, 94863, 29135, 50735, 70504, 53290, 57282, 53073]"
113694,"[78605, 83432, 3357, 215, 54958, 90026, 85995, 60260, 93752, 41206]"
113695,"[30255, 102755, 30287, 76798, 68602, 31873, 91113, 89581, 84532, 88650]"
113696,"[61369, 95596, 98135, 55994, 22075, 53986, 58519, 103952, 9129, 58650]"
113697,"[56220, 88345, 76983, 16206, 52051, 15173, 103452, 15738, 59906, 99019]"
113698,"[54742, 105121, 56798, 106116, 103331, 61096, 13303, 47515, 5654, 82400]"
113699,"[76035, 90398, 2869, 97388, 96948, 106380, 60800, 70372, 107478, 33806]"
113700,"[90176, 103967, 84662, 94312, 56877, 11253, 57406, 19011, 106300, 12531]"
113701,"[106221, 67414, 48669, 32879, 44425, 18040, 40826, 10942, 87206, 1911]"
113702,"[53541, 78366, 72498, 105960, 4715, 15773, 51551, 13328, 43760, 86389]"
113703,"[4296, 44316, 46585, 64735, 6127, 101803, 42480, 71923, 49167, 8066]"
113704,"[18899, 77398, 107958, 28368, 70039, 58211, 104541, 34367, 21888, 58317]"
113705,"[59927, 37254, 85868, 31218, 59880, 35041, 102640, 55321, 5618, 58687]"
113706,"[35153, 37983, 86103, 75284, 90479, 8577, 104619, 8699, 16763, 33586]"
113707,"[18251, 62817, 30895, 75315, 10338, 75594, 52085, 74027, 55577, 86612]"
113708,"[94171, 78296, 57820, 40615, 49977, 102886, 64446, 101257, 31500, 19341]"
113709,"[80873, 86767, 65899, 23169, 63793, 7167, 5898, 73829, 4926, 97285]"
113710,"[61473, 29741, 56004, 29408, 72059, 3938, 38206, 50893, 22671, 49594]"
113711,"[22796, 59216, 108281, 101908, 37333, 102653, 92236, 87213, 54368, 12359]"
113712,"[54891, 69239, 39512, 91080, 92440, 70087, 105220, 89561, 66319, 80121]"
113713,"[27033, 56002, 13693, 91157, 3605, 91684, 90780, 109418, 55999, 17444]"
113714,"[67698, 101921, 81530, 77986, 38530, 179, 11474, 36966, 50641, 84655]"
113715,"[9163, 47771, 28363, 33850, 79093, 85574, 87523, 70640, 107577, 100286]"
113716,"[105199, 44369, 17727, 33826, 69556, 58036, 92548, 76543, 38828, 39979]"
113717,"[5530, 11615, 36905, 20465, 51697, 12417, 15566, 42830, 35619, 14074]"
113718,"[37570, 81557, 6982, 104450, 36349, 107806, 41749, 92884, 30586, 93919]"
113719,"[20141, 54294, 65132, 3971, 51328, 10100, 101101, 99481, 101543, 17649]"
113720,"[73192, 7226, 85583, 80081, 68082, 50736, 73354, 47125, 21013, 34722]"
113721,"[46134, 10566, 40756, 29245, 701, 104326, 78482, 9529, 59800, 49707]"
113722,"[106727, 71948, 66972, 63718, 9140, 10963, 78987, 32848, 81467, 63779]"
113723,"[84955, 90324, 77850, 60908, 57898, 52218, 5277, 16326, 32051, 37552]"
113724,"[23857, 21088, 81881, 105922, 51959, 86982, 11022, 109348, 68927, 63141]"
113725,"[47350, 35241, 56088, 87202, 91675, 24896, 91162, 39227, 103838, 16651]"
113726,"[42435, 105041, 72244, 90524, 46288, 43118, 82084, 85089, 22984, 85662]"
113727,"[12147, 18401, 11420, 52356, 22570, 54413, 13292, 76665, 39203, 92342]"
113728,"[86835, 62519, 69382, 21560, 91851, 16065, 92658, 66087, 100571, 55882]"
113729,"[75303, 47721, 62265, 64094, 96075, 109410, 66032, 51899, 109350, 9908]"
113730,"[29470, 14079, 79385, 32864, 41039, 94620, 31503, 14921, 58074, 2665]"
113731,"[11249, 63286, 88896, 12695, 97067, 35469, 10281, 29263, 44498, 39369]"
113732,"[11102, 66970, 43272, 61672, 74169, 95151, 36478, 3430, 7523, 81144]"
113733,"[8666, 31651, 63339, 84277, 7425, 41530, 108743, 57535, 16262, 98863]"
113734,"[88591, 69854, 27477, 43282, 76277, 51775, 21861, 23824, 59317, 4730]"
113735,"[57807, 27231, 13803, 93889, 87757, 34513, 78633, 3077, 67287, 101052]"
113736,"[94015, 98904, 14480, 24358, 47521, 102667, 70511, 12704, 18882, 11824]"
113737,"[22996, 78294, 36080, 65311, 35346, 35468, 85837, 17176, 19138, 27485]"
113738,"[16591, 99187, 27436, 70502, 56658, 7322, 108431, 4045, 19016, 99973]"
113739,"[86320, 62430, 93986, 101053, 61068, 59549, 347, 16981, 91082, 80967]"
113740,"[97108, 55810, 20244, 43103, 15211, 96867, 96648, 39669, 11725, 99504]"
113741,"[44973, 52664, 77921, 95755, 98849, 15635, 73132, 66356, 41835, 1910]"
113742,"[11411, 76739, 25129, 44500, 99997, 85796, 87178, 38437, 97935, 81810]"
113743,"[109526, 97575, 1185, 2573, 54324, 59589, 48433, 93573, 28816, 1191]"
113744,"[89873, 97547, 82165, 26554, 83108, 47409, 90318, 33523, 76649, 68491]"
113745,"[57361, 2639, 19215, 13036, 107678, 69796, 7497, 22187, 22943, 36250]"
113746,"[71818, 92630, 89646, 4582, 16373, 83371, 93282, 73821, 27351, 43544]"
113747,"[108977, 27050, 100796, 3574, 43163, 67853, 13134, 41580, 84046, 83551]"
113748,"[18805, 10215, 105419, 47419, 19522, 53204, 35801, 19005, 78828, 86542]"
113749,"[109480, 29742, 4204, 106013, 739, 88869, 100974, 32106, 41765, 33743]"
113750,"[98527, 90195, 48804, 107093, 16881, 44499, 57600, 81992, 74758, 68772]"
113751,"[6175, 59687, 6486, 92486, 54318, 44231, 14105, 71215, 69683, 54519]"
113752,"[25711, 50550, 17924, 56185, 19245, 106093, 76500, 47663, 79960, 72792]"
113753,"[65932, 40905, 30958, 31103, 95929, 62116, 74222, 105805, 23402, 43881]"
113754,"[70277, 46788, 47905, 72540, 86292, 27321, 69772, 105964, 68316, 37693]"
113755,"[34998, 49784, 36275, 74739, 47829, 96134, 44502, 78892, 55541, 20569]"
113756,"[40186, 106569, 65858, 7345, 61353, 78779, 53270, 83343, 20621, 98590]"
113757,"[52564, 62492, 623, 107314, 31348, 89066, 103028, 42870, 7263, 78056]"
113758,"[90203, 75411, 53197, 36101, 84552, 28266, 86722, 76215, 94710, 21845]"
113759,"[90439, 105738, 21734, 42232, 61117, 54625, 48358, 93105, 17079, 70847]"
113760,"[108020, 1053, 74937, 98995, 10551, 25608, 69650, 5484, 6191, 86316]"
113761,"[100625, 93182, 85572, 28864, 59548, 84293, 30677, 17386, 105180, 14993]"
113762,"[101145, 20058, 87477, 33759, 62123, 102464, 47348, 92023, 24331, 15877]"
113763,"[5259, 34496, 108990, 55071, 28974, 9704, 96399, 23149, 62024, 93659]"
113764,"[58554, 26284, 56476, 92999, 50116, 64920, 58124, 74808, 46070, 70483]"
113765,"[60397, 93563, 106216, 65055, 74363, 52642, 24935, 31885, 74455, 108063]"
113766,"[19147, 52165, 61795, 66885, 9991, 27406, 7173, 41093, 21966, 6668]"
113767,"[59754, 93229, 86815, 17429, 50298, 1025, 61080, 48098, 49924, 94305]"
113768,"[19973, 90673, 90007, 37667, 78379, 51449, 33687, 21113, 8499, 102036]"
113769,"[34563, 100570, 99670, 21315, 40057, 107638, 4369, 29287, 93500, 71996]"
113770,"[88190, 84375, 81251, 92909, 53665, 78074, 18, 78434, 69502, 103394]"
113771,"[47010, 78148, 36874, 86831, 10801, 102720, 4725, 79409, 35315, 85473]"
113772,"[107495, 6887, 62362, 35441, 34329, 68862, 55026, 104337, 98362, 27300]"
113773,"[83589, 104233, 42342, 86453, 45017, 90035, 7419, 90464, 2519, 32760]"
113774,"[15686, 71012, 22844, 102166, 68191, 6140, 31922, 19952, 48113, 18766]"
113775,"[3361, 49689, 27209, 86582, 93361, 48657, 40647, 90168, 107722, 10684]"
113776,"[95568, 106214, 91163, 51796, 34851, 33458, 75535, 51756, 7473, 36973]"
113777,"[20478, 52639, 85165, 27016, 74349, 43458, 11227, 3516, 109477, 77336]"
113778,"[77814, 11060, 100042, 97666, 28284, 58245, 86476, 20934, 76813, 19276]"
113779,"[37799, 2810, 51268, 109660, 97618, 27357, 43267, 66565, 85338, 4586]"
113780,"[97238, 94938, 95460, 18321, 35853, 99829, 21004, 58626, 52292, 43412]"
113781,"[9095, 95920, 105026, 104809, 62989, 56850, 18960, 53734, 104517, 27087]"
113782,"[99696, 27640, 31534, 103129, 90142, 57381, 14967, 87208, 87681, 50233]"
113783,"[33248, 106648, 87335, 60022, 69093, 67725, 20463, 103702, 94031, 74722]"
113784,"[55168, 63062, 9367, 93083, 84294, 32289, 7289, 86945, 16587, 102275]"
113785,"[32810, 38028, 91556, 47824, 71558, 37607, 26783, 28837, 82173, 95922]"
113786,"[23669, 104449, 36544, 79359, 79713, 423, 102632, 76601, 39264, 21096]"
113787,"[54169, 84822, 84673, 16212, 80716, 107048, 68986, 89703, 11430, 70693]"
113788,"[39726, 31342, 86505, 81899, 42934, 77771, 64507, 2642, 32838, 10895]"
113789,"[54342, 32350, 55785, 70679, 58216, 41065, 1610, 55921, 105250, 37932]"
113790,"[30727, 61334, 46125, 82884, 98685, 101431, 98356, 68196, 58070, 67039]"
113791,"[90082, 42845, 9638, 49713, 99924, 14961, 72561, 104806, 106137, 59890]"
113792,"[63446, 102187, 35400, 33316, 14754, 3677, 794, 78826, 76803, 12820]"
113793,"[2298, 3572, 78867, 93546, 75948, 9366, 43648, 19736, 1844, 46468]"
113794,"[91452, 18146, 106556, 9561, 5959, 77566, 10809, 70349, 107091, 55159]"
113795,"[100626, 23024, 76282, 63486, 10823, 70224, 68650, 92588, 106112, 89220]"
113796,"[105096, 41500, 13075, 56526, 68181, 37816, 74101, 100456, 84113, 35997]"
113797,"[95544, 16998, 17241, 19222, 92243, 74746, 5401, 7821, 43826, 107267]"
113798,"[48990, 561, 102333, 88861, 100153, 103040, 86049, 23211, 40696, 27742]"
113799,"[58903, 66888, 57357, 84180, 44645, 13472, 45218, 101714, 51389, 96405]"
113800,"[39150, 104436, 54009, 94233, 48033, 34628, 55145, 26192, 81369, 93037]"
113801,"[71, 48857, 16860, 62857, 26952, 85504, 62227, 46676, 65035, 91956]"
113802,"[105082, 52037, 12777, 47775, 13216, 20770, 15927, 64578, 11066, 80703]"
113803,"[7825, 79044, 78298, 11697, 6157, 105396, 56425, 27595, 104816, 69007]"
113804,"[70364, 97603, 86805, 3835, 93231, 44019, 18362, 88971, 86390, 94303]"
113805,"[22950, 37267, 92418, 44517, 40676, 20149, 56260, 12701, 94383, 19523]"
113806,"[99205, 86402, 35582, 59677, 83145, 59233, 97532, 88969, 4870, 17798]"
113807,"[28383, 82036, 78072, 50227, 45038, 22485, 80034, 55127, 8813, 55919]"
113808,"[7053, 19546, 107301, 93809, 252, 77890, 67541, 92185, 23802, 69588]"
113809,"[101089, 9459, 54869, 109100, 25800, 46493, 64011, 8536, 92254, 84296]"
113810,"[73405, 102985, 105037, 98106, 87021, 54534, 41098, 101843, 71664, 71172]"
113811,"[108453, 13278, 58527, 37986, 11991, 82819, 98371, 108875, 43521, 97587]"
113812,"[38397, 104134, 15080, 11265, 10422, 23601, 59017, 33081, 23145, 99576]"
113813,"[86036, 53693, 105313, 17129, 107123, 100278, 36980, 69615, 86230, 64251]"
113814,"[88744, 81565, 68811, 28248, 43531, 6339, 100627, 11805, 75014, 2289]"
113815,"[13264, 105864, 100219, 45595, 68547, 70821, 57319, 42634, 21484, 4832]"
113816,"[13393, 63328, 103549, 49181, 72543, 78000, 19213, 85945, 30204, 54095]"
113817,"[35483, 38935, 66865, 40481, 40002, 74086, 63120, 28291, 96837, 73222]"
113818,"[28756, 107183, 31518, 99494, 103234, 17846, 98878, 40406, 46689, 43832]"
113819,"[28880, 50620, 80059, 42842, 41026, 64806, 40796, 58873, 10406, 98137]"
113820,"[70049, 39649, 28120, 48485, 80401, 49905, 21483, 100973, 46392, 43466]"
113821,"[58064, 17708, 41148, 96756, 39887, 40282, 107617, 204, 41908, 1873]"
113822,"[39151, 47301, 29441, 44539, 5854, 108406, 75189, 21210, 76095, 25245]"
113823,"[66914, 40554, 21283, 102150, 85991, 39016, 69066, 13486, 6924, 33256]"
113824,"[66943, 72163, 26618, 53966, 87941, 50045, 50602, 15535, 9651, 92974]"
113825,"[63617, 102176, 73129, 5693, 63167, 88526, 30825, 59560, 73570, 5497]"
113826,"[84640, 73682, 55092, 91803, 69812, 79771, 91338, 33662, 107448, 18827]"
113827,"[7317, 57215, 87107, 33082, 79996, 77907, 66974, 101712, 61908, 19114]"
113828,"[109758, 2832, 99154, 20659, 96133, 12684, 15375, 48156, 47808, 86460]"
113829,"[90085, 64044, 106882, 108041, 94706, 82747, 90610, 14957, 29222, 92115]"
113830,"[103252, 70846, 9184, 83644, 36461, 5737, 91838, 56447, 23268, 17320]"
113831,"[61307, 42177, 40257, 700, 85710, 13729, 9816, 73109, 11580, 20337]"
113832,"[48605, 42889, 29867, 29368, 1661, 85204, 29444, 83830, 49584, 46635]"
113833,"[70858, 103018, 41369, 27867, 80054, 29061, 11192, 26387, 31655, 64729]"
113834,"[76041, 106161, 29237, 37842, 65093, 53590, 21317, 47111, 18740, 84573]"
113835,"[45914, 83518, 87620, 60452, 88154, 69694, 107704, 45203, 54215, 95241]"
113836,"[55634, 86095, 40481, 83934, 66865, 39731, 108638, 35483, 30541, 100000]"
113837,"[98556, 98468, 46971, 37400, 107233, 76203, 26775, 76901, 32046, 39913]"
113838,"[12404, 78042, 101818, 48148, 60226, 41436, 13995, 97177, 16114, 40003]"
113839,"[108148, 10276, 61058, 11393, 34051, 105598, 16654, 2646, 23220, 19013]"
113840,"[98084, 107087, 68838, 22418, 16253, 102279, 66199, 44791, 15271, 98413]"
113841,"[64712, 8341, 62258, 3964, 72506, 52605, 61114, 25171, 20046, 48736]"
113842,"[95924, 24461, 63423, 3289, 5228, 14393, 84308, 79828, 9221, 78565]"
113843,"[52189, 17190, 37008, 68157, 59588, 34286, 13011, 47385, 88571, 76736]"
113844,"[34133, 93846, 67397, 66448, 79593, 103372, 35760, 43370, 51648, 42628]"
113845,"[67550, 27353, 43225, 16841, 59092, 43627, 17709, 102160, 77440, 36098]"
113846,"[88624, 18634, 106847, 68276, 10187, 105062, 66662, 101483, 81270, 101677]"
113847,"[12421, 96290, 60005, 48432, 93305, 32817, 59827, 66800, 103026, 106418]"
113848,"[27717, 99702, 17301, 87925, 36534, 81538, 92264, 86535, 6619, 58017]"
113849,"[42383, 75974, 26377, 38012, 70482, 45991, 11488, 17805, 55207, 98595]"
113850,"[17027, 63088, 53857, 28570, 89740, 106493, 99367, 80959, 74232, 96391]"
113851,"[89653, 33170, 2587, 59330, 15247, 103392, 17367, 43560, 83036, 74920]"
113852,"[41681, 19691, 45508, 1381, 94335, 46448, 85634, 70100, 26083, 85687]"
113853,"[50746, 19466, 33168, 50773, 79852, 84561, 10584, 100692, 29689, 63184]"
113854,"[73597, 78147, 6818, 24339, 13705, 8520, 24859, 41394, 56981, 57321]"
113855,"[32470, 19180, 11536, 21695, 46696, 34004, 36928, 25820, 107238, 9519]"
113856,"[16649, 55986, 49473, 30006, 43597, 35428, 42521, 1990, 22893, 49243]"
113857,"[50010, 48115, 74775, 2424, 69126, 42802, 3094, 82688, 51691, 82276]"
113858,"[92979, 83550, 1927, 86241, 20056, 66510, 130, 83088, 106791, 29878]"
113859,"[57461, 106165, 94775, 81872, 109752, 68500, 53906, 31626, 75528, 11322]"
113860,"[63836, 91356, 42074, 58215, 95514, 89597, 12552, 50782, 46191, 77547]"
113861,"[105286, 46558, 51731, 39302, 19436, 45368, 29558, 9081, 2396, 21023]"
113862,"[58220, 7645, 40050, 77707, 91420, 6672, 65288, 81260, 77269, 82490]"
113863,"[34374, 67139, 40150, 98435, 94937, 43745, 94996, 46215, 75402, 37654]"
113864,"[26516, 101159, 21029, 16179, 11635, 72831, 25546, 31629, 10487, 105151]"
113865,"[23198, 1623, 55103, 38834, 39415, 99920, 51245, 46980, 13749, 109450]"
113866,"[9422, 1046, 105354, 91539, 55216, 46352, 67640, 33877, 28578, 15478]"
113867,"[73001, 60630, 24435, 44317, 104350, 62985, 76276, 64840, 46599, 100823]"
113868,"[10559, 91069, 3050, 106323, 51975, 107671, 13350, 5379, 24514, 27689]"
113869,"[61918, 99257, 45063, 18656, 5919, 65255, 57881, 86070, 6185, 42329]"
113870,"[83116, 64650, 60138, 100022, 86097, 38745, 20068, 7053, 7140, 62633]"
113871,"[98857, 25796, 20309, 83819, 26051, 73298, 12374, 38217, 94213, 25826]"
113872,"[105527, 71870, 100062, 60612, 16190, 24370, 20535, 11114, 64322, 46794]"
113873,"[29370, 88669, 81578, 50977, 66622, 68234, 42027, 55807, 2345, 57354]"
113874,"[78865, 35462, 108883, 88177, 93634, 24609, 95470, 54895, 10663, 97135]"
113875,"[77855, 73816, 105413, 94681, 96539, 39513, 18105, 7780, 26313, 57939]"
113876,"[40110, 53115, 30785, 103013, 72412, 31883, 13620, 11408, 81078, 85966]"
113877,"[76707, 45116, 25982, 27956, 86358, 5767, 101019, 83385, 25668, 18683]"
113878,"[109133, 90364, 17133, 71168, 85321, 18203, 40201, 96614, 81684, 19381]"
113879,"[89276, 33468, 55413, 95549, 67931, 21382, 10285, 105498, 22042, 27180]"
113880,"[24580, 82484, 60799, 58591, 44281, 70376, 32654, 76138, 100575, 11646]"
113881,"[52406, 75534, 78810, 61122, 12932, 13620, 30637, 44996, 8905, 45372]"
113882,"[66504, 9744, 79582, 70910, 53118, 77393, 51942, 77695, 7151, 65527]"
113883,"[26323, 85469, 78618, 59204, 69764, 52387, 63794, 46658, 89177, 60810]"
113884,"[83872, 96306, 14532, 55927, 16838, 72680, 101012, 106338, 21937, 11533]"
113885,"[52174, 95046, 6981, 107771, 71904, 25950, 21682, 80524, 44318, 2808]"
113886,"[61562, 105789, 19997, 78640, 23021, 20852, 8345, 90333, 69802, 58617]"
113887,"[7785, 78115, 98796, 40585, 28093, 16474, 16630, 98126, 51955, 53915]"
113888,"[77322, 4529, 22080, 1468, 102167, 101112, 195, 70828, 71059, 5204]"
113889,"[92848, 29424, 51331, 68995, 80437, 3137, 99005, 58661, 53096, 71280]"
113890,"[24844, 84700, 24770, 38532, 39773, 51691, 79608, 3094, 59595, 76857]"
113891,"[106698, 82515, 88083, 50621, 86772, 61718, 22750, 23361, 57470, 50653]"
113892,"[80867, 61254, 4816, 26254, 11789, 81855, 84759, 18184, 9914, 36045]"
113893,"[66372, 22235, 76727, 62050, 43881, 6582, 62116, 74222, 62141, 43683]"
113894,"[65764, 46889, 65682, 21425, 71266, 108483, 55936, 81298, 101540, 29590]"
113895,"[34016, 2174, 25474, 76052, 5456, 20906, 46123, 77592, 100150, 96522]"
113896,"[25884, 44286, 15400, 81075, 61907, 94064, 34559, 72927, 82469, 39564]"
113897,"[57795, 22617, 1590, 89630, 8118, 66837, 83707, 104948, 60491, 6420]"
113898,"[99340, 108720, 58862, 80304, 78798, 103594, 4640, 65921, 48375, 106425]"
113899,"[89876, 13647, 48144, 28341, 76484, 567, 16310, 101318, 77577, 100277]"
113900,"[81521, 39890, 54228, 8999, 19507, 36429, 14310, 14689, 83875, 18689]"
113901,"[60189, 69591, 76059, 31406, 80618, 29198, 10856, 30654, 50231, 79670]"
113902,"[62358, 44266, 30776, 26587, 84578, 102415, 54684, 70809, 80538, 57635]"
113903,"[93801, 59441, 20022, 76943, 83714, 39664, 107494, 22237, 67863, 29037]"
113904,"[30601, 1775, 4005, 99882, 1180, 23458, 10741, 13637, 51075, 5113]"
113905,"[77842, 58141, 87734, 50775, 46363, 4516, 71517, 50614, 29376, 22395]"
113906,"[67291, 69143, 42063, 20880, 37444, 21816, 1041, 73134, 36957, 82236]"
113907,"[79756, 28823, 20206, 84403, 53696, 18172, 89770, 88458, 95405, 50125]"
113908,"[51552, 93009, 76322, 90823, 32883, 82739, 39016, 52954, 21424, 72387]"
113909,"[53853, 68125, 66325, 25997, 69517, 43452, 71975, 77790, 49047, 96321]"
113910,"[84968, 76411, 73141, 85536, 43222, 77244, 59588, 34286, 59248, 39693]"
113911,"[101167, 44023, 60928, 8136, 8042, 93049, 53344, 65618, 21048, 48703]"
113912,"[94784, 41706, 56266, 13557, 62283, 19278, 33315, 45854, 93268, 58906]"
113913,"[16794, 57460, 40325, 18614, 68473, 82134, 26048, 65563, 47386, 80756]"
113914,"[104139, 76912, 104957, 26182, 35835, 95630, 53495, 34265, 14256, 16975]"
113915,"[41628, 86507, 37082, 33305, 82942, 11781, 29506, 31368, 38101, 72587]"
113916,"[108126, 64205, 103817, 48765, 39787, 43642, 96622, 61515, 82141, 29167]"
113917,"[25728, 77147, 28769, 41524, 78513, 105462, 42785, 38736, 55900, 5971]"
113918,"[76700, 59131, 11909, 31240, 95358, 87901, 90069, 55530, 18071, 102748]"
113919,"[17223, 67868, 105711, 49392, 38073, 12514, 6235, 87005, 58392, 20162]"
113920,"[68481, 41647, 34581, 36067, 70555, 85294, 20105, 69352, 98560, 68764]"
113921,"[49011, 75906, 73175, 46227, 57734, 63117, 60327, 21497, 53079, 58833]"
113922,"[69317, 44587, 35628, 30106, 101657, 35519, 51471, 33738, 102687, 91611]"
113923,"[29474, 57311, 6143, 40405, 1499, 106502, 77362, 6305, 73936, 29356]"
113924,"[44756, 90075, 6445, 87967, 70976, 59463, 101066, 61573, 88698, 63455]"
113925,"[29427, 95737, 102713, 33177, 12589, 83954, 38411, 107058, 18349, 102292]"
113926,"[88099, 26498, 28212, 84935, 41698, 34891, 101098, 9148, 59487, 20651]"
113927,"[86331, 106130, 3778, 103472, 5551, 8537, 54346, 32432, 96853, 101333]"
113928,"[38948, 68257, 78420, 2618, 71960, 35606, 11670, 89820, 41400, 85786]"
113929,"[3611, 93217, 51706, 1394, 57008, 67252, 73089, 103087, 71319, 73713]"
113930,"[95083, 101486, 12056, 6468, 70866, 96898, 20657, 85457, 87349, 62820]"
113931,"[97849, 89523, 91033, 26644, 103381, 21500, 57449, 12179, 51907, 88320]"
113932,"[73175, 61471, 94850, 84216, 34863, 102747, 51803, 15649, 58574, 59361]"
113933,"[79936, 3817, 36120, 106781, 107201, 74264, 70277, 98076, 47905, 21007]"
113934,"[4906, 82171, 79573, 36880, 80722, 92720, 527, 74046, 80928, 12037]"
113935,"[91788, 95613, 45672, 77579, 109626, 43629, 51104, 99939, 26445, 21306]"
113936,"[2923, 62569, 103743, 18638, 8469, 31196, 74172, 23368, 69695, 72978]"
113937,"[28843, 20280, 23495, 91625, 41291, 101252, 49565, 104636, 109412, 54864]"
113938,"[21482, 57305, 98118, 86153, 38294, 102286, 55739, 9454, 48877, 57428]"
113939,"[81684, 17133, 40201, 71168, 18203, 109133, 1418, 105672, 7107, 87630]"
113940,"[80074, 76483, 55459, 59450, 24656, 106897, 34829, 48116, 12607, 92418]"
113941,"[80229, 93028, 22618, 72474, 105380, 14992, 50397, 20992, 86025, 8310]"
113942,"[109620, 80331, 65143, 21335, 62809, 92687, 98575, 88233, 92126, 107450]"
113943,"[71024, 57308, 86508, 101532, 80857, 94251, 12665, 83508, 40935, 65467]"
113944,"[92063, 84711, 66736, 86705, 47471, 94492, 82249, 108458, 54478, 77909]"
113945,"[77871, 10103, 46232, 26122, 26211, 34668, 107477, 1800, 86812, 75384]"
113946,"[61458, 101914, 101180, 56797, 19095, 59905, 25588, 22441, 73854, 107514]"
113947,"[1049, 23270, 54660, 19570, 51387, 97498, 105988, 42445, 82540, 8719]"
113948,"[73253, 3454, 82470, 53086, 74160, 74392, 106219, 11208, 108424, 36111]"
113949,"[80836, 94240, 4397, 6458, 60593, 23966, 36418, 80369, 58851, 13057]"
113950,"[24362, 76310, 70079, 102391, 71497, 55821, 4708, 107912, 30379, 23346]"
113951,"[50298, 17429, 103750, 78512, 59754, 77912, 86815, 48932, 87559, 66096]"
113952,"[5699, 51935, 36799, 26132, 27029, 91734, 14811, 95980, 101022, 96228]"
113953,"[43950, 39214, 26549, 76149, 34631, 91745, 86695, 29613, 51448, 506]"
113954,"[93055, 78100, 37484, 109774, 8408, 81766, 79196, 85183, 45578, 897]"
113955,"[48299, 104367, 22272, 103332, 5525, 39634, 26595, 68887, 46208, 94416]"
113956,"[89599, 88335, 17582, 49881, 8320, 99541, 91049, 85931, 103911, 30931]"
113957,"[15059, 53337, 79170, 11417, 60415, 9810, 41518, 36571, 91549, 44761]"
113958,"[13300, 95391, 105918, 41432, 39512, 26310, 62394, 53213, 89304, 19970]"
113959,"[105354, 91539, 9422, 2598, 46352, 67640, 12360, 66128, 28578, 15478]"
113960,"[3733, 38096, 6292, 72307, 24233, 44231, 22060, 102376, 71242, 8907]"
113961,"[40568, 23307, 66159, 93613, 80886, 32366, 57081, 78489, 20326, 61115]"
113962,"[47756, 69643, 78541, 104877, 108187, 76793, 20411, 70246, 33562, 5449]"
113963,"[28817, 104796, 55149, 77326, 76596, 58307, 90578, 24865, 25843, 96955]"
113964,"[101166, 10499, 23995, 2066, 6408, 1855, 106697, 45312, 67721, 106663]"
113965,"[54857, 57383, 70043, 109408, 44001, 14541, 10466, 68089, 65028, 21812]"
113966,"[54161, 73679, 73049, 24619, 42051, 52116, 50047, 54035, 57852, 27190]"
113967,"[49781, 84903, 80283, 60065, 99809, 58629, 8579, 66507, 90762, 59472]"
113968,"[46436, 4553, 7197, 24490, 64249, 22960, 65711, 42087, 68662, 57117]"
113969,"[30892, 24446, 6781, 93796, 75220, 64106, 4308, 10698, 107005, 53814]"
113970,"[39224, 99845, 29616, 101568, 32624, 14111, 83747, 104789, 63320, 16772]"
113971,"[99292, 70259, 54370, 9933, 19172, 54869, 73879, 14087, 89210, 93191]"
113972,"[95984, 36158, 82767, 101883, 25885, 80674, 32599, 72935, 45380, 108487]"
113973,"[30578, 40313, 85950, 46989, 4798, 67704, 102511, 104886, 62022, 19644]"
113974,"[35214, 83528, 64927, 92673, 67039, 46125, 101922, 73403, 104548, 63136]"
113975,"[108916, 7111, 13081, 4448, 106699, 80016, 13843, 62491, 10041, 4272]"
113976,"[102160, 77440, 69132, 10895, 43225, 38665, 27353, 36098, 49653, 60843]"
113977,"[44668, 8295, 1254, 32024, 35549, 16368, 80113, 100132, 16818, 41174]"
113978,"[91098, 91348, 63318, 37372, 7900, 72241, 43954, 74573, 44362, 58188]"
113979,"[94081, 77635, 90045, 43936, 22797, 107368, 82082, 20544, 38960, 56790]"
113980,"[90623, 75130, 39285, 107183, 19868, 33731, 28349, 28756, 82626, 67308]"
113981,"[57271, 21544, 14638, 50298, 33159, 77193, 24517, 3634, 5681, 24858]"
113982,"[95610, 11704, 104872, 44436, 1987, 23843, 69564, 92233, 6083, 84676]"
113983,"[81603, 66645, 79065, 87389, 65661, 21794, 23482, 4636, 43583, 72466]"
113984,"[75020, 95485, 97971, 49608, 65524, 12856, 65766, 6039, 43162, 80084]"
113985,"[77670, 79407, 3807, 62580, 71950, 41680, 37964, 41376, 85822, 33113]"
113986,"[96217, 70769, 9763, 34544, 51003, 85713, 59992, 5480, 29609, 38186]"
113987,"[32222, 31717, 94844, 106444, 75251, 8849, 107527, 29169, 97183, 8064]"
113988,"[93091, 25750, 32800, 41054, 13369, 69407, 94566, 28181, 80255, 8]"
113989,"[49256, 16553, 10914, 100465, 39387, 71270, 100125, 30529, 24187, 98222]"
113990,"[4147, 41838, 103501, 84168, 106529, 100865, 37682, 68569, 13817, 64545]"
113991,"[12005, 105388, 73668, 40710, 45121, 107527, 11688, 21353, 66967, 6176]"
113992,"[60447, 56100, 2381, 29869, 311, 101412, 83137, 22782, 75179, 87814]"
113993,"[93915, 29193, 86018, 9429, 108518, 1438, 102925, 12953, 50105, 82775]"
113994,"[289, 47139, 39742, 101439, 34536, 27269, 2749, 86714, 67025, 34744]"
113995,"[61521, 64577, 1410, 69938, 70380, 70283, 23411, 30853, 45238, 40410]"
113996,"[75130, 31943, 7876, 45532, 76893, 103437, 43628, 36202, 83490, 65290]"
113997,"[58038, 44220, 14095, 24132, 39176, 78346, 44079, 58118, 70620, 5657]"
113998,"[76846, 96308, 36225, 85633, 99288, 7191, 59619, 10653, 37323, 76016]"
113999,"[32922, 57753, 11265, 58754, 53968, 82898, 37133, 50840, 98599, 69995]"
114000,"[63555, 50083, 97893, 106704, 103421, 82163, 36434, 28011, 38496, 51304]"
114001,"[9572, 106705, 56955, 71175, 97645, 66587, 70615, 98909, 104528, 22030]"
114002,"[16732, 24376, 104741, 85095, 9334, 41401, 67474, 65542, 65536, 82752]"
114003,"[56200, 11746, 82023, 61903, 98551, 33879, 13571, 82606, 103146, 75247]"
114004,"[14140, 75127, 85918, 4441, 57694, 31399, 101450, 97500, 54310, 63206]"
114005,"[102762, 98389, 79934, 97760, 34592, 44981, 33381, 54196, 53689, 74522]"
114006,"[91719, 64682, 12443, 73820, 48781, 50255, 39293, 22417, 33416, 95778]"
114007,"[48054, 55008, 59600, 108520, 29766, 87820, 57398, 17927, 40763, 30279]"
114008,"[61831, 40703, 57009, 41312, 39146, 16861, 36352, 94354, 97564, 56518]"
114009,"[71788, 92281, 96928, 48779, 68883, 24365, 23238, 53764, 26483, 70508]"
114010,"[104684, 107207, 7549, 57216, 97303, 52551, 45329, 38939, 103456, 71962]"
114011,"[90210, 14668, 95432, 16654, 108148, 10276, 77681, 33906, 3580, 63914]"
114012,"[100510, 82383, 92718, 46926, 108618, 39451, 67365, 34554, 11036, 26197]"
114013,"[42446, 62971, 96753, 59921, 27280, 29104, 35054, 38028, 82340, 106670]"
114014,"[57626, 60290, 4879, 101793, 46645, 97539, 88935, 64443, 4621, 55863]"
114015,"[22390, 101775, 5256, 70260, 23133, 86733, 26290, 23030, 109731, 10402]"
114016,"[17574, 89102, 44245, 30283, 51845, 90229, 17505, 65073, 64726, 16930]"
114017,"[33423, 43481, 41877, 66860, 39003, 64501, 35609, 18494, 55735, 90687]"
114018,"[34388, 21697, 42034, 11476, 45083, 105240, 92526, 77980, 41297, 18202]"
114019,"[28673, 96054, 89322, 63520, 40738, 73451, 46771, 105551, 70102, 10409]"
114020,"[58359, 107416, 26293, 108179, 59077, 11911, 68132, 40532, 1388, 109018]"
114021,"[64852, 37673, 65933, 91946, 32136, 82529, 84202, 29490, 2212, 8750]"
114022,"[96536, 45576, 31904, 7343, 19020, 12569, 79210, 80638, 64449, 20112]"
114023,"[14288, 85548, 94439, 9104, 45600, 102108, 17868, 88611, 44049, 27055]"
114024,"[106346, 86503, 30939, 45765, 87268, 46958, 5729, 31274, 12087, 100453]"
114025,"[76095, 100923, 15601, 24183, 19097, 40584, 20709, 2328, 78528, 79277]"
114026,"[29778, 55467, 87857, 72516, 108791, 29256, 63539, 95463, 72253, 55609]"
114027,"[72092, 54505, 65839, 1967, 90409, 7450, 10307, 44058, 16844, 18671]"
114028,"[69753, 77416, 87156, 20648, 10174, 56045, 34049, 46259, 31911, 85509]"
114029,"[70235, 62542, 1008, 78237, 8690, 38072, 22543, 92606, 56723, 887]"
114030,"[66234, 87099, 31121, 42604, 90371, 36581, 88830, 80645, 23761, 15798]"
114031,"[53988, 94049, 105016, 84082, 36304, 53034, 2602, 30912, 27406, 70400]"
114032,"[59054, 90581, 87128, 98834, 51472, 21159, 57661, 63761, 75645, 2770]"
114033,"[37476, 102951, 17443, 51002, 12947, 27727, 37367, 54660, 101935, 97498]"
114034,"[50227, 82870, 35651, 22603, 107615, 105050, 28437, 103771, 22485, 69337]"
114035,"[12741, 66228, 37599, 39164, 32576, 1842, 58952, 50672, 67974, 50698]"
114036,"[103551, 104297, 66240, 80947, 72832, 73992, 28760, 54698, 20054, 60017]"
114037,"[84909, 84320, 85352, 51675, 84727, 60184, 34906, 20778, 36336, 55749]"
114038,"[41657, 102610, 17148, 28396, 4213, 99031, 22535, 89080, 77013, 97748]"
114039,"[5345, 61872, 55179, 69242, 81835, 25941, 42834, 41408, 80984, 4251]"
114040,"[77395, 35016, 46751, 24731, 28749, 8684, 64550, 72958, 17579, 82339]"
114041,"[41515, 20864, 106364, 87976, 78903, 43568, 54930, 22975, 86897, 27563]"
114042,"[70493, 101954, 88022, 90648, 34352, 109127, 51268, 28463, 36715, 72527]"
114043,"[86352, 47968, 105634, 18638, 35392, 40874, 44419, 16083, 71654, 51215]"
114044,"[104387, 101430, 91630, 54634, 98499, 15660, 57854, 77069, 40753, 50367]"
114045,"[49742, 8884, 47994, 57116, 97870, 1546, 38502, 8967, 70592, 2691]"
114046,"[19226, 24135, 43708, 29026, 95002, 53391, 24172, 93905, 103823, 50157]"
114047,"[100545, 5624, 97172, 51018, 32946, 95096, 96460, 18445, 72627, 50357]"
114048,"[80655, 61535, 23820, 41759, 18947, 30493, 59597, 39546, 23817, 77844]"
114049,"[76539, 46050, 19754, 32026, 59898, 61924, 36522, 94874, 70398, 45692]"
114050,"[76149, 93186, 36216, 22967, 8708, 27452, 91745, 92593, 90661, 43576]"
114051,"[103457, 98839, 10688, 60826, 108876, 80319, 27903, 52647, 106783, 96371]"
114052,"[1453, 71734, 31045, 42198, 82297, 32617, 58208, 83772, 59764, 38678]"
114053,"[23225, 4786, 97671, 7586, 29510, 106071, 42831, 16391, 109513, 31416]"
114054,"[15761, 7617, 54664, 47301, 103140, 24183, 19097, 49496, 108406, 1274]"
114055,"[49096, 53710, 30529, 63792, 38152, 79886, 30455, 20472, 79880, 91303]"
114056,"[73344, 43237, 36550, 17377, 94327, 64051, 103599, 11474, 89306, 81625]"
114057,"[61491, 13504, 13656, 92903, 97868, 107740, 107152, 1675, 101036, 67306]"
114058,"[84248, 103855, 81653, 23042, 60035, 87876, 28060, 10612, 129, 54417]"
114059,"[93499, 101057, 78308, 106460, 52264, 40347, 98095, 28055, 104509, 52599]"
114060,"[24435, 32390, 59915, 14955, 32921, 3001, 54998, 58774, 5865, 12275]"
114061,"[46366, 12561, 88024, 105810, 46991, 41672, 54984, 87893, 14482, 27674]"
114062,"[51544, 72929, 23472, 100322, 34709, 67758, 104081, 102870, 27766, 104784]"
114063,"[57541, 4483, 22169, 32634, 42321, 25850, 106334, 89061, 90883, 78464]"
114064,"[80089, 33892, 27986, 13585, 58139, 97054, 92140, 30420, 83363, 43805]"
114065,"[72430, 73265, 63402, 73974, 68516, 98844, 41844, 98976, 58568, 13080]"
114066,"[61878, 22087, 13744, 18385, 28985, 54735, 26472, 26194, 81641, 109728]"
114067,"[93695, 35224, 49574, 69977, 68330, 28974, 21001, 75478, 78765, 45611]"
114068,"[22341, 7139, 100503, 84686, 33446, 17898, 10198, 88548, 6738, 54791]"
114069,"[95458, 2409, 17930, 83173, 51443, 12802, 39758, 104213, 9089, 98903]"
114070,"[34294, 7168, 29473, 77738, 76548, 84940, 72493, 47306, 107483, 100516]"
114071,"[92650, 62695, 3984, 38170, 81319, 105870, 42395, 35156, 71780, 71240]"
114072,"[7807, 81789, 60720, 102981, 53848, 63705, 1990, 56679, 42521, 43030]"
114073,"[91235, 102412, 10535, 24303, 67774, 17172, 92207, 71252, 32633, 53645]"
114074,"[44333, 75155, 82983, 28937, 22400, 91394, 1156, 26058, 63847, 44359]"
114075,"[12102, 41707, 99915, 62582, 72411, 88559, 56892, 89688, 29273, 103842]"
114076,"[695, 93917, 87224, 103111, 22505, 90719, 83710, 45702, 50101, 12152]"
114077,"[27833, 64562, 62956, 83221, 71744, 45895, 4559, 2038, 41448, 39528]"
114078,"[16767, 15671, 97413, 67807, 68906, 12111, 53043, 99351, 91941, 67939]"
114079,"[49502, 59354, 21972, 2906, 79726, 75374, 55383, 18012, 94394, 99144]"
114080,"[41451, 86282, 19845, 38078, 101231, 77815, 100250, 84044, 60964, 88444]"
114081,"[80378, 37367, 60776, 7786, 95052, 5877, 39836, 34524, 16447, 30047]"
114082,"[71859, 109201, 84441, 87101, 25140, 18670, 100576, 81170, 91489, 85974]"
114083,"[81487, 37230, 90719, 99102, 103111, 69184, 269, 72040, 52407, 100171]"
114084,"[10765, 104514, 52833, 42662, 13084, 101833, 45226, 82112, 36547, 29731]"
114085,"[18754, 24515, 3275, 67586, 19320, 1197, 42977, 60694, 43612, 29365]"
114086,"[24048, 34467, 4051, 91148, 50028, 32062, 79490, 109416, 14725, 10268]"
114087,"[53596, 59935, 77369, 92820, 18270, 46301, 34864, 59269, 74170, 80418]"
114088,"[59723, 37450, 99234, 81073, 103702, 41898, 82926, 74722, 109132, 76881]"
114089,"[42248, 60803, 63584, 99876, 16466, 89819, 35580, 36931, 102926, 12389]"
114090,"[52931, 49909, 5980, 101173, 27841, 30955, 107061, 4687, 20347, 27748]"
114091,"[91935, 82371, 105629, 83751, 8619, 106113, 6085, 93507, 80005, 29736]"
114092,"[88441, 15926, 8991, 35488, 60253, 51990, 14442, 102776, 57442, 49525]"
114093,"[92367, 12208, 75489, 39950, 60721, 49863, 93361, 89548, 94610, 28580]"
114094,"[2752, 30812, 30584, 14386, 36307, 84771, 58632, 28926, 48456, 60512]"
114095,"[15395, 73651, 89095, 70219, 72667, 72724, 62961, 80691, 84120, 68521]"
114096,"[32286, 16163, 96899, 22600, 70354, 7840, 97384, 40148, 51742, 34301]"
114097,"[67662, 41621, 19073, 92564, 59763, 57860, 62683, 38675, 10055, 87838]"
114098,"[88909, 36180, 58809, 88372, 59964, 1850, 22158, 38381, 66347, 3940]"
114099,"[31290, 106945, 94419, 29007, 107939, 52559, 44657, 109470, 9243, 27225]"
114100,"[55618, 68835, 55811, 10375, 4601, 6906, 99707, 57557, 40332, 47926]"
114101,"[88702, 2292, 57593, 4618, 6744, 75004, 66219, 89012, 53323, 68229]"
114102,"[3272, 9836, 2096, 89280, 24204, 38393, 80827, 3332, 56239, 20197]"
114103,"[72805, 87415, 12440, 8661, 9548, 101892, 8177, 26315, 32994, 19703]"
114104,"[52770, 28862, 39651, 33005, 108513, 69954, 82494, 42864, 29616, 74877]"
114105,"[65538, 73499, 47273, 72282, 29013, 45669, 70628, 107015, 23940, 79675]"
114106,"[94144, 49295, 57683, 35039, 88730, 103140, 83417, 91939, 54664, 59957]"
114107,"[63780, 105892, 2170, 78809, 97492, 88684, 93887, 54805, 60617, 72291]"
114108,"[70246, 61967, 50267, 95398, 69643, 108187, 20411, 99205, 61044, 93954]"
114109,"[89602, 95637, 23553, 71922, 83023, 35532, 13642, 19045, 107631, 61083]"
114110,"[58458, 39241, 80627, 93317, 105114, 50309, 109694, 84796, 106408, 48740]"
114111,"[67197, 38537, 55578, 34221, 91038, 61858, 28787, 11437, 16145, 49128]"
114112,"[101644, 101484, 9720, 85706, 55024, 90902, 61926, 63426, 98819, 34797]"
114113,"[70673, 17882, 81975, 97217, 24058, 27528, 13223, 108037, 45337, 89806]"
114114,"[23821, 81876, 109739, 65207, 10459, 85567, 22985, 79203, 81203, 57368]"
114115,"[106263, 104384, 39640, 67116, 87787, 54278, 46379, 92819, 28169, 76881]"
114116,"[17882, 78546, 27528, 81975, 4754, 70673, 8866, 97217, 9344, 89848]"
114117,"[99549, 1149, 28238, 66765, 49164, 50752, 100339, 43963, 24099, 41379]"
114118,"[29332, 80840, 62330, 14224, 74763, 53044, 49238, 98615, 39735, 28149]"
114119,"[74375, 2750, 43498, 7118, 81947, 18483, 31895, 39647, 10483, 105392]"
114120,"[23490, 6611, 77197, 11429, 58482, 71581, 13715, 91967, 13004, 59065]"
114121,"[75968, 91821, 55651, 13729, 52543, 57973, 46633, 86441, 32704, 108671]"
114122,"[84618, 6895, 13232, 62587, 83047, 41399, 48515, 81640, 7631, 101561]"
114123,"[13855, 37661, 85871, 37962, 28579, 88861, 30991, 69156, 103878, 53316]"
114124,"[11901, 84, 102884, 35246, 64149, 83094, 25637, 55577, 25785, 101117]"
114125,"[28593, 84878, 74342, 74270, 107916, 17407, 69583, 6346, 38861, 28330]"
114126,"[98906, 15789, 92420, 22113, 26220, 101373, 79278, 11448, 83372, 5526]"
114127,"[79272, 109119, 41031, 75671, 106712, 30015, 36925, 1854, 35688, 63135]"
114128,"[6999, 78037, 49730, 6129, 7461, 52144, 328, 57723, 65297, 36832]"
114129,"[46092, 1665, 95875, 59191, 43483, 82595, 13001, 65575, 67887, 91140]"
114130,"[97696, 9611, 33180, 66857, 17908, 29119, 14941, 3331, 87515, 46388]"
114131,"[63294, 104611, 96092, 89956, 38710, 92488, 29818, 5611, 72791, 58284]"
114132,"[80047, 10680, 52599, 8166, 5326, 80586, 56095, 19416, 3539, 89355]"
114133,"[11190, 46227, 88682, 94019, 9720, 38281, 57316, 14164, 13713, 42807]"
114134,"[65309, 86348, 47858, 18762, 75248, 81956, 88672, 74433, 80122, 1942]"
114135,"[71600, 52847, 13817, 104704, 57442, 103501, 73778, 18803, 4620, 97583]"
114136,"[47750, 27982, 51712, 99654, 13884, 97475, 50932, 57946, 14587, 28360]"
114137,"[60593, 80836, 13057, 104953, 22100, 20973, 23966, 28001, 3944, 4397]"
114138,"[14866, 4533, 99896, 75962, 35065, 102614, 64389, 67523, 14671, 33939]"
114139,"[91911, 26655, 18239, 45993, 85298, 2094, 24080, 8784, 89483, 90013]"
114140,"[89428, 52838, 88458, 93625, 52678, 14104, 36618, 384, 26161, 28380]"
114141,"[58778, 25654, 63746, 15025, 51295, 30603, 63981, 32795, 69360, 81752]"
114142,"[105876, 45492, 46639, 22427, 106164, 15967, 57773, 55967, 77610, 13685]"
114143,"[79468, 93000, 36214, 73411, 106575, 54827, 28523, 36091, 9004, 78704]"
114144,"[11482, 31953, 56817, 75607, 79460, 4891, 108727, 108812, 79428, 48765]"
114145,"[35379, 53124, 31317, 26806, 1087, 40390, 62750, 39108, 88317, 2123]"
114146,"[81556, 38442, 71944, 17587, 107254, 8328, 89829, 93363, 59804, 72096]"
114147,"[47880, 75192, 77036, 49464, 19284, 3281, 35719, 68479, 17689, 24956]"
114148,"[97624, 75413, 11484, 101680, 94296, 94781, 69216, 65185, 6603, 6842]"
114149,"[66941, 84481, 46182, 86410, 39853, 102062, 94803, 56511, 108965, 9503]"
114150,"[12799, 62785, 28741, 6540, 19460, 54402, 11009, 74639, 5835, 63533]"
114151,"[60447, 29869, 70135, 90061, 39668, 311, 101895, 19592, 68363, 83137]"
114152,"[23518, 11341, 96636, 498, 48147, 67530, 51257, 51570, 66528, 59788]"
114153,"[107116, 867, 30600, 58127, 41132, 100675, 11994, 90162, 4672, 102421]"
114154,"[12315, 49786, 80642, 69127, 19325, 14567, 97370, 30080, 12679, 22595]"
114155,"[59703, 97936, 29015, 51909, 40713, 25034, 67917, 103794, 30949, 11494]"
114156,"[85902, 46918, 61390, 55839, 45056, 69636, 45958, 95632, 89242, 58254]"
114157,"[45665, 8249, 92949, 56204, 94410, 82679, 8366, 4013, 94129, 88713]"
114158,"[16215, 59335, 94604, 83546, 2391, 107203, 7974, 65687, 12342, 11715]"
114159,"[56460, 2935, 82220, 69577, 56365, 74305, 99866, 16874, 99266, 6690]"
114160,"[77612, 5271, 78725, 102930, 60296, 65468, 60816, 31615, 88105, 11665]"
114161,"[92087, 69827, 85405, 67412, 94946, 45538, 95303, 3695, 40361, 38006]"
114162,"[65371, 65475, 94962, 90423, 103542, 81220, 40933, 8672, 92399, 87561]"
114163,"[78776, 86351, 42600, 90759, 100298, 20012, 23197, 94047, 97723, 8072]"
114164,"[41412, 104792, 55101, 50249, 39749, 22817, 39112, 21712, 45283, 3890]"
114165,"[101027, 82316, 51865, 79896, 66723, 4145, 81419, 101045, 63181, 62395]"
114166,"[87829, 4459, 40272, 94231, 20934, 81195, 63295, 85092, 11060, 13094]"
114167,"[82290, 67565, 28827, 76061, 30801, 100715, 14082, 13332, 36319, 27742]"
114168,"[73445, 105095, 29858, 79698, 15902, 73430, 75520, 61279, 33613, 84573]"
114169,"[108349, 75267, 4749, 28596, 107392, 38238, 22414, 107007, 46059, 77042]"
114170,"[97571, 30164, 63357, 98328, 51090, 3987, 68538, 9636, 75500, 68512]"
114171,"[3307, 614, 63725, 36598, 59862, 101300, 23114, 830, 62789, 15689]"
114172,"[18237, 89768, 71932, 39050, 109432, 51841, 18623, 108636, 67051, 97189]"
114173,"[28282, 50612, 24116, 25193, 16730, 39362, 55641, 19906, 70680, 103510]"
114174,"[34495, 86037, 99573, 8180, 102502, 101058, 14322, 22854, 82149, 58785]"
114175,"[98548, 48561, 38214, 20734, 772, 11472, 30975, 32794, 61488, 90269]"
114176,"[93135, 7950, 17892, 101970, 28375, 33898, 35094, 2645, 47716, 63035]"
114177,"[60497, 101094, 40397, 11288, 86593, 8885, 21594, 12844, 64673, 78682]"
114178,"[70862, 44536, 80023, 16809, 84698, 23646, 107766, 55619, 8974, 7846]"
114179,"[85164, 84012, 9839, 79966, 68515, 105073, 54375, 52710, 64247, 79104]"
114180,"[14092, 107267, 52691, 59464, 8253, 58235, 52805, 90344, 19954, 51428]"
114181,"[48858, 60628, 19196, 6838, 56041, 53578, 73945, 93712, 32705, 56572]"
114182,"[5518, 102302, 69209, 3028, 37689, 282, 51998, 90614, 25304, 38250]"
114183,"[37507, 2279, 101467, 96217, 29609, 38186, 41038, 70769, 4565, 75753]"
114184,"[83630, 72165, 55849, 13251, 90863, 89337, 6599, 95854, 32270, 81801]"
114185,"[46281, 36567, 56324, 27628, 29578, 33539, 96707, 34161, 62546, 82722]"
114186,"[43642, 64252, 65686, 106840, 36594, 2910, 82141, 62883, 44283, 34324]"
114187,"[87293, 43243, 91034, 80233, 31608, 100415, 95153, 7018, 27598, 13269]"
114188,"[85667, 59993, 99118, 25138, 102561, 104199, 54157, 99903, 32142, 101591]"
114189,"[82683, 13629, 39906, 34799, 3513, 101487, 2001, 72351, 52562, 17928]"
114190,"[74850, 71790, 14001, 30542, 41310, 88209, 60232, 60359, 90489, 68179]"
114191,"[86046, 95281, 7899, 100732, 109650, 85465, 15967, 53809, 75069, 76185]"
114192,"[52291, 23753, 62621, 98668, 33856, 29440, 66359, 27082, 100529, 109064]"
114193,"[71408, 71829, 52771, 24873, 77173, 55032, 54656, 62996, 27666, 105633]"
114194,"[51196, 63881, 41921, 67310, 66186, 82039, 84780, 76667, 105316, 94892]"
114195,"[76435, 47688, 59488, 33011, 25533, 98369, 45490, 86007, 101548, 2197]"
114196,"[107361, 27439, 91823, 103543, 96943, 69252, 59346, 96588, 1828, 20037]"
114197,"[12546, 8748, 107612, 56347, 76154, 64596, 2750, 92092, 2791, 1998]"
114198,"[60258, 105256, 54081, 44717, 296, 79035, 49146, 9227, 3827, 80337]"
114199,"[48522, 44002, 55463, 83098, 26481, 91143, 47145, 103536, 93736, 26052]"
114200,"[26566, 20781, 83884, 64814, 108763, 14218, 72467, 88992, 41264, 15526]"
114201,"[32360, 45530, 95287, 7255, 15775, 30722, 82707, 52232, 25717, 3141]"
114202,"[54345, 88459, 20819, 104057, 12510, 48826, 98866, 89572, 23942, 102767]"
114203,"[93973, 106704, 22313, 28011, 50197, 107571, 92584, 88516, 54249, 51304]"
114204,"[93381, 349, 88896, 109191, 72092, 42493, 23236, 24586, 95408, 30668]"
114205,"[102029, 80693, 49344, 104150, 74217, 46637, 29109, 107870, 64345, 61786]"
114206,"[83264, 96347, 15985, 55993, 54162, 84629, 22208, 7793, 77667, 25242]"
114207,"[5612, 77103, 13837, 28560, 107218, 75124, 62353, 77532, 44773, 34761]"
114208,"[36222, 11079, 70627, 100148, 96533, 4367, 42672, 93259, 49673, 20761]"
114209,"[15316, 52606, 46073, 86460, 29116, 92177, 34957, 87123, 24907, 39355]"
114210,"[102459, 46713, 29724, 562, 5947, 26139, 101247, 10306, 36236, 84947]"
114211,"[47976, 95992, 22694, 107865, 39102, 89099, 72071, 39826, 89343, 33293]"
114212,"[5054, 71782, 89713, 106918, 32607, 106117, 31707, 51237, 42793, 67821]"
114213,"[82250, 78265, 73382, 33317, 2521, 27997, 40639, 19958, 46522, 5637]"
114214,"[22035, 68812, 49153, 42531, 39057, 78508, 92636, 14201, 60133, 43691]"
114215,"[1436, 92047, 30814, 29319, 100556, 96580, 10955, 81492, 104058, 70687]"
114216,"[32722, 74209, 16324, 86833, 84715, 71153, 25586, 58531, 107634, 32779]"
114217,"[107680, 19467, 96060, 53997, 106181, 19283, 65528, 104464, 58433, 81888]"
114218,"[17053, 44652, 32433, 30401, 18669, 40748, 49190, 28834, 106786, 45027]"
114219,"[94432, 16916, 53269, 20678, 60201, 80350, 19061, 51757, 51921, 41811]"
114220,"[53807, 41237, 94251, 74737, 55859, 77227, 104110, 41892, 102924, 94937]"
114221,"[107856, 99246, 75696, 83911, 22945, 108969, 95375, 6595, 93827, 47871]"
114222,"[41012, 102189, 32925, 63166, 52040, 5416, 62426, 50716, 45211, 46729]"
114223,"[69553, 31370, 35065, 105654, 102614, 64389, 101936, 79958, 52404, 68096]"
114224,"[20999, 54911, 105973, 48020, 54988, 93311, 24941, 63514, 50721, 17458]"
114225,"[38104, 58449, 71998, 33808, 43768, 61670, 58419, 76742, 57567, 103477]"
114226,"[29198, 10072, 9418, 60189, 80618, 1373, 69591, 43674, 67268, 35073]"
114227,"[10457, 109600, 45281, 37928, 50466, 17002, 40922, 91727, 2767, 4915]"
114228,"[18374, 76171, 106251, 104253, 66978, 48162, 93153, 52445, 469, 94734]"
114229,"[60559, 50822, 27529, 64890, 104867, 12922, 38398, 18526, 64509, 15452]"
114230,"[78814, 61850, 23783, 82888, 36351, 12395, 11759, 85115, 98342, 108982]"
114231,"[27769, 87534, 3444, 8483, 33962, 83847, 79289, 84230, 77663, 68153]"
114232,"[20585, 95979, 22561, 13504, 79005, 73255, 102821, 54548, 13294, 107740]"
114233,"[85522, 56496, 15408, 108912, 55562, 66418, 66301, 52644, 9301, 51221]"
114234,"[2691, 71069, 61159, 47994, 7489, 5287, 57649, 97870, 2155, 33391]"
114235,"[21672, 88748, 96715, 48882, 107623, 71880, 72453, 74464, 8203, 97621]"
114236,"[10131, 15355, 68810, 67234, 20710, 33313, 1547, 60380, 56059, 46894]"
114237,"[85939, 38022, 106369, 90310, 13311, 31494, 75837, 61786, 43031, 74448]"
114238,"[38562, 77990, 29242, 53140, 7055, 68527, 75382, 22118, 81368, 53855]"
114239,"[40587, 29537, 47354, 66225, 25859, 82344, 15123, 82635, 59832, 14689]"
114240,"[100001, 32000, 98947, 82460, 74778, 1426, 17086, 106293, 14084, 83771]"
114241,"[105575, 66285, 8789, 72590, 55263, 95926, 10339, 77029, 27865, 17606]"
114242,"[21401, 108825, 105624, 38606, 788, 3603, 88332, 87622, 84139, 4148]"
114243,"[102399, 80237, 43046, 35422, 26715, 20773, 42352, 20593, 39862, 88169]"
114244,"[109219, 31246, 62205, 15380, 12712, 12858, 41830, 44127, 44398, 65818]"
114245,"[65046, 25944, 64737, 48048, 83656, 29239, 45018, 65223, 85766, 12634]"
114246,"[43329, 16144, 37077, 51184, 38517, 89239, 85435, 5747, 7734, 44750]"
114247,"[89392, 109109, 92907, 70216, 37369, 72078, 106134, 6612, 40192, 70237]"
114248,"[78697, 91384, 35896, 73443, 1694, 29938, 48832, 53167, 65327, 1245]"
114249,"[85626, 61654, 57545, 29714, 37228, 30568, 55972, 107989, 98119, 32002]"
114250,"[25519, 38241, 29325, 38422, 73426, 93338, 57656, 10088, 28180, 35193]"
114251,"[17389, 33064, 53387, 29728, 102918, 4748, 86361, 25452, 24814, 7110]"
114252,"[43118, 90524, 85662, 78526, 42435, 38230, 105041, 82084, 85089, 72244]"
114253,"[72117, 69445, 18021, 23480, 39870, 17915, 88824, 97184, 25218, 13996]"
114254,"[66443, 53703, 27180, 22042, 37266, 92669, 38330, 91473, 88360, 63968]"
114255,"[53676, 33201, 64612, 29265, 37152, 9836, 105856, 69850, 106477, 98360]"
114256,"[49686, 61368, 18206, 43332, 98813, 32825, 76752, 85218, 99755, 72589]"
114257,"[48501, 81889, 50275, 92175, 106559, 103729, 79589, 41375, 60207, 16673]"
114258,"[36992, 82941, 8433, 30635, 96686, 50107, 54186, 46351, 81589, 60723]"
114259,"[72232, 42145, 52841, 87162, 69763, 5867, 14240, 95904, 7898, 20853]"
114260,"[103364, 19177, 87652, 16983, 25253, 96794, 83638, 3776, 33856, 21958]"
114261,"[61605, 33436, 102443, 42232, 27972, 82633, 10965, 6338, 91253, 94652]"
114262,"[12701, 94383, 22950, 19523, 84021, 24592, 32450, 78650, 56986, 86428]"
114263,"[7131, 44495, 33923, 23170, 22152, 58849, 61956, 60878, 95916, 29159]"
114264,"[74898, 42798, 58214, 64653, 60109, 39638, 65101, 88557, 22537, 106843]"
114265,"[3027, 109100, 29513, 83901, 44527, 78075, 73879, 45363, 56147, 99268]"
114266,"[99447, 64397, 7680, 18998, 72791, 4432, 12509, 37186, 60249, 1810]"
114267,"[14565, 21823, 78407, 99952, 39948, 55515, 67977, 24658, 19256, 36850]"
114268,"[9201, 39661, 42873, 46452, 3040, 21983, 28447, 28179, 82709, 24866]"
114269,"[83598, 51889, 99303, 8131, 42194, 16657, 24056, 4558, 8050, 37982]"
114270,"[78222, 84888, 35999, 81923, 99353, 71111, 12139, 76179, 35808, 733]"
114271,"[16009, 73444, 70564, 79371, 105966, 31952, 94686, 47368, 57813, 38416]"
114272,"[106726, 8915, 47508, 18424, 68238, 55075, 80767, 12440, 3036, 27352]"
114273,"[96755, 53933, 71843, 91274, 56763, 68263, 28310, 41886, 64445, 63706]"
114274,"[71905, 104412, 78197, 44637, 80355, 107672, 76579, 89968, 201, 32335]"
114275,"[12748, 84514, 101421, 16505, 67950, 105757, 55162, 81728, 36366, 31861]"
114276,"[83929, 63534, 63379, 3324, 2270, 74531, 29926, 43086, 90552, 16525]"
114277,"[21686, 71131, 13244, 69596, 30015, 106022, 58008, 70948, 11986, 25160]"
114278,"[60481, 49483, 31721, 67809, 12521, 29945, 41784, 97434, 11856, 17800]"
114279,"[79528, 26152, 68056, 48575, 68692, 61783, 51381, 48371, 52095, 7015]"
114280,"[921, 18831, 55126, 92071, 29490, 32136, 72830, 91946, 86440, 75076]"
114281,"[36384, 87953, 46113, 104410, 28496, 19759, 49077, 37742, 48598, 18380]"
114282,"[54676, 95932, 98096, 7270, 21105, 11176, 65481, 38437, 104629, 109488]"
114283,"[93710, 840, 63007, 109319, 96069, 77591, 52756, 91701, 13597, 57389]"
114284,"[86884, 69957, 108430, 14311, 1392, 10559, 16463, 58853, 32016, 90106]"
114285,"[95319, 86824, 8739, 6053, 56930, 101919, 50827, 107754, 65217, 68826]"
114286,"[89304, 36049, 60942, 59586, 16812, 67600, 6307, 70789, 67487, 25458]"
114287,"[104449, 79713, 423, 76601, 102632, 23669, 8757, 39944, 80423, 24996]"
114288,"[79102, 43969, 12889, 52544, 8855, 33942, 18616, 109041, 88002, 37929]"
114289,"[64797, 57817, 88327, 43221, 93378, 33138, 95058, 102019, 54438, 83164]"
114290,"[34772, 65087, 81104, 76055, 78123, 5333, 35035, 39884, 64548, 53152]"
114291,"[13899, 63008, 104520, 58678, 99503, 41034, 48408, 4204, 104696, 42843]"
114292,"[105664, 79000, 91451, 30492, 11795, 96209, 38101, 95642, 86861, 92219]"
114293,"[56871, 97682, 95940, 102428, 77641, 102042, 2514, 107602, 43635, 27750]"
114294,"[60565, 33721, 45341, 75826, 87840, 45403, 10972, 79123, 6321, 14905]"
114295,"[15669, 105417, 12083, 91783, 43084, 63317, 106396, 62180, 41589, 83350]"
114296,"[34862, 91406, 17216, 14853, 77786, 50718, 19783, 8067, 46796, 103419]"
114297,"[44677, 101281, 79470, 55867, 5292, 66780, 71020, 28690, 40776, 2565]"
114298,"[88131, 62655, 22546, 41105, 107867, 70714, 47338, 87993, 88079, 39141]"
114299,"[27818, 113, 25752, 31658, 55727, 78503, 4497, 55117, 44549, 66489]"
114300,"[81540, 3702, 77973, 31950, 66659, 36374, 98748, 97695, 12788, 72483]"
114301,"[15363, 53838, 50050, 50500, 35590, 31575, 106018, 5684, 61861, 103847]"
114302,"[37377, 81561, 60926, 103522, 107713, 20941, 9508, 47956, 83770, 71754]"
114303,"[67423, 106634, 52323, 104207, 37245, 89272, 97243, 85510, 74295, 96972]"
114304,"[14224, 84675, 25683, 109673, 18301, 80840, 98615, 56590, 3438, 11040]"
114305,"[39441, 63715, 86185, 45276, 87758, 71301, 90744, 59920, 25136, 79965]"
114306,"[35910, 21325, 9042, 56803, 18955, 35024, 25976, 14989, 29654, 24491]"
114307,"[84537, 100902, 74775, 69240, 17023, 82276, 47814, 72448, 9569, 42429]"
114308,"[17605, 88705, 57610, 39991, 72314, 67037, 42855, 44488, 7932, 19800]"
114309,"[4656, 86069, 42690, 32143, 92891, 55137, 104918, 77001, 107673, 5060]"
114310,"[5036, 66992, 59571, 86490, 76574, 105405, 23698, 101788, 60520, 18837]"
114311,"[68991, 13721, 39100, 62256, 89171, 32584, 75179, 87814, 27064, 71696]"
114312,"[88984, 101797, 16167, 35366, 95366, 89382, 17319, 10387, 16577, 61727]"
114313,"[43522, 70363, 88106, 24593, 10674, 63186, 37427, 103607, 57071, 73618]"
114314,"[87472, 65338, 52889, 81460, 28366, 7916, 102957, 94388, 39673, 39199]"
114315,"[32504, 8892, 66713, 45948, 86725, 106483, 95965, 64800, 4426, 41755]"
114316,"[75871, 103390, 62886, 22027, 65442, 42741, 86658, 35849, 107001, 82892]"
114317,"[52891, 38262, 97493, 35234, 45955, 19575, 57087, 23922, 63412, 67686]"
114318,"[50568, 63441, 90694, 108520, 38905, 109211, 105696, 36479, 1928, 105192]"
114319,"[13759, 18823, 55853, 17473, 63645, 6521, 99770, 64602, 35661, 78783]"
114320,"[100082, 273, 91906, 23491, 30639, 54197, 99057, 85782, 44341, 39911]"
114321,"[4121, 34824, 5750, 66176, 81099, 728, 5716, 36497, 102223, 51525]"
114322,"[18674, 71913, 40747, 39262, 43377, 72975, 96485, 60139, 74989, 53493]"
114323,"[98633, 64749, 109247, 27323, 799, 29644, 6268, 47627, 99568, 50141]"
114324,"[73382, 78265, 16153, 82250, 12141, 27369, 27997, 40639, 26399, 63901]"
114325,"[87208, 14967, 8045, 70722, 88746, 54940, 58875, 17345, 70589, 97221]"
114326,"[10413, 87920, 9717, 105385, 54991, 94935, 97728, 99261, 68605, 52042]"
114327,"[64128, 33595, 24812, 21201, 14619, 54952, 78634, 66682, 96876, 52129]"
114328,"[61166, 86520, 95858, 81836, 28378, 44948, 38190, 89152, 71705, 17549]"
114329,"[81994, 7658, 50679, 67983, 59016, 61902, 83971, 39527, 31341, 26190]"
114330,"[57336, 25203, 59415, 65695, 95933, 88941, 43731, 108028, 1311, 60809]"
114331,"[79301, 55290, 81398, 100319, 35694, 83863, 108201, 43218, 85224, 99211]"
114332,"[52947, 65270, 95424, 73880, 109728, 16045, 101706, 94934, 34900, 75978]"
114333,"[86215, 55973, 49677, 15674, 103261, 79901, 101902, 73081, 22296, 38189]"
114334,"[55842, 49353, 3515, 34242, 57216, 7549, 31409, 46766, 98714, 104684]"
114335,"[99956, 104111, 5263, 47113, 44810, 89284, 68026, 15734, 66782, 87555]"
114336,"[26968, 36100, 27594, 23691, 107129, 37792, 90531, 38520, 38931, 46847]"
114337,"[97044, 107738, 46975, 43039, 103824, 45043, 7491, 39930, 24626, 19277]"
114338,"[30010, 80524, 10002, 27136, 90105, 94814, 75768, 14285, 55800, 11954]"
114339,"[1185, 97575, 15095, 73805, 103233, 21144, 2573, 53971, 68597, 81620]"
114340,"[80281, 17834, 26473, 60664, 1950, 11705, 27851, 12155, 32027, 85511]"
114341,"[29785, 38052, 48380, 30611, 78842, 101456, 104940, 101736, 96302, 5638]"
114342,"[1137, 59653, 43656, 84902, 65968, 63672, 69454, 55345, 35360, 66111]"
114343,"[60585, 91912, 56152, 15906, 109507, 36902, 34969, 4191, 12542, 77823]"
114344,"[57860, 89353, 59763, 93294, 73587, 17225, 91311, 102089, 19073, 81214]"
114345,"[4565, 11121, 28214, 93702, 38186, 29609, 56883, 41038, 4347, 70769]"
114346,"[17237, 3825, 30804, 42458, 6195, 74063, 105754, 16593, 34944, 53529]"
114347,"[25952, 97530, 67673, 11199, 91592, 99036, 93531, 5421, 102970, 88255]"
114348,"[36387, 11377, 22202, 6622, 93830, 93935, 583, 75670, 61214, 28227]"
114349,"[24055, 93756, 14526, 41117, 71154, 42991, 32417, 54143, 106639, 57100]"
114350,"[99725, 66438, 65997, 56685, 72944, 31198, 54057, 89864, 5427, 67458]"
114351,"[71030, 81234, 4977, 94448, 24245, 92386, 13188, 27563, 48736, 28401]"
114352,"[95458, 32068, 98903, 51443, 83173, 41405, 12802, 52160, 104213, 90184]"
114353,"[90029, 94129, 37487, 15878, 8366, 74432, 513, 92949, 45665, 103487]"
114354,"[45886, 72639, 35600, 67580, 106180, 39411, 107125, 90160, 55409, 96434]"
114355,"[3532, 17664, 61105, 13877, 85829, 76267, 14683, 58614, 18549, 24253]"
114356,"[20557, 85111, 102121, 36462, 68916, 87025, 102066, 57201, 63014, 15241]"
114357,"[39747, 63554, 88388, 10892, 55240, 103463, 7020, 7149, 93913, 69253]"
114358,"[105709, 21819, 28746, 97210, 46541, 1395, 76577, 74159, 73612, 48634]"
114359,"[55976, 23809, 103485, 5232, 94575, 19668, 74612, 66759, 99846, 85987]"
114360,"[103648, 60992, 63462, 47194, 30959, 58866, 90617, 50260, 53173, 82339]"
114361,"[22193, 64989, 91918, 48978, 70989, 41318, 38309, 30646, 85557, 5030]"
114362,"[54279, 76724, 7197, 32672, 96420, 47903, 27420, 69435, 72518, 31988]"
114363,"[25856, 33029, 105369, 40862, 13728, 41269, 70061, 105511, 103630, 68146]"
114364,"[74608, 19129, 67127, 18324, 92973, 27328, 94791, 54168, 88118, 17718]"
114365,"[93615, 15542, 31661, 44459, 100651, 2387, 4561, 25478, 23012, 96880]"
114366,"[50803, 2241, 40910, 25140, 87461, 49975, 23993, 15880, 12993, 59607]"
114367,"[20587, 78068, 92686, 30765, 107080, 75355, 19102, 60103, 1596, 9062]"
114368,"[30911, 85270, 79232, 39439, 54916, 56925, 9230, 61200, 59840, 45541]"
114369,"[14605, 87458, 46819, 12629, 22068, 99255, 80693, 70282, 1997, 62993]"
114370,"[1494, 1419, 26649, 30228, 28992, 57168, 19810, 90112, 101866, 44076]"
114371,"[46843, 50536, 97599, 23004, 33251, 19369, 49767, 51510, 81159, 88845]"
114372,"[65803, 56817, 4891, 25460, 33855, 24164, 15003, 88799, 53525, 51617]"
114373,"[38093, 36102, 103181, 44252, 93001, 104198, 67364, 32392, 102422, 78569]"
114374,"[95380, 11989, 107306, 38663, 67622, 41101, 9920, 89896, 24404, 2131]"
114375,"[78453, 88264, 6904, 55913, 69234, 2729, 108217, 21985, 75872, 73351]"
114376,"[95016, 39902, 30685, 70012, 88831, 69132, 97531, 22410, 15769, 49644]"
114377,"[84607, 13105, 25629, 44702, 36725, 26928, 28688, 10576, 6844, 98535]"
114378,"[67548, 54435, 49029, 80755, 91055, 88600, 83695, 85647, 43499, 51147]"
114379,"[71541, 31867, 66995, 38180, 24075, 44217, 90006, 105986, 4446, 5171]"
114380,"[53510, 69366, 70262, 81854, 101808, 91536, 64257, 99087, 26521, 20151]"
114381,"[31853, 107113, 2822, 32151, 90255, 87892, 78662, 104040, 107175, 75790]"
114382,"[23173, 49910, 54553, 76248, 54551, 29209, 83056, 10332, 24949, 94138]"
114383,"[88874, 55704, 89817, 3842, 61232, 105328, 22930, 60138, 64650, 63821]"
114384,"[83880, 101131, 97502, 43527, 95645, 51904, 94242, 60766, 83440, 25255]"
114385,"[2916, 96908, 60027, 60115, 108244, 33641, 105026, 56693, 62989, 97176]"
114386,"[50213, 74510, 20000, 51132, 71488, 10398, 54980, 44248, 17682, 56819]"
114387,"[48266, 41411, 10369, 20759, 39224, 96914, 108480, 69893, 97396, 19304]"
114388,"[84323, 21226, 7774, 58341, 60753, 17492, 59569, 41001, 23351, 90217]"
114389,"[47920, 86523, 103210, 106518, 86795, 9242, 69274, 11347, 33764, 52096]"
114390,"[77409, 48102, 95231, 108218, 91510, 76655, 32326, 3376, 8069, 64800]"
114391,"[74007, 96860, 31735, 27286, 102482, 9766, 58635, 104282, 96233, 6624]"
114392,"[44609, 78297, 5074, 8472, 4904, 66992, 109356, 108358, 88919, 55313]"
114393,"[38428, 10596, 95368, 3439, 106818, 65567, 70411, 97873, 44065, 58375]"
114394,"[80711, 65214, 97984, 85343, 16269, 23293, 40352, 83968, 21135, 79501]"
114395,"[25411, 85323, 70484, 73306, 6103, 46075, 96725, 30870, 67043, 74332]"
114396,"[24459, 105042, 41900, 10639, 48812, 52045, 70424, 102139, 54715, 25929]"
114397,"[49908, 87639, 41683, 19240, 44185, 43434, 9398, 86816, 37145, 52150]"
114398,"[54671, 82756, 107276, 56205, 22995, 44430, 32603, 35797, 33785, 50668]"
114399,"[23537, 69831, 17953, 56563, 40234, 91839, 64026, 109388, 33328, 29682]"
114400,"[103952, 16228, 54648, 100880, 93988, 6820, 7813, 97995, 107596, 10937]"
114401,"[80856, 38268, 90767, 38025, 99755, 66830, 38308, 32825, 76694, 61246]"
114402,"[12230, 27704, 88159, 62482, 42131, 67043, 270, 6374, 69133, 3098]"
114403,"[26734, 68030, 75829, 12358, 105525, 43473, 85637, 52498, 99726, 55604]"
114404,"[34741, 16196, 56828, 63763, 106451, 59867, 103294, 47152, 31326, 108711]"
114405,"[9835, 84013, 23733, 49921, 27917, 3519, 72499, 2941, 3567, 14864]"
114406,"[105157, 30103, 107904, 42034, 66963, 46462, 100780, 93666, 86863, 2167]"
114407,"[93595, 28696, 59071, 106645, 58326, 100640, 31573, 18997, 3249, 51968]"
114408,"[97854, 106059, 8755, 74561, 80014, 98142, 16200, 54251, 65193, 69213]"
114409,"[57723, 91127, 71928, 7686, 36877, 96119, 34633, 52185, 38921, 6999]"
114410,"[80647, 29038, 89818, 21467, 99905, 47609, 96543, 85467, 80753, 106848]"
114411,"[12960, 99798, 43909, 68504, 92416, 21915, 109067, 43305, 108061, 74610]"
114412,"[6101, 97672, 46413, 57645, 19658, 65042, 16935, 40731, 39740, 59568]"
114413,"[69409, 6928, 93356, 80452, 77547, 104609, 6930, 55753, 42610, 72368]"
114414,"[21477, 22590, 65435, 47916, 100720, 26724, 73369, 106821, 89867, 17316]"
114415,"[22274, 11100, 41007, 57579, 18157, 67169, 44409, 48535, 43498, 2955]"
114416,"[23595, 53392, 54986, 85955, 64078, 43094, 4679, 51363, 56054, 43367]"
114417,"[87953, 95252, 45189, 50794, 42713, 48598, 7957, 36384, 104410, 28496]"
114418,"[84941, 90206, 29243, 46032, 57159, 104638, 81884, 98940, 55971, 48911]"
114419,"[10609, 15379, 33537, 57999, 50300, 58206, 29499, 559, 62599, 21073]"
114420,"[22650, 315, 5786, 66691, 21016, 91891, 102370, 11601, 44615, 85200]"
114421,"[26287, 8076, 54507, 20349, 5871, 20244, 835, 36630, 58833, 97864]"
114422,"[2327, 50363, 101704, 67807, 22428, 6373, 9584, 52774, 43779, 53043]"
114423,"[72955, 16936, 108008, 3475, 59359, 8910, 97548, 69778, 63337, 22654]"
114424,"[26478, 77333, 94573, 54551, 76248, 80968, 87732, 27780, 95236, 49910]"
114425,"[75371, 15326, 93118, 2913, 96652, 85704, 48723, 98417, 48057, 104451]"
114426,"[5757, 73978, 104382, 40157, 37344, 203, 106889, 105355, 49637, 42665]"
114427,"[75036, 5930, 73732, 13666, 51461, 28109, 23055, 58944, 25848, 94073]"
114428,"[18204, 15092, 65070, 79077, 82047, 59126, 76791, 10270, 12031, 67915]"
114429,"[69972, 31629, 10487, 52465, 72937, 56605, 49234, 68545, 29440, 2067]"
114430,"[26329, 106394, 55322, 22523, 4164, 65708, 104281, 12771, 88534, 102969]"
114431,"[64774, 63675, 106059, 8755, 97854, 82987, 80999, 108241, 74561, 5426]"
114432,"[3347, 47021, 82211, 2537, 33015, 96858, 67191, 23243, 61022, 26150]"
114433,"[80091, 14230, 38141, 44470, 41294, 105207, 62489, 71725, 79816, 88656]"
114434,"[25503, 89067, 4928, 32175, 90940, 63791, 16645, 20816, 285, 66274]"
114435,"[40, 44667, 14762, 38900, 86887, 31956, 101373, 31077, 42575, 93966]"
114436,"[96326, 71256, 32612, 30213, 45090, 96734, 24337, 7472, 55671, 58061]"
114437,"[51298, 60652, 22190, 21405, 2869, 11250, 65189, 81279, 55035, 64868]"
114438,"[54657, 84476, 84192, 33436, 102443, 47542, 9028, 27972, 36429, 10965]"
114439,"[91706, 57739, 40181, 14531, 79876, 87192, 405, 15981, 78951, 12940]"
114440,"[47405, 36811, 41794, 90840, 2105, 49492, 63221, 26418, 59111, 70408]"
114441,"[87718, 66955, 71919, 103903, 42919, 93247, 87361, 76781, 63812, 8279]"
114442,"[92035, 3871, 59250, 46952, 75456, 21893, 73006, 12251, 30220, 10137]"
114443,"[34553, 88306, 87865, 47256, 39884, 34741, 94393, 26466, 61561, 60876]"
114444,"[81366, 60446, 100249, 67327, 36390, 5076, 106763, 29317, 49774, 104507]"
114445,"[880, 91392, 28298, 33899, 23194, 13858, 23523, 81905, 97873, 59109]"
114446,"[92283, 24228, 20524, 50359, 43056, 104996, 56385, 40302, 105872, 38055]"
114447,"[32587, 96833, 50728, 13130, 18558, 10850, 34847, 26514, 54277, 87035]"
114448,"[122, 86659, 61738, 50908, 838, 15807, 50572, 59219, 37477, 30890]"
114449,"[50637, 63229, 107734, 55569, 4364, 63327, 14826, 44255, 42636, 44998]"
114450,"[16650, 106811, 34054, 53370, 29621, 351, 93821, 3318, 102287, 69965]"
114451,"[82150, 52304, 50405, 76026, 102922, 48685, 107472, 90450, 19624, 54802]"
114452,"[43491, 88342, 18280, 106530, 80345, 28708, 55857, 13475, 32029, 100881]"
114453,"[48487, 52375, 61836, 29463, 98186, 52514, 83042, 56602, 88173, 75724]"
114454,"[102382, 78261, 75884, 62077, 104676, 63966, 88013, 103030, 5014, 45598]"
114455,"[55472, 102091, 19525, 14866, 59217, 69770, 102614, 72884, 42988, 29274]"
114456,"[90946, 27758, 79486, 5336, 82654, 54221, 90696, 26213, 97748, 85947]"
114457,"[103560, 27498, 84298, 12829, 88548, 26006, 17039, 20628, 2735, 96404]"
114458,"[81265, 41402, 87025, 18610, 37940, 6410, 51007, 99402, 66615, 27010]"
114459,"[63744, 11825, 61587, 73162, 95959, 109247, 75265, 64166, 67250, 105290]"
114460,"[67712, 61662, 60817, 51187, 91249, 69773, 77906, 92881, 103830, 43130]"
114461,"[99199, 17134, 82161, 74912, 105904, 16939, 87216, 76866, 95799, 95594]"
114462,"[98028, 89032, 5616, 20716, 46607, 50470, 63633, 107921, 99101, 31193]"
114463,"[35413, 94240, 3382, 92078, 97709, 61766, 14439, 79293, 62964, 109768]"
114464,"[67699, 102180, 25943, 89381, 99299, 31001, 35604, 689, 2438, 89064]"
114465,"[6358, 35297, 38259, 58165, 24733, 62356, 21585, 31964, 88445, 60187]"
114466,"[39421, 13668, 75087, 70885, 67974, 63561, 10425, 64499, 14188, 70531]"
114467,"[35006, 89166, 40495, 97251, 105100, 76490, 45813, 23770, 32169, 12310]"
114468,"[75714, 51400, 104505, 28434, 3445, 75215, 89338, 83897, 63902, 60326]"
114469,"[64771, 23512, 71528, 107531, 44848, 93734, 74162, 67511, 26926, 88533]"
114470,"[8385, 65939, 79992, 29305, 5086, 104015, 27638, 34401, 76735, 62730]"
114471,"[87117, 39633, 90931, 46312, 50534, 19084, 78601, 22944, 4053, 97802]"
114472,"[73204, 27394, 39520, 33247, 71443, 89359, 17667, 5042, 108746, 86233]"
114473,"[11329, 46271, 54023, 96112, 3356, 22931, 87469, 82682, 90550, 33779]"
114474,"[74442, 27429, 14861, 80142, 46939, 56945, 87296, 81617, 66745, 28762]"
114475,"[104930, 56837, 92924, 23382, 56608, 9492, 47038, 42554, 109685, 37719]"
114476,"[50579, 14540, 45065, 5949, 27581, 69308, 85419, 95124, 37426, 60029]"
114477,"[878, 24585, 104184, 49797, 24983, 86529, 83992, 508, 10082, 2378]"
114478,"[81576, 58283, 95039, 8190, 73942, 95073, 25912, 99050, 72895, 89499]"
114479,"[102369, 89661, 17791, 106004, 60770, 109301, 96172, 9922, 34143, 366]"
114480,"[16171, 6904, 54024, 98501, 69234, 22594, 2729, 7442, 96219, 78453]"
114481,"[32377, 1534, 51721, 8252, 63212, 67177, 53903, 6903, 75937, 76496]"
114482,"[24769, 96096, 95249, 21155, 41805, 48683, 66442, 85596, 41578, 99484]"
114483,"[23377, 29846, 776, 23200, 12304, 83716, 104127, 28202, 10248, 48991]"
114484,"[85537, 36986, 58125, 87252, 9968, 43500, 13062, 83452, 12136, 94170]"
114485,"[47005, 74252, 66147, 78201, 32671, 5079, 8983, 49570, 7758, 81124]"
114486,"[50801, 79641, 92986, 52990, 103612, 98366, 91044, 22016, 69760, 72330]"
114487,"[71505, 25224, 49850, 95270, 75611, 12803, 74131, 76023, 39316, 3715]"
114488,"[38308, 557, 43332, 86025, 39778, 52315, 941, 7359, 8310, 99755]"
114489,"[105820, 54693, 957, 25493, 17729, 65688, 76151, 5222, 21337, 52246]"
114490,"[79494, 19758, 77931, 13099, 36159, 47144, 44880, 14114, 102061, 49400]"
114491,"[29410, 13711, 90957, 29352, 79054, 58559, 50109, 85272, 90319, 58025]"
114492,"[55683, 8790, 1413, 14005, 69480, 90503, 43993, 99196, 99548, 35048]"
114493,"[21055, 64710, 29263, 67844, 7393, 59052, 60980, 99447, 68164, 79823]"
114494,"[31907, 62056, 107141, 76647, 76436, 31672, 49416, 75186, 83793, 64745]"
114495,"[47377, 10654, 19303, 4446, 69357, 43545, 47829, 41899, 105986, 19714]"
114496,"[35602, 84662, 102527, 86522, 67124, 23418, 51735, 55816, 109490, 91459]"
114497,"[47083, 56383, 89361, 80439, 65436, 43719, 41334, 83016, 26996, 57666]"
114498,"[96594, 10795, 83874, 88121, 73561, 96731, 16687, 20726, 91341, 14231]"
114499,"[16981, 93986, 108668, 103149, 95400, 75924, 105212, 14785, 62170, 23281]"
114500,"[90695, 87438, 11832, 108033, 17498, 94738, 48442, 37764, 39896, 85448]"
114501,"[8310, 557, 105851, 33908, 86025, 38308, 7359, 4926, 73829, 52315]"
114502,"[109008, 101662, 107289, 77937, 81771, 108187, 40718, 85486, 13552, 102648]"
114503,"[90502, 51420, 104002, 22140, 42934, 77771, 1139, 71519, 87831, 106790]"
114504,"[5651, 49782, 56137, 30188, 72125, 38742, 17614, 4876, 17452, 72485]"
114505,"[96581, 68425, 10309, 31307, 103427, 52799, 65195, 109124, 31163, 81621]"
114506,"[108351, 65961, 3088, 101815, 10781, 25185, 78380, 67871, 31977, 97994]"
114507,"[26950, 42647, 41017, 47917, 21165, 8523, 45112, 61639, 88496, 106175]"
114508,"[10675, 84791, 51343, 31350, 56619, 106425, 108121, 45575, 106905, 70540]"
114509,"[46111, 80293, 84437, 3739, 15813, 44923, 103606, 35696, 108567, 90193]"
114510,"[97510, 77178, 13930, 52655, 37432, 50234, 42251, 54774, 4022, 35521]"
114511,"[96201, 64474, 56521, 84862, 77930, 42099, 96254, 37783, 81949, 37616]"
114512,"[61697, 42317, 45273, 15211, 75201, 108891, 60975, 65113, 52719, 104239]"
114513,"[14518, 53779, 46799, 58525, 53810, 97241, 67464, 48936, 7956, 74606]"
114514,"[68552, 17517, 65254, 99063, 85663, 71237, 46176, 52775, 74243, 45438]"
114515,"[6124, 70938, 96467, 23793, 79191, 35857, 78678, 83991, 61555, 97250]"
114516,"[35996, 36820, 88876, 31143, 33360, 11161, 87327, 75019, 64669, 30608]"
114517,"[106843, 89112, 25360, 22691, 107867, 63866, 74285, 53137, 57498, 71663]"
114518,"[8515, 55580, 83693, 89702, 2963, 93822, 48602, 33457, 18192, 51889]"
114519,"[49286, 71615, 79465, 82277, 79856, 56362, 7800, 34058, 13037, 13]"
114520,"[16516, 55905, 10802, 24222, 2954, 26527, 105645, 68646, 57821, 31285]"
114521,"[23738, 81326, 14207, 30976, 47017, 104141, 6500, 68344, 99525, 56793]"
114522,"[71644, 43806, 47217, 34807, 34615, 10347, 92296, 98448, 67268, 43171]"
114523,"[106060, 76402, 1959, 39042, 103670, 70505, 38777, 25932, 99538, 79144]"
114524,"[68278, 11891, 29559, 33062, 65332, 77879, 45000, 14921, 93948, 105883]"
114525,"[102459, 82351, 17194, 105579, 80779, 86880, 59310, 101247, 26139, 15889]"
114526,"[63133, 5696, 528, 6058, 8788, 42755, 58975, 53000, 77576, 24555]"
114527,"[13160, 52092, 97673, 66250, 24084, 103690, 99628, 98473, 51879, 41797]"
114528,"[28956, 1402, 79718, 10954, 42500, 35799, 34355, 24524, 3518, 6751]"
114529,"[16114, 103537, 40003, 103101, 74078, 90073, 53998, 106424, 104470, 92513]"
114530,"[92997, 2905, 78307, 79667, 16363, 45259, 59689, 86980, 5870, 74293]"
114531,"[8371, 53857, 28570, 82663, 89740, 106493, 53871, 38576, 77800, 68398]"
114532,"[97483, 98615, 104011, 21389, 49840, 98422, 42459, 39261, 9177, 84496]"
114533,"[55039, 83659, 6345, 91622, 55159, 4103, 92121, 63589, 5175, 58105]"
114534,"[87622, 88332, 15843, 30971, 29214, 52474, 75560, 98154, 100103, 68692]"
114535,"[62821, 48930, 103031, 85665, 21961, 98201, 16825, 67811, 3168, 76801]"
114536,"[10983, 90965, 4044, 14683, 51295, 4039, 14519, 9586, 72751, 32298]"
114537,"[37511, 53233, 98023, 20829, 59184, 87366, 2062, 104718, 106717, 90011]"
114538,"[99800, 26102, 13167, 57196, 84015, 19512, 4299, 78622, 64896, 96500]"
114539,"[58657, 11122, 6529, 47980, 62353, 68155, 52874, 22403, 16835, 103265]"
114540,"[100484, 42329, 100481, 19081, 95958, 75299, 103072, 55032, 27675, 81473]"
114541,"[26293, 71075, 2956, 53622, 107416, 58359, 4422, 30957, 79341, 69073]"
114542,"[90612, 79001, 102723, 58726, 108736, 72038, 14988, 78568, 40019, 17509]"
114543,"[29960, 35092, 49, 85956, 52083, 39032, 98889, 22631, 16696, 101689]"
114544,"[899, 85408, 98404, 100685, 25091, 55598, 2588, 64839, 48015, 105056]"
114545,"[100883, 59439, 84028, 101287, 32910, 74206, 24136, 97049, 100828, 9679]"
114546,"[29181, 79120, 56291, 80863, 15073, 35262, 99140, 101800, 67891, 96970]"
114547,"[83941, 97185, 10674, 18786, 12876, 44393, 61379, 73603, 48943, 88106]"
114548,"[82677, 6610, 99146, 5594, 67694, 80686, 86252, 55420, 65760, 45307]"
114549,"[85161, 6912, 53324, 42363, 87017, 103299, 18008, 11258, 84293, 59769]"
114550,"[77339, 84762, 22883, 95207, 97562, 74672, 87158, 65505, 51546, 52480]"
114551,"[55148, 109194, 105032, 3389, 610, 41622, 43083, 26419, 62777, 76236]"
114552,"[1129, 11057, 73867, 22671, 7977, 58182, 2609, 109365, 53453, 105861]"
114553,"[85613, 68850, 105975, 102524, 26269, 106103, 38435, 65431, 29757, 70229]"
114554,"[93808, 19139, 59510, 71784, 100963, 4853, 99179, 39267, 17211, 62828]"
114555,"[25577, 83380, 84093, 11480, 47735, 86905, 18346, 47369, 28011, 47821]"
114556,"[57552, 30122, 18818, 109367, 103378, 85415, 17425, 27878, 19431, 21338]"
114557,"[25923, 63398, 21881, 82983, 13309, 64683, 28937, 59122, 54919, 92543]"
114558,"[32706, 62117, 11566, 84883, 3609, 42770, 66020, 5794, 87366, 8437]"
114559,"[96714, 7163, 91120, 8549, 21886, 58481, 21398, 14882, 46966, 24644]"
114560,"[26787, 8229, 30974, 15, 83095, 14798, 79549, 25199, 43390, 3672]"
114561,"[19370, 87369, 6746, 67619, 45933, 35394, 103470, 80791, 104181, 88204]"
114562,"[66704, 88857, 53494, 67383, 96966, 104252, 69222, 41059, 27530, 42205]"
114563,"[63425, 94535, 49683, 65518, 76922, 86672, 75604, 23093, 61505, 79329]"
114564,"[77977, 10815, 56810, 93152, 96505, 5001, 32690, 28585, 17132, 98321]"
114565,"[75065, 86609, 75092, 69686, 83335, 49054, 109693, 99566, 75488, 37447]"
114566,"[102447, 64624, 67994, 90710, 82103, 102036, 99195, 55734, 41035, 103425]"
114567,"[82743, 70578, 63567, 43894, 3259, 47424, 29478, 10030, 68448, 81405]"
114568,"[82493, 80061, 92302, 68543, 26540, 97289, 45876, 32483, 67200, 35119]"
114569,"[40633, 57684, 6236, 82516, 52493, 64757, 54076, 55481, 104006, 41891]"
114570,"[67813, 14024, 72109, 18994, 46571, 104807, 64811, 4435, 43875, 8530]"
114571,"[22230, 21141, 95172, 55633, 92266, 33761, 96889, 54886, 36638, 84693]"
114572,"[33987, 48424, 40109, 22259, 95152, 40005, 14392, 82067, 823, 74131]"
114573,"[61055, 104004, 84495, 54421, 8564, 81545, 76273, 61178, 7462, 27299]"
114574,"[85760, 104606, 108930, 45738, 26212, 70779, 59953, 98123, 22843, 59223]"
114575,"[54228, 96240, 39068, 88983, 66635, 108162, 5828, 25936, 18255, 72987]"
114576,"[21263, 90816, 26306, 29494, 20060, 69441, 104218, 28523, 74993, 25831]"
114577,"[72126, 94959, 29064, 66093, 66500, 57239, 15465, 39325, 86353, 81774]"
114578,"[20502, 100132, 35549, 27984, 80113, 55801, 89275, 101076, 104215, 67424]"
114579,"[94803, 98513, 2638, 66941, 3121, 9503, 108965, 33274, 56511, 5438]"
114580,"[108213, 27775, 52744, 53439, 53856, 76113, 49261, 100670, 5006, 69699]"
114581,"[72470, 25236, 91584, 61112, 88900, 8655, 23546, 64465, 62296, 79469]"
114582,"[17534, 84724, 19356, 28776, 96729, 32194, 35686, 67429, 98815, 25755]"
114583,"[98014, 104557, 58811, 39055, 45380, 26356, 45564, 87307, 71026, 80988]"
114584,"[43568, 92386, 78903, 20864, 27563, 44776, 28401, 101732, 15866, 41375]"
114585,"[84771, 14386, 58632, 2752, 20254, 30812, 56418, 30244, 78422, 19768]"
114586,"[59347, 84281, 97114, 103343, 109236, 39462, 14724, 17447, 13115, 68730]"
114587,"[67412, 94732, 61046, 53126, 69827, 93672, 29124, 66423, 23146, 108334]"
114588,"[26875, 5214, 38799, 55854, 36976, 52022, 42561, 37191, 70928, 11269]"
114589,"[78849, 39202, 31352, 32506, 91557, 80396, 11119, 51674, 13063, 84187]"
114590,"[66543, 97120, 67722, 52431, 25023, 22135, 59040, 44607, 56252, 29768]"
114591,"[102077, 68118, 74031, 16182, 38682, 97623, 103995, 91144, 51503, 106922]"
114592,"[65371, 33413, 92399, 8672, 28007, 77644, 108182, 80178, 66862, 65475]"
114593,"[80055, 32904, 81672, 64895, 39312, 105129, 46833, 33799, 79238, 5489]"
114594,"[47268, 74023, 75879, 6329, 31832, 40830, 37865, 62451, 1450, 45078]"
114595,"[100272, 26554, 33720, 12789, 50440, 79631, 26838, 25071, 39474, 90926]"
114596,"[69975, 6784, 34886, 86047, 62465, 9709, 23247, 12003, 56026, 22039]"
114597,"[93969, 23303, 49726, 17494, 30966, 106915, 51169, 87525, 64135, 25836]"
114598,"[91217, 3386, 24792, 70231, 100994, 83163, 24768, 29701, 77251, 36803]"
114599,"[54089, 72039, 66089, 33940, 55930, 34304, 73735, 29546, 75653, 56329]"
114600,"[980, 35194, 90828, 35939, 30602, 28277, 67701, 25595, 82269, 24414]"
114601,"[41615, 31016, 19431, 663, 64112, 63442, 41990, 1812, 4495, 56156]"
114602,"[4999, 109666, 93725, 59391, 69815, 24948, 96300, 27728, 90606, 30878]"
114603,"[94428, 24526, 101338, 101574, 70650, 88308, 84147, 105704, 89544, 87780]"
114604,"[24599, 41191, 45821, 74395, 29391, 11724, 51614, 88001, 29407, 24487]"
114605,"[12200, 52653, 103539, 33081, 30416, 1824, 86340, 51001, 20322, 53829]"
114606,"[10435, 4033, 436, 61283, 43822, 28663, 101798, 59445, 6430, 18773]"
114607,"[13917, 73027, 24258, 1734, 69433, 31476, 91279, 23103, 67476, 40497]"
114608,"[48544, 81970, 22946, 66102, 88083, 38221, 15756, 43695, 101018, 63729]"
114609,"[30336, 23448, 53557, 45896, 89535, 63201, 1641, 81606, 84211, 60727]"
114610,"[14892, 76197, 15866, 53224, 101732, 57563, 92386, 102407, 64073, 58315]"
114611,"[57729, 88149, 45073, 69805, 75429, 8977, 29553, 37115, 47000, 23532]"
114612,"[17987, 565, 24839, 46381, 5117, 108867, 60812, 39629, 16840, 26086]"
114613,"[57299, 9065, 50043, 44822, 45265, 35762, 101662, 56226, 86402, 50333]"
114614,"[83799, 57054, 69191, 50355, 180, 89960, 45805, 13700, 105467, 5499]"
114615,"[43663, 80166, 60390, 32485, 57210, 70715, 97427, 52712, 73446, 34646]"
114616,"[38545, 53470, 101797, 34315, 61727, 91028, 8146, 106092, 30696, 44630]"
114617,"[95837, 8793, 102540, 44106, 83803, 12660, 92266, 89675, 65423, 63437]"
114618,"[32119, 3972, 12807, 61869, 40748, 100794, 45097, 25394, 32433, 9570]"
114619,"[22298, 43425, 55517, 29783, 76622, 78895, 83106, 23908, 26475, 96699]"
114620,"[63120, 15112, 104770, 36572, 40667, 77111, 69954, 105111, 66309, 86553]"
114621,"[90795, 8408, 30745, 35820, 52298, 69792, 4094, 91965, 34289, 83831]"
114622,"[86772, 82515, 61718, 106698, 3447, 34922, 59044, 39802, 100205, 106926]"
114623,"[36780, 91262, 42665, 49637, 9844, 75195, 48045, 91513, 21835, 5757]"
114624,"[6778, 91374, 56919, 103959, 92670, 94616, 78104, 11237, 85597, 48514]"
114625,"[89778, 23098, 46470, 42325, 64505, 44786, 64092, 19434, 59112, 42077]"
114626,"[9870, 94141, 45128, 73917, 81445, 52671, 86043, 94682, 105323, 29100]"
114627,"[10742, 62444, 4649, 14179, 94172, 73457, 79597, 30342, 89461, 7702]"
114628,"[25085, 58160, 105208, 17762, 6021, 48322, 101462, 29799, 92628, 6012]"
114629,"[105530, 88726, 61069, 92203, 66827, 56653, 20590, 12306, 17859, 61788]"
114630,"[95438, 34875, 49528, 79588, 31280, 69790, 107205, 75568, 91794, 88431]"
114631,"[62124, 5253, 100130, 23404, 84915, 33528, 72442, 16976, 89472, 77428]"
114632,"[19616, 38154, 17304, 49187, 75203, 60426, 53069, 83053, 42309, 35327]"
114633,"[48155, 79581, 17211, 101455, 8155, 31299, 32336, 93633, 1917, 31652]"
114634,"[68863, 4141, 9852, 65881, 3905, 95480, 57521, 82476, 11993, 19119]"
114635,"[76630, 70673, 102690, 25435, 21305, 17960, 49365, 68364, 87924, 49376]"
114636,"[86254, 26097, 46212, 41155, 41067, 101633, 65194, 14823, 100930, 32649]"
114637,"[3577, 76, 46975, 12899, 10090, 109680, 103265, 30872, 91929, 11350]"
114638,"[41440, 3136, 42218, 44606, 38765, 21143, 106115, 17210, 60631, 105751]"
114639,"[103423, 82401, 34379, 36602, 34712, 6659, 68690, 60785, 43925, 97274]"
114640,"[50017, 54486, 5340, 44322, 89257, 82920, 75456, 73006, 9250, 82547]"
114641,"[32519, 21660, 78492, 46829, 96698, 80299, 71861, 75949, 41742, 30886]"
114642,"[28901, 90081, 15755, 45769, 91697, 20163, 80556, 92739, 88737, 103014]"
114643,"[3284, 41583, 86053, 59241, 7416, 85692, 346, 2819, 21412, 14074]"
114644,"[63485, 63949, 44219, 24445, 65213, 15313, 89579, 10651, 92183, 109514]"
114645,"[98194, 8470, 5169, 7618, 36279, 19657, 13869, 89399, 71767, 21719]"
114646,"[44519, 25799, 32690, 5001, 6627, 42106, 100835, 20516, 22040, 70674]"
114647,"[31425, 6396, 42420, 107537, 18548, 83623, 45220, 83744, 52930, 9298]"
114648,"[11919, 101327, 24653, 64074, 85829, 99304, 96958, 23324, 84921, 14683]"
114649,"[64395, 90107, 72376, 15579, 40256, 101259, 16450, 49135, 65281, 101115]"
114650,"[47671, 108499, 49991, 61875, 102895, 63262, 57694, 66319, 14072, 66180]"
114651,"[78856, 26192, 109452, 65203, 50811, 81369, 20033, 57926, 37994, 82549]"
114652,"[61075, 7315, 10230, 51802, 101387, 26352, 6352, 107967, 1867, 103402]"
114653,"[9652, 10597, 30164, 63357, 96907, 95998, 106027, 101773, 10327, 43251]"
114654,"[98015, 80873, 18583, 63793, 83947, 40317, 73920, 101106, 25752, 81241]"
114655,"[101194, 79674, 47681, 101394, 65605, 82932, 6226, 1184, 88124, 44154]"
114656,"[17540, 38411, 98421, 58262, 72902, 109591, 95737, 52273, 94753, 8175]"
114657,"[14784, 99005, 83584, 33122, 106179, 19722, 84274, 100561, 74600, 38222]"
114658,"[28468, 49166, 87317, 38551, 97902, 71547, 34462, 9765, 51678, 95211]"
114659,"[15137, 64000, 36732, 66381, 24469, 28072, 54566, 24154, 53024, 28432]"
114660,"[67566, 103981, 84473, 55746, 35121, 94535, 65346, 40895, 84823, 13057]"
114661,"[108389, 102948, 9391, 73678, 58360, 42833, 20801, 96121, 86408, 46368]"
114662,"[9051, 18491, 27432, 38951, 79531, 71362, 95318, 37213, 30670, 30484]"
114663,"[41093, 24101, 82068, 83969, 22652, 105964, 33272, 12816, 90000, 37693]"
114664,"[56388, 74540, 973, 91434, 96319, 26304, 80726, 64418, 98754, 28987]"
114665,"[99003, 13660, 73229, 7971, 2167, 74547, 69859, 4850, 6994, 94914]"
114666,"[34432, 70717, 12880, 28635, 5408, 37103, 50105, 7366, 92519, 84740]"
114667,"[3395, 86532, 99191, 66035, 25977, 75832, 37598, 22431, 57702, 48063]"
114668,"[108783, 39358, 52705, 99819, 102321, 67796, 79507, 5517, 28461, 57978]"
114669,"[91103, 106463, 60985, 82599, 77351, 69931, 107632, 106676, 44837, 68573]"
114670,"[79365, 101970, 93135, 47716, 83279, 28375, 90052, 68835, 55811, 96528]"
114671,"[15743, 37631, 100183, 50575, 105558, 81763, 82865, 207, 40572, 66672]"
114672,"[78110, 99405, 36176, 93683, 7461, 60061, 71680, 27658, 49730, 2150]"
114673,"[78739, 79335, 38988, 20596, 78178, 6724, 25523, 101407, 100563, 72501]"
114674,"[69829, 98974, 102970, 97530, 83420, 46662, 102908, 28454, 25952, 753]"
114675,"[21577, 78656, 53644, 36871, 86020, 16933, 43278, 75632, 5874, 108797]"
114676,"[80863, 14123, 1448, 96046, 37116, 29181, 79120, 97982, 65282, 107146]"
114677,"[24641, 79603, 24434, 77995, 65592, 36962, 53952, 7749, 34505, 36075]"
114678,"[43500, 87252, 97307, 57606, 84193, 12136, 51462, 18204, 16523, 9968]"
114679,"[66546, 84033, 47454, 2599, 3970, 109680, 80079, 101901, 71217, 60602]"
114680,"[96829, 70252, 77534, 80361, 20871, 48211, 87836, 71057, 80289, 71734]"
114681,"[33696, 65449, 35790, 89684, 45332, 45837, 18860, 34214, 80464, 55675]"
114682,"[36311, 3038, 17376, 82752, 18309, 53025, 5932, 104741, 96584, 83087]"
114683,"[52657, 24002, 101901, 45666, 51391, 45780, 77277, 4320, 40782, 10090]"
114684,"[40666, 27735, 87830, 94506, 29837, 47504, 99279, 106821, 30149, 29688]"
114685,"[34597, 13451, 31098, 51603, 18481, 19366, 34988, 52634, 51671, 58217]"
114686,"[16012, 109338, 21169, 60363, 21972, 28176, 234, 33232, 74781, 86343]"
114687,"[37715, 93735, 70686, 71470, 98823, 66080, 64954, 25170, 73468, 39142]"
114688,"[84703, 82856, 40672, 70491, 59961, 11014, 80268, 57990, 36877, 65259]"
114689,"[53126, 69827, 2558, 40703, 57009, 3695, 42668, 32778, 97564, 44955]"
114690,"[21541, 41810, 88507, 19088, 87014, 17197, 4404, 72921, 101661, 97835]"
114691,"[764, 45784, 90974, 104269, 96567, 109004, 89960, 85168, 6208, 78938]"
114692,"[53030, 33620, 8154, 107030, 105320, 74564, 97856, 105164, 66959, 59188]"
114693,"[87175, 22761, 41391, 105897, 77796, 48177, 32693, 20486, 11259, 99778]"
114694,"[35469, 68164, 11249, 67101, 77917, 64952, 69469, 63606, 65227, 108176]"
114695,"[100783, 11092, 48137, 36451, 2292, 14966, 15790, 40266, 51753, 96172]"
114696,"[11468, 1904, 52883, 17892, 22004, 40724, 90052, 31329, 98532, 85757]"
114697,"[99200, 105642, 58767, 25531, 17744, 20904, 40414, 106270, 15137, 36866]"
114698,"[2598, 108314, 6998, 98818, 30418, 12360, 35387, 32996, 37534, 81258]"
114699,"[96546, 62431, 53949, 30106, 10186, 3647, 83157, 68530, 99617, 62981]"
114700,"[79919, 28735, 41666, 83791, 36420, 96931, 36563, 29987, 106687, 9499]"
114701,"[54189, 70015, 103384, 48347, 71564, 68438, 11664, 23406, 60765, 96418]"
114702,"[89221, 2616, 9015, 35292, 30030, 55245, 30009, 74852, 105656, 97626]"
114703,"[42768, 74397, 1690, 27735, 2183, 20458, 94506, 7866, 95904, 40666]"
114704,"[64396, 64142, 74790, 89258, 94294, 94660, 13818, 36234, 13302, 11722]"
114705,"[71349, 44574, 106316, 45084, 45062, 102009, 100063, 92075, 92847, 97409]"
114706,"[64695, 19684, 23144, 78231, 38801, 34681, 15848, 92747, 48088, 1397]"
114707,"[17069, 11973, 58308, 77232, 66141, 9249, 66575, 1753, 43054, 108592]"
114708,"[102915, 72315, 91720, 45693, 8998, 38020, 28245, 65513, 97222, 28029]"
114709,"[45594, 69471, 40323, 79817, 109720, 14675, 90543, 13034, 14707, 58550]"
114710,"[36546, 27392, 84619, 30156, 52046, 36416, 49627, 58639, 67890, 108920]"
114711,"[72054, 24621, 33760, 52005, 34040, 90409, 90768, 303, 45556, 30161]"
114712,"[83329, 106354, 93276, 11078, 28022, 73271, 49879, 107448, 93095, 26635]"
114713,"[95240, 13240, 100793, 108134, 60472, 84403, 53696, 18172, 49773, 74288]"
114714,"[53722, 29851, 31114, 73246, 39893, 99854, 102366, 68539, 34590, 36831]"
114715,"[58154, 3841, 22150, 73734, 78710, 14922, 23248, 32781, 106056, 64996]"
114716,"[52882, 75068, 10617, 87682, 93372, 12475, 39140, 17969, 50530, 46957]"
114717,"[48930, 21961, 56982, 86568, 40850, 5881, 85665, 40073, 3168, 1896]"
114718,"[58311, 36, 23228, 31771, 85643, 61221, 54545, 108109, 90295, 75377]"
114719,"[84028, 89871, 101763, 59439, 27768, 50247, 1483, 43520, 5, 101287]"
114720,"[30662, 45466, 70032, 34123, 65772, 95502, 67165, 14492, 46389, 100720]"
114721,"[16091, 88680, 72854, 29016, 92182, 65362, 56730, 15721, 33225, 29569]"
114722,"[99169, 89040, 27706, 109243, 79554, 50730, 102283, 48197, 31780, 19172]"
114723,"[33036, 904, 8865, 29851, 25416, 72080, 33002, 100879, 99267, 40606]"
114724,"[82870, 35651, 49171, 102632, 22485, 69337, 21907, 51480, 39264, 94471]"
114725,"[68772, 14185, 52740, 9269, 15084, 49329, 64686, 19204, 58227, 21061]"
114726,"[58008, 106022, 6766, 43229, 15749, 106167, 17756, 50963, 64147, 82466]"
114727,"[93859, 66482, 34721, 59936, 4447, 39200, 73644, 42226, 21254, 28986]"
114728,"[75769, 40555, 7979, 7275, 101589, 58924, 91980, 99198, 60405, 76457]"
114729,"[23721, 66437, 94737, 76382, 33566, 52606, 60793, 94537, 29211, 37936]"
114730,"[101182, 31846, 42751, 56553, 98324, 105339, 11892, 28945, 8667, 26586]"
114731,"[63871, 4627, 48407, 30699, 100837, 50490, 67633, 53232, 50281, 59862]"
114732,"[43505, 80908, 24716, 80215, 38276, 90840, 93896, 35985, 69255, 94263]"
114733,"[96601, 85312, 91757, 84150, 79662, 46654, 68871, 51983, 38863, 96412]"
114734,"[1305, 82216, 55025, 11713, 61596, 7285, 82416, 19651, 93423, 104471]"
114735,"[16766, 42238, 56675, 85742, 29398, 101304, 36798, 25894, 12604, 53184]"
114736,"[98323, 54425, 32342, 7371, 35621, 39888, 106653, 39416, 85002, 101535]"
114737,"[5249, 28653, 51302, 41728, 94420, 37824, 48912, 78195, 64373, 25024]"
114738,"[37573, 68901, 35812, 105791, 3952, 87888, 41796, 7665, 89975, 91064]"
114739,"[72665, 18093, 16508, 87347, 4322, 78883, 47630, 84689, 4834, 109380]"
114740,"[56510, 16380, 25337, 70245, 573, 21776, 48055, 36719, 16867, 70045]"
114741,"[108302, 68584, 56785, 107387, 2631, 103366, 51847, 48558, 46778, 87782]"
114742,"[107959, 69256, 59477, 47826, 25389, 40412, 49783, 1598, 38718, 12811]"
114743,"[18641, 175, 76654, 40547, 25302, 66920, 29806, 68412, 93627, 49734]"
114744,"[11731, 27884, 82253, 109206, 94630, 5879, 96720, 30671, 42196, 94633]"
114745,"[57040, 63247, 6578, 36429, 12885, 8999, 85264, 352, 61982, 75773]"
114746,"[61536, 28155, 40018, 51332, 59889, 34352, 76635, 10924, 109000, 65550]"
114747,"[93053, 9171, 107545, 85263, 58973, 27397, 107956, 47823, 102976, 7001]"
114748,"[22707, 68473, 21101, 82189, 76549, 54227, 92120, 82694, 2429, 86133]"
114749,"[6056, 68393, 104509, 95160, 26524, 20310, 97561, 50364, 35491, 42392]"
114750,"[72411, 72910, 103182, 63143, 44056, 11343, 102863, 19929, 37940, 27010]"
114751,"[26832, 31621, 78171, 23864, 44873, 39132, 65946, 54368, 22796, 48282]"
114752,"[27254, 9462, 27567, 1738, 61676, 18027, 56481, 75157, 31505, 33123]"
114753,"[23652, 50958, 100321, 82344, 19507, 69524, 5372, 99868, 37057, 85155]"
114754,"[14338, 106576, 37600, 94817, 66347, 38381, 24950, 78489, 59964, 36129]"
114755,"[106623, 65230, 101853, 80622, 77032, 90231, 71023, 18685, 2091, 41866]"
114756,"[5380, 8633, 1086, 72633, 94571, 105767, 97604, 9173, 109099, 60779]"
114757,"[43315, 21246, 7611, 80086, 84890, 101496, 26979, 28520, 58891, 75576]"
114758,"[101288, 69307, 3861, 85791, 35433, 16911, 23252, 38914, 52484, 95957]"
114759,"[15155, 70780, 23587, 65578, 3053, 51270, 72558, 49650, 53947, 62477]"
114760,"[56597, 5490, 4377, 64410, 94617, 88010, 43781, 78500, 88336, 32347]"
114761,"[68698, 85257, 83465, 66465, 64235, 27296, 74599, 63467, 89773, 69446]"
114762,"[39780, 1161, 49919, 85360, 72087, 83922, 47209, 51995, 4149, 16361]"
114763,"[66389, 15637, 25042, 78182, 3565, 29929, 70740, 82675, 98762, 10639]"
114764,"[41754, 4098, 78719, 19911, 12183, 26583, 77035, 32878, 84596, 20613]"
114765,"[66275, 90089, 89373, 7833, 11272, 7262, 63066, 1110, 34750, 105458]"
114766,"[37569, 68328, 45824, 61681, 64716, 1841, 29329, 66207, 43803, 20681]"
114767,"[97523, 42112, 32399, 99056, 104956, 24958, 19107, 55775, 58462, 2294]"
114768,"[103124, 75825, 21330, 79210, 17323, 68118, 50798, 7901, 74053, 54815]"
114769,"[36164, 26292, 55224, 28390, 104130, 1863, 93899, 46531, 32196, 86581]"
114770,"[11733, 41189, 34582, 40407, 86013, 19418, 23201, 85004, 7931, 8959]"
114771,"[31756, 101618, 79717, 57078, 29159, 3887, 47227, 6447, 109309, 86864]"
114772,"[95737, 10167, 102713, 33177, 56272, 9647, 87318, 29427, 72550, 43734]"
114773,"[1337, 86606, 85398, 76851, 52167, 100017, 70486, 11368, 41761, 101873]"
114774,"[17456, 34638, 30338, 20579, 53174, 27134, 94192, 56963, 22351, 9534]"
114775,"[59438, 103, 94004, 67444, 30807, 66163, 24196, 95461, 42032, 40617]"
114776,"[366, 83872, 106338, 83807, 30194, 43236, 105364, 51648, 101012, 9589]"
114777,"[16226, 2498, 13215, 5757, 73978, 104382, 203, 69645, 37344, 14161]"
114778,"[40468, 13035, 5781, 88970, 82183, 104276, 68014, 87896, 4722, 21989]"
114779,"[66642, 97878, 90527, 8860, 92204, 29641, 8877, 89269, 46812, 94972]"
114780,"[50230, 41488, 99685, 18931, 46798, 33260, 16103, 58411, 100201, 52818]"
114781,"[63999, 67820, 15524, 53769, 96407, 100239, 83360, 97146, 4011, 31106]"
114782,"[48338, 16330, 35170, 50253, 82425, 71350, 97560, 108047, 87029, 2507]"
114783,"[100238, 109372, 85496, 36596, 38860, 19630, 42913, 95790, 35541, 87900]"
114784,"[74519, 62581, 50203, 77988, 46137, 10152, 42572, 24102, 51422, 59851]"
114785,"[64329, 41286, 10202, 97259, 53729, 7070, 19653, 7354, 33116, 59997]"
114786,"[37617, 60742, 21615, 24349, 53503, 10106, 56685, 32185, 39212, 39686]"
114787,"[35974, 93892, 5200, 52822, 77798, 22315, 65539, 107449, 38171, 18097]"
114788,"[89427, 59101, 63236, 48750, 91118, 84002, 41724, 90049, 53984, 44647]"
114789,"[49915, 80833, 108135, 69268, 79117, 68822, 97223, 44521, 17291, 49710]"
114790,"[84837, 19696, 36848, 54268, 48560, 54095, 1606, 11085, 82167, 97656]"
114791,"[38265, 25560, 62739, 67836, 84029, 95, 6858, 80566, 22034, 66926]"
114792,"[37885, 22710, 21804, 100266, 60844, 10606, 11769, 53211, 68179, 36778]"
114793,"[24443, 22102, 49509, 67614, 25255, 43527, 95645, 85001, 36548, 20953]"
114794,"[40531, 98555, 84177, 92693, 37630, 68255, 17131, 77355, 3498, 68114]"
114795,"[68629, 89726, 38428, 88122, 21340, 58375, 7121, 10596, 8516, 56279]"
114796,"[95805, 79394, 27821, 52218, 74383, 72830, 109333, 76355, 38093, 79678]"
114797,"[19102, 16991, 19683, 16644, 107080, 75355, 35275, 92686, 45670, 70530]"
114798,"[102607, 94426, 81520, 68137, 72637, 101636, 69468, 60312, 27404, 46764]"
114799,"[47880, 75192, 77036, 49464, 19284, 3281, 35719, 68479, 17689, 24956]"
114800,"[41964, 56481, 32883, 71007, 72494, 65532, 28122, 1738, 61676, 27254]"
114801,"[12592, 95511, 88620, 67422, 56995, 50118, 84575, 25239, 15821, 99193]"
114802,"[23197, 40231, 64823, 108091, 36006, 42465, 24396, 105860, 63292, 8072]"
114803,"[2814, 105119, 153, 92036, 52207, 34808, 78096, 8928, 73919, 35509]"
114804,"[52022, 69163, 109317, 52588, 49005, 60713, 96943, 76662, 46893, 4381]"
114805,"[95943, 87603, 56221, 42527, 109589, 13525, 27020, 45094, 81413, 25430]"
114806,"[91676, 67805, 107167, 7576, 107217, 80589, 14575, 51885, 63106, 103388]"
114807,"[19979, 55203, 52667, 27147, 100193, 38466, 51937, 42205, 22248, 71357]"
114808,"[31101, 40282, 16676, 50358, 66307, 96568, 96682, 9064, 90559, 63824]"
114809,"[87459, 46691, 20476, 106405, 66703, 90540, 73710, 54939, 1559, 83936]"
114810,"[49126, 108274, 108767, 78906, 31506, 74075, 43752, 55682, 37771, 5271]"
114811,"[30435, 94845, 10256, 70288, 61141, 30531, 4198, 25501, 78926, 56603]"
114812,"[83484, 15806, 8063, 11007, 46264, 45991, 63950, 64865, 71123, 70664]"
114813,"[2918, 106243, 100999, 7075, 38773, 96353, 87812, 55525, 46509, 43937]"
114814,"[64631, 75401, 71640, 49083, 103118, 54650, 13073, 84003, 72574, 89631]"
114815,"[70560, 42557, 61641, 35230, 70981, 85576, 7777, 7148, 73400, 24586]"
114816,"[697, 46228, 58856, 98094, 38301, 27186, 90137, 90153, 43982, 67040]"
114817,"[92240, 46672, 60593, 80836, 41615, 26327, 67468, 41497, 36418, 23966]"
114818,"[42490, 29626, 44622, 73999, 5575, 53168, 78310, 50122, 89422, 94233]"
114819,"[15624, 30638, 68195, 74556, 1052, 44713, 85318, 90832, 74872, 104740]"
114820,"[71274, 35563, 8326, 32212, 104540, 54401, 13853, 54308, 81354, 8972]"
114821,"[48669, 106221, 32879, 77324, 98387, 3939, 99369, 54178, 65861, 89940]"
114822,"[36899, 1654, 93196, 83288, 60353, 15999, 2952, 5477, 5851, 104162]"
114823,"[19350, 104824, 71502, 37555, 46753, 59620, 31120, 77865, 14539, 108281]"
114824,"[88429, 58739, 40979, 37234, 106964, 89520, 65139, 97099, 32818, 79760]"
114825,"[91744, 70345, 73794, 8084, 23326, 95427, 10350, 27446, 54223, 44685]"
114826,"[100696, 4274, 14192, 19902, 153, 11407, 83304, 101577, 6714, 26831]"
114827,"[35208, 16004, 99648, 89097, 50419, 74734, 56300, 51305, 5168, 94399]"
114828,"[11225, 101126, 102459, 82351, 17194, 105579, 38918, 33237, 42859, 105299]"
114829,"[89461, 34842, 55206, 17631, 91805, 1015, 80713, 97025, 48191, 30342]"
114830,"[95331, 89909, 71234, 82094, 106337, 89093, 82585, 9872, 68189, 34186]"
114831,"[100743, 52629, 67818, 33399, 59244, 54221, 24658, 27758, 29514, 70972]"
114832,"[93924, 102744, 107599, 72230, 105581, 11975, 50165, 98547, 19105, 23535]"
114833,"[90645, 58779, 42557, 48179, 108388, 53955, 29358, 35230, 820, 8070]"
114834,"[16883, 2324, 30802, 85769, 78704, 8087, 42006, 20591, 93179, 4629]"
114835,"[16580, 60624, 105152, 77202, 64489, 12764, 62001, 29804, 21904, 75080]"
114836,"[79848, 104768, 84758, 20909, 78600, 104724, 17052, 59822, 6177, 90358]"
114837,"[39698, 64423, 37418, 60925, 85024, 49964, 99505, 97647, 46856, 27880]"
114838,"[65612, 68303, 68253, 6322, 46541, 67688, 49056, 89807, 24415, 99254]"
114839,"[7770, 38618, 68092, 43469, 108041, 53717, 68172, 91580, 104881, 109614]"
114840,"[97350, 43660, 88496, 85491, 21515, 41017, 42647, 107837, 19999, 5961]"
114841,"[26848, 36070, 74975, 13082, 52224, 73090, 41956, 14761, 27605, 80625]"
114842,"[102187, 22611, 30391, 86001, 17031, 77105, 58619, 73458, 19523, 95973]"
114843,"[28282, 50612, 24116, 104818, 65340, 6254, 19906, 76638, 90887, 15732]"
114844,"[71375, 41050, 30478, 107012, 51756, 105395, 53103, 84637, 75535, 10043]"
114845,"[16533, 85756, 56416, 14200, 78143, 95847, 71453, 53237, 7677, 84268]"
114846,"[90257, 37408, 88275, 25131, 63042, 104272, 8254, 109554, 73736, 44817]"
114847,"[39945, 2524, 1802, 80545, 108419, 69168, 93576, 47106, 60148, 40716]"
114848,"[14757, 65672, 88759, 8798, 53957, 51330, 25367, 82733, 90173, 61611]"
114849,"[83521, 90111, 68427, 105901, 64672, 16719, 16632, 63090, 65990, 60574]"
114850,"[74600, 86367, 36086, 83584, 84080, 68580, 62387, 58661, 16956, 10110]"
114851,"[109244, 63551, 70080, 36230, 100562, 39145, 68269, 94777, 91210, 16595]"
114852,"[20625, 84985, 55680, 27619, 63216, 77669, 65231, 88100, 60423, 67808]"
114853,"[73601, 55110, 31136, 49172, 20157, 19971, 2129, 21298, 93938, 82244]"
114854,"[1187, 78899, 41626, 42336, 2579, 21795, 108138, 84109, 91809, 54311]"
114855,"[18504, 80085, 100766, 22757, 104116, 5022, 60965, 9711, 48317, 20269]"
114856,"[867, 6658, 58127, 64086, 27031, 61123, 96706, 11366, 73508, 60215]"
114857,"[92773, 33089, 109461, 74496, 21616, 26303, 80310, 71823, 9202, 96156]"
114858,"[66628, 81515, 109172, 5299, 121, 53073, 5010, 38938, 9786, 69566]"
114859,"[60628, 90942, 19196, 737, 6838, 41267, 99071, 48340, 81759, 13790]"
114860,"[74436, 4679, 56054, 53888, 46927, 52368, 23595, 43367, 15439, 53116]"
114861,"[87076, 24882, 5414, 20338, 56413, 68032, 90007, 94381, 37667, 78379]"
114862,"[39087, 63712, 77535, 94747, 68670, 99529, 94143, 5709, 20850, 59566]"
114863,"[42882, 78838, 27159, 37122, 19285, 97589, 68690, 44328, 53143, 86614]"
114864,"[107651, 72777, 45947, 1705, 19771, 46924, 14654, 1169, 50444, 21518]"
114865,"[31739, 53750, 103723, 66910, 53748, 33574, 27635, 38966, 8393, 75226]"
114866,"[91235, 43418, 92207, 24303, 102412, 67774, 10535, 35221, 1379, 107882]"
114867,"[95295, 33694, 16825, 67811, 79444, 58271, 8334, 62560, 48930, 3168]"
114868,"[21126, 21547, 17440, 53948, 99505, 8043, 89505, 106061, 70568, 99607]"
114869,"[46532, 17239, 10478, 104857, 23433, 36419, 14545, 66255, 2115, 68940]"
114870,"[107710, 94465, 51556, 88884, 88891, 109745, 44921, 66006, 10052, 54926]"
114871,"[16204, 83036, 2587, 43560, 36900, 772, 48302, 91282, 42397, 15072]"
114872,"[105668, 66289, 108577, 38991, 68536, 99412, 29112, 71274, 38446, 62263]"
114873,"[78646, 105450, 37433, 45509, 36474, 61827, 76829, 21425, 54491, 107394]"
114874,"[84505, 15249, 93261, 102454, 105441, 15043, 96626, 109272, 3315, 3965]"
114875,"[98909, 42078, 77876, 100947, 88496, 9588, 72850, 66587, 10292, 43383]"
114876,"[89491, 5637, 104284, 35941, 64647, 36610, 7567, 107083, 93747, 43744]"
114877,"[102666, 59226, 97739, 51820, 43789, 61143, 89586, 62090, 32804, 2804]"
114878,"[39936, 296, 72710, 45440, 4506, 104211, 49918, 74966, 89823, 22863]"
114879,"[20909, 17052, 60522, 97385, 70187, 87228, 106816, 2601, 32302, 27037]"
114880,"[91713, 18843, 33064, 53568, 87913, 51018, 26946, 66776, 55782, 87455]"
114881,"[24771, 42110, 30169, 103871, 101486, 93438, 17453, 14033, 16625, 23649]"
114882,"[65560, 26151, 54608, 38801, 23144, 80115, 41929, 40049, 14901, 47569]"
114883,"[75756, 58770, 54527, 102372, 63837, 10973, 19284, 32951, 92955, 36445]"
114884,"[28825, 75871, 4853, 86658, 75632, 47570, 39267, 27207, 84685, 106307]"
114885,"[69821, 104572, 1910, 78717, 68416, 27113, 8862, 65377, 5601, 40841]"
114886,"[67231, 106910, 67409, 79045, 98536, 78597, 57395, 86294, 17836, 91276]"
114887,"[107812, 82295, 66458, 65846, 12922, 914, 18196, 59950, 106450, 101686]"
114888,"[63798, 30711, 58803, 23565, 54602, 57571, 77669, 61712, 78333, 21618]"
114889,"[17251, 38085, 39509, 35345, 42193, 38143, 14364, 17024, 34398, 91415]"
114890,"[19266, 74196, 74720, 57866, 42709, 7961, 105497, 100839, 22047, 5230]"
114891,"[74090, 106449, 53618, 35132, 10644, 47575, 58950, 41626, 100316, 30192]"
114892,"[75793, 40466, 8331, 37614, 67902, 5077, 57443, 61526, 55102, 51467]"
114893,"[52732, 39758, 88628, 87618, 94008, 22142, 55670, 31733, 49312, 99267]"
114894,"[56909, 91456, 7644, 12967, 100231, 464, 109103, 26052, 27626, 61720]"
114895,"[5384, 7390, 7555, 46171, 48365, 48650, 87757, 3614, 13519, 49050]"
114896,"[43505, 101095, 49492, 19317, 101354, 42453, 93896, 80908, 35985, 83469]"
114897,"[48427, 17594, 86487, 11356, 42947, 108068, 106383, 103024, 50578, 64539]"
114898,"[28179, 89481, 1381, 2431, 15735, 85634, 9201, 67158, 26083, 85687]"
114899,"[38384, 62073, 8531, 27763, 23104, 93198, 78331, 49345, 66623, 95581]"
114900,"[72653, 54739, 109039, 32406, 5485, 74117, 61740, 12824, 31926, 16237]"
114901,"[9219, 68059, 75950, 97637, 35563, 75864, 48051, 35685, 81354, 88552]"
114902,"[40881, 46292, 22948, 105727, 4226, 93418, 38750, 41416, 22344, 105218]"
114903,"[95271, 97267, 63392, 75665, 66284, 35739, 12198, 100651, 31661, 2387]"
114904,"[88024, 46991, 83843, 54984, 12561, 46366, 12760, 105810, 94033, 5354]"
114905,"[32395, 18810, 13672, 48871, 109340, 101040, 68882, 25288, 22930, 88874]"
114906,"[52280, 56479, 36839, 88254, 9369, 3042, 89159, 103786, 74113, 93481]"
114907,"[43366, 33449, 289, 98750, 104151, 36378, 14660, 101613, 87864, 72646]"
114908,"[11853, 68024, 65369, 25235, 72568, 64113, 18754, 49880, 55996, 71451]"
114909,"[41518, 15240, 65725, 38671, 23155, 54951, 106756, 20153, 63741, 59298]"
114910,"[23522, 19786, 36763, 102893, 46976, 44961, 16741, 1813, 17673, 9020]"
114911,"[92285, 74259, 19619, 3036, 47410, 88349, 89187, 17390, 23866, 9548]"
114912,"[82383, 89678, 39700, 82841, 67365, 92718, 100510, 96362, 108571, 89671]"
114913,"[31815, 31811, 2387, 100834, 49025, 27883, 31661, 96641, 23012, 54992]"
114914,"[97523, 42112, 92706, 88072, 43345, 19107, 104956, 74236, 55775, 58462]"
114915,"[1179, 11576, 6207, 1576, 25245, 6320, 67731, 66361, 10764, 4878]"
114916,"[88884, 44921, 51556, 88891, 107710, 53245, 102404, 94465, 109745, 28167]"
114917,"[108412, 74815, 52190, 43721, 57033, 39691, 31119, 7027, 74867, 90099]"
114918,"[84377, 91688, 30505, 42125, 16177, 80420, 10397, 96534, 33310, 47622]"
114919,"[32675, 33048, 26247, 24359, 4171, 47940, 83774, 43559, 24831, 17705]"
114920,"[92812, 37505, 87648, 32189, 26199, 100920, 720, 50202, 44546, 101123]"
114921,"[53812, 22065, 68773, 66581, 18553, 58681, 32503, 62545, 75002, 104157]"
114922,"[50382, 75489, 46275, 30571, 14795, 40877, 83542, 94610, 83421, 71800]"
114923,"[98833, 75897, 37660, 12832, 35796, 104142, 100041, 541, 79753, 7055]"
114924,"[63653, 97554, 14624, 54303, 7011, 68302, 14400, 93752, 76532, 14670]"
114925,"[88312, 27218, 57772, 106978, 57160, 26581, 31141, 38944, 32274, 29832]"
114926,"[18211, 36826, 89341, 72698, 31338, 85458, 80453, 78930, 89392, 83833]"
114927,"[76217, 2708, 65962, 72401, 41349, 73183, 64611, 68591, 15483, 107907]"
114928,"[98839, 103457, 27903, 38958, 77256, 108876, 61179, 107299, 81206, 13205]"
114929,"[95462, 19529, 68081, 89626, 19849, 51581, 42981, 15731, 106573, 104876]"
114930,"[109741, 64367, 76620, 52631, 90711, 16495, 84778, 18287, 68837, 28851]"
114931,"[83944, 25735, 96613, 105605, 42245, 45389, 104675, 61509, 18779, 83416]"
114932,"[31140, 53373, 21776, 109589, 27980, 57564, 82486, 10968, 75869, 103153]"
114933,"[38545, 10387, 33997, 51323, 70295, 44630, 53470, 91028, 34315, 35366]"
114934,"[21686, 70731, 33512, 60722, 38475, 69832, 18900, 13244, 38560, 18980]"
114935,"[10150, 104564, 58566, 24362, 53039, 94685, 79270, 93548, 105200, 9034]"
114936,"[46431, 68608, 99082, 95269, 3614, 44162, 41642, 28610, 98849, 66356]"
114937,"[30687, 42444, 51482, 65220, 90140, 84600, 44089, 77357, 100971, 98447]"
114938,"[99793, 50426, 46960, 33769, 41399, 101561, 48515, 34617, 7631, 103653]"
114939,"[53590, 109267, 85337, 73722, 102173, 18277, 61695, 104560, 47228, 14412]"
114940,"[90179, 23030, 22390, 70260, 63416, 3711, 26290, 86733, 85705, 9543]"
114941,"[101145, 44059, 104236, 2888, 12024, 14312, 63296, 51292, 55628, 47348]"
114942,"[49818, 83543, 18045, 27929, 83318, 83378, 95137, 94279, 47010, 44639]"
114943,"[26903, 89486, 54183, 70979, 28826, 51518, 99817, 8533, 36292, 34419]"
114944,"[20388, 34771, 14426, 102707, 19820, 103442, 67787, 30753, 38310, 40875]"
114945,"[3031, 50201, 59757, 104491, 77868, 54155, 28423, 6449, 25765, 73204]"
114946,"[74510, 93541, 71291, 39939, 27087, 97657, 88770, 24096, 65826, 44248]"
114947,"[24799, 77030, 59530, 26210, 74888, 50253, 61308, 59906, 99019, 100810]"
114948,"[81199, 99636, 13774, 93432, 67326, 5183, 48650, 42207, 87353, 13519]"
114949,"[28446, 77806, 16384, 16463, 13350, 93389, 69804, 30022, 64997, 97831]"
114950,"[25558, 92229, 54461, 45770, 65225, 38163, 80398, 91143, 72210, 1877]"
114951,"[30537, 71079, 937, 72447, 99801, 80475, 109397, 58886, 44832, 98957]"
114952,"[102075, 23722, 57813, 36083, 17922, 6705, 52108, 76581, 65437, 77748]"
114953,"[75383, 50943, 106968, 79221, 52394, 93276, 77945, 34874, 46892, 17422]"
114954,"[82833, 42730, 8318, 75710, 16714, 9473, 39891, 107715, 21849, 84937]"
114955,"[40747, 43426, 7912, 98949, 60053, 70030, 8796, 98412, 84590, 11278]"
114956,"[94616, 78104, 17536, 82977, 58565, 6778, 103959, 60568, 3195, 60232]"
114957,"[75202, 35549, 64926, 11928, 3961, 76369, 29886, 19801, 63047, 68857]"
114958,"[87991, 53036, 950, 14579, 109113, 10943, 103692, 101652, 36016, 30359]"
114959,"[60747, 67782, 16470, 91025, 23304, 7724, 96205, 104303, 103103, 9880]"
114960,"[90807, 47075, 82269, 30832, 25595, 40262, 86216, 6356, 9214, 102405]"
114961,"[6847, 5755, 57237, 17139, 44266, 50223, 8432, 73775, 84578, 102415]"
114962,"[34894, 91664, 16152, 87280, 75501, 2367, 18725, 71025, 107983, 49923]"
114963,"[59145, 47369, 84093, 40039, 25577, 11480, 28309, 42864, 86636, 106163]"
114964,"[6982, 70498, 86315, 16349, 75802, 30586, 89963, 61658, 93919, 55727]"
114965,"[68539, 53722, 99854, 102366, 34590, 29851, 8865, 15264, 33945, 107797]"
114966,"[17380, 57981, 47198, 83819, 21723, 29775, 36082, 36463, 79392, 79247]"
114967,"[38691, 53062, 24195, 51746, 26610, 21489, 16621, 21666, 69, 82538]"
114968,"[74435, 35060, 77474, 78787, 39291, 77740, 35257, 46702, 58395, 47819]"
114969,"[30700, 55109, 74299, 30427, 108808, 47562, 73506, 15269, 99124, 20598]"
114970,"[16122, 50154, 32537, 8405, 2386, 100073, 22254, 59290, 45360, 18519]"
114971,"[106569, 40186, 93882, 89815, 81806, 77267, 6741, 22271, 86065, 83357]"
114972,"[67122, 106604, 30141, 81783, 98403, 4244, 14604, 88870, 56005, 13737]"
114973,"[11444, 18280, 79544, 47631, 60752, 75447, 24634, 43565, 70168, 8047]"
114974,"[17220, 72056, 38219, 108896, 45303, 86443, 24017, 66729, 95857, 16864]"
114975,"[81105, 46512, 103053, 20504, 14543, 71745, 51426, 99963, 101356, 109067]"
114976,"[66073, 106714, 97606, 25626, 102147, 103997, 57256, 44412, 10498, 817]"
114977,"[50136, 72836, 37951, 73195, 23328, 102410, 46340, 70670, 17097, 67966]"
114978,"[68353, 13506, 56105, 68594, 109014, 87047, 56094, 8897, 6511, 69011]"
114979,"[101029, 11143, 82712, 19989, 76462, 57140, 6649, 67179, 93501, 108842]"
114980,"[5912, 20216, 26040, 57399, 104586, 101902, 39565, 95203, 83728, 44937]"
114981,"[2996, 45251, 88004, 96937, 17642, 28699, 86661, 29758, 76814, 40804]"
114982,"[85667, 59993, 99118, 25138, 102561, 54157, 104199, 99903, 101591, 60826]"
114983,"[57711, 50760, 103104, 41846, 58814, 6435, 1711, 28572, 107303, 14891]"
114984,"[988, 74788, 101542, 47210, 73893, 76600, 24156, 30703, 109649, 2321]"
114985,"[97959, 48386, 56834, 15791, 48060, 85995, 70088, 51144, 16011, 75666]"
114986,"[104067, 5985, 61769, 106344, 3854, 55615, 100121, 42076, 61701, 27938]"
114987,"[13088, 40026, 55024, 74146, 99430, 101644, 61801, 3784, 71513, 7347]"
114988,"[101209, 58653, 42007, 23332, 72468, 101349, 100036, 13483, 98526, 90131]"
114989,"[72913, 40435, 13998, 56150, 37797, 26195, 19117, 10924, 76635, 59889]"
114990,"[32739, 73565, 37496, 43861, 5180, 64168, 2890, 84111, 24426, 23578]"
114991,"[38362, 107375, 31215, 2304, 74604, 23498, 13256, 52128, 57294, 94821]"
114992,"[99016, 101002, 24164, 48639, 51658, 52470, 66994, 36311, 44959, 1050]"
114993,"[32608, 96672, 84398, 29092, 52960, 31682, 43880, 50717, 99050, 89499]"
114994,"[14900, 1695, 24355, 74195, 34362, 85498, 88923, 103986, 83672, 70052]"
114995,"[59030, 106479, 38219, 36812, 691, 37363, 45303, 88445, 96678, 60187]"
114996,"[11648, 15461, 724, 102520, 87407, 41222, 94857, 58367, 80456, 25705]"
114997,"[82058, 66580, 9222, 87388, 43967, 869, 48507, 77101, 80371, 6800]"
114998,"[98766, 48991, 108662, 27612, 76416, 22201, 41179, 45517, 105185, 82640]"
114999,"[62438, 44644, 66537, 58022, 8196, 18750, 21814, 38600, 71192, 15449]"
115000,"[101811, 32888, 68535, 437, 106667, 87126, 58027, 94851, 58752, 62944]"
115001,"[1524, 54283, 106130, 103472, 5551, 89331, 63626, 105319, 61439, 103872]"
115002,"[35197, 81025, 73648, 5519, 30750, 87379, 83055, 20602, 78665, 56706]"
115003,"[35956, 25290, 23203, 91394, 14185, 91413, 63222, 34406, 27837, 42033]"
115004,"[76308, 6526, 100528, 20210, 16618, 73336, 11960, 34082, 93145, 107135]"
115005,"[86513, 18761, 91697, 35561, 102523, 99025, 12281, 92739, 92735, 34570]"
115006,"[96042, 33858, 84814, 107828, 6254, 74813, 101198, 40057, 48809, 41967]"
115007,"[53596, 90726, 49586, 59269, 84106, 47079, 11523, 55391, 52353, 37206]"
115008,"[19239, 9416, 11092, 3522, 4735, 7883, 43615, 37832, 9489, 51753]"
115009,"[23359, 56742, 72216, 23904, 95968, 91333, 90446, 61192, 95634, 59284]"
115010,"[16997, 36135, 97970, 45217, 19813, 63625, 76925, 74900, 1371, 56609]"
115011,"[27122, 59761, 4069, 54913, 95750, 27811, 97856, 33244, 29074, 64648]"
115012,"[36229, 83784, 87139, 32319, 38422, 103605, 74174, 108170, 9833, 1620]"
115013,"[71531, 35725, 38828, 102575, 78288, 13090, 49828, 18217, 101933, 96256]"
115014,"[72443, 16352, 63867, 56065, 75375, 17666, 82769, 41036, 50326, 109771]"
115015,"[73000, 61980, 44218, 60705, 98855, 18085, 45758, 87894, 70426, 24871]"
115016,"[43721, 31119, 7157, 21633, 53847, 89715, 105463, 82838, 65670, 29299]"
115017,"[104536, 18958, 26056, 49327, 14936, 64188, 48175, 19975, 72807, 67818]"
115018,"[36697, 93190, 17606, 71643, 58329, 54622, 50494, 66996, 67142, 19063]"
115019,"[47102, 105086, 37817, 75796, 5240, 64193, 13989, 103883, 74419, 89611]"
115020,"[44617, 22536, 78316, 8217, 50697, 42799, 10602, 55944, 99897, 74794]"
115021,"[46075, 14304, 6103, 88750, 96725, 53940, 101044, 95142, 74332, 92509]"
115022,"[70123, 51479, 84445, 63300, 90395, 25767, 52785, 60636, 39090, 20994]"
115023,"[36117, 87465, 15286, 77123, 11931, 33336, 53593, 6942, 9648, 92841]"
115024,"[38010, 63620, 90706, 27361, 37791, 76450, 46086, 71194, 15334, 11494]"
115025,"[36702, 22936, 7662, 50177, 29618, 90834, 81780, 22607, 34846, 36369]"
115026,"[66284, 93881, 66103, 77846, 67609, 14115, 20515, 85516, 44459, 5544]"
115027,"[76244, 58243, 50614, 108246, 72552, 37896, 9907, 27193, 102194, 102852]"
115028,"[98131, 46562, 88806, 92870, 38470, 46043, 41496, 12027, 73792, 93033]"
115029,"[17204, 46411, 17110, 40375, 63156, 61792, 86317, 40786, 7119, 12772]"
115030,"[46751, 107703, 1074, 50148, 86746, 23607, 23703, 89765, 21008, 49863]"
115031,"[10506, 57169, 68514, 44847, 93315, 63481, 3023, 102995, 94285, 18693]"
115032,"[54469, 36157, 49869, 34108, 11625, 76696, 74057, 22280, 39648, 81892]"
115033,"[12081, 81206, 13205, 98839, 103457, 27058, 27903, 38958, 102561, 60826]"
115034,"[101348, 79255, 37243, 104646, 23200, 776, 49454, 3120, 93909, 71990]"
115035,"[17515, 62073, 15618, 96902, 107811, 21394, 5289, 12652, 98002, 23104]"
115036,"[65920, 81501, 91997, 74048, 83903, 62402, 72960, 41548, 40931, 41066]"
115037,"[51891, 96033, 24331, 62763, 32239, 72351, 67549, 107942, 39906, 105554]"
115038,"[72409, 18636, 95649, 4003, 105071, 102954, 55028, 51142, 17624, 52505]"
115039,"[96250, 43260, 44449, 46232, 38785, 20354, 43208, 90670, 73019, 6645]"
115040,"[5430, 55228, 105339, 71653, 23694, 67662, 20114, 47273, 28711, 49778]"
115041,"[88966, 20345, 64027, 59139, 96533, 63615, 104413, 5392, 38809, 105649]"
115042,"[91195, 65486, 8085, 83492, 26526, 98189, 109611, 95081, 63051, 25847]"
115043,"[5654, 90771, 59010, 11826, 89788, 106973, 22206, 29486, 39271, 15353]"
115044,"[46265, 54054, 30150, 34252, 70062, 67952, 104779, 88375, 9036, 33025]"
115045,"[88566, 34462, 37993, 1344, 75506, 21651, 71547, 24863, 14947, 67306]"
115046,"[74354, 892, 96963, 91377, 30001, 61277, 93850, 103326, 75739, 32627]"
115047,"[101330, 29380, 70164, 18023, 35622, 104066, 5637, 94918, 106615, 43796]"
115048,"[43133, 42901, 43408, 29877, 62737, 76914, 98283, 67119, 87916, 30791]"
115049,"[28923, 39426, 86583, 75493, 97098, 55228, 91562, 40400, 85224, 28711]"
115050,"[103406, 36903, 43713, 87478, 57129, 47532, 35061, 25644, 13365, 46618]"
115051,"[108718, 73540, 62370, 48047, 102280, 22575, 1382, 56972, 7483, 37788]"
115052,"[83172, 93473, 96820, 61890, 3670, 66306, 52224, 69236, 14879, 59824]"
115053,"[39717, 95910, 25160, 42884, 81357, 100428, 56423, 21686, 11222, 63963]"
115054,"[46439, 33756, 69254, 84716, 86070, 8252, 88594, 64017, 99766, 104075]"
115055,"[109514, 27442, 99588, 2977, 100638, 254, 63223, 22269, 30018, 79253]"
115056,"[45004, 52921, 79313, 107762, 32731, 106727, 60746, 57224, 55153, 79980]"
115057,"[57485, 43815, 58917, 98831, 104817, 55034, 37845, 57486, 102524, 37143]"
115058,"[75520, 47158, 29990, 92385, 62532, 47002, 45229, 38201, 89844, 15902]"
115059,"[13081, 4448, 2262, 13843, 10041, 4272, 83694, 108916, 73525, 6481]"
115060,"[49564, 59047, 17845, 66487, 53572, 58150, 72151, 72406, 91769, 32831]"
115061,"[11077, 53582, 5163, 15522, 69271, 56427, 85506, 50955, 16600, 24545]"
115062,"[12938, 44488, 108415, 36821, 39809, 84219, 77326, 77142, 64585, 53322]"
115063,"[61094, 94535, 15763, 29640, 100446, 30203, 75604, 97986, 85221, 47844]"
115064,"[92523, 98162, 2723, 30855, 47638, 93823, 1974, 43715, 99474, 67524]"
115065,"[36789, 68894, 39764, 64659, 75524, 24741, 23407, 33674, 2227, 1141]"
115066,"[34088, 38009, 13494, 22453, 74915, 5798, 77057, 94723, 3562, 19374]"
115067,"[81669, 89759, 15201, 42987, 56491, 50323, 109245, 50584, 77628, 46637]"
115068,"[41877, 92639, 71575, 43481, 66860, 39003, 64501, 10050, 33423, 86541]"
115069,"[89706, 72902, 52028, 41611, 94588, 100599, 68645, 7649, 83527, 6213]"
115070,"[107925, 70294, 13683, 70178, 35797, 86084, 83163, 47274, 77251, 29701]"
115071,"[92931, 38600, 44644, 62438, 42582, 39099, 62963, 78114, 69170, 65343]"
115072,"[53275, 27391, 109646, 51301, 4863, 2148, 38112, 33217, 10364, 15923]"
115073,"[78986, 94449, 29232, 85490, 13705, 331, 46039, 6818, 18749, 86811]"
115074,"[65587, 91239, 31849, 44199, 22704, 81766, 37484, 24722, 27452, 108848]"
115075,"[26625, 21762, 37594, 75503, 62076, 86586, 98022, 87753, 81334, 21736]"
115076,"[2697, 29552, 72017, 107619, 5851, 14294, 9509, 38350, 32535, 56984]"
115077,"[82450, 89284, 66782, 23273, 68026, 24307, 67331, 62417, 68019, 12438]"
115078,"[6313, 97836, 61952, 38638, 24151, 96386, 79031, 41482, 40613, 45326]"
115079,"[93459, 92239, 85362, 66804, 74509, 88671, 46608, 41378, 57665, 26931]"
115080,"[29884, 77240, 77867, 105910, 72873, 57222, 17806, 36000, 82053, 104964]"
115081,"[26776, 61609, 87001, 57307, 90589, 67919, 55415, 49246, 104906, 77484]"
115082,"[29626, 12875, 4378, 53168, 54084, 108495, 40263, 33919, 44622, 78915]"
115083,"[97329, 85531, 85126, 63490, 13696, 10881, 72209, 21117, 51431, 30546]"
115084,"[98944, 38360, 39347, 1177, 4605, 105823, 84311, 76030, 66613, 54725]"
115085,"[13838, 6975, 15162, 33813, 78884, 30186, 74648, 8239, 39490, 77581]"
115086,"[91309, 1919, 42290, 69844, 3239, 75490, 106859, 44456, 37622, 59942]"
115087,"[102487, 53020, 19287, 33977, 6781, 107182, 615, 41848, 77931, 14114]"
115088,"[25027, 52099, 54770, 34935, 7024, 24363, 31871, 62976, 95618, 13841]"
115089,"[27144, 18264, 105863, 29384, 45828, 32557, 107380, 46407, 58509, 14729]"
115090,"[23141, 109447, 41989, 6775, 44894, 42450, 79481, 108118, 55091, 12051]"
115091,"[92163, 104857, 72648, 54903, 17239, 36419, 23433, 68272, 58959, 46532]"
115092,"[65432, 82523, 99187, 92081, 72652, 102539, 44982, 84034, 39910, 16929]"
115093,"[35913, 62434, 101248, 101021, 22884, 14703, 81072, 96547, 39056, 93197]"
115094,"[5979, 75892, 1176, 59917, 107855, 92632, 16186, 41653, 25068, 46562]"
115095,"[75032, 101184, 33698, 12961, 79434, 8315, 74393, 27639, 5369, 91207]"
115096,"[11817, 87817, 73449, 5625, 57211, 25146, 97544, 67154, 103156, 84388]"
115097,"[73733, 80645, 23761, 90747, 70516, 32574, 23511, 67482, 79160, 22585]"
115098,"[21834, 56914, 33600, 10921, 109043, 15651, 106526, 21867, 106221, 36]"
115099,"[54793, 8821, 17006, 59445, 68993, 36896, 10367, 90633, 74817, 62706]"
115100,"[88813, 4966, 98984, 74071, 85875, 91020, 11137, 27497, 37958, 54855]"
115101,"[107128, 57407, 68337, 4449, 19167, 1557, 38830, 23801, 5774, 99721]"
115102,"[23439, 81528, 43162, 35800, 32856, 62406, 72585, 74436, 77000, 42370]"
115103,"[94812, 86901, 87195, 70806, 18086, 20858, 19690, 45012, 108206, 37495]"
115104,"[22746, 45903, 89352, 32785, 67876, 78535, 107961, 44197, 54028, 57875]"
115105,"[45273, 89169, 1688, 1207, 108891, 60975, 11725, 39668, 97108, 55810]"
115106,"[49892, 94068, 68321, 25739, 18620, 13597, 106547, 42966, 97390, 16248]"
115107,"[39971, 57846, 18617, 34479, 13943, 9642, 51047, 13967, 40303, 77858]"
115108,"[27687, 26298, 28623, 64768, 75460, 15046, 44497, 34701, 85418, 48181]"
115109,"[95719, 88585, 106903, 16211, 12061, 27646, 71141, 87190, 38773, 103672]"
115110,"[50472, 74912, 17134, 75397, 77830, 22168, 18329, 107398, 104926, 52749]"
115111,"[75430, 3868, 61303, 56977, 2038, 77719, 47212, 23400, 48103, 66233]"
115112,"[39933, 36191, 41927, 137, 51741, 90995, 76684, 74691, 68944, 13772]"
115113,"[7718, 94001, 61706, 66528, 51570, 80034, 16786, 20991, 26134, 10575]"
115114,"[77338, 30118, 12611, 52958, 29771, 13101, 70412, 61647, 51653, 74660]"
115115,"[21790, 38062, 88783, 73686, 30409, 84128, 89088, 37619, 50370, 87094]"
115116,"[38353, 77426, 25153, 45700, 71572, 81032, 67015, 77489, 79350, 17901]"
115117,"[15041, 61204, 46527, 54451, 12183, 83826, 47915, 85554, 4564, 23755]"
115118,"[69863, 26882, 85438, 89566, 109342, 63760, 44013, 56256, 83100, 7047]"
115119,"[30746, 361, 30246, 24115, 76499, 107533, 44169, 11187, 66815, 6892]"
115120,"[105869, 90278, 85588, 30873, 47256, 13211, 73967, 48670, 52635, 72490]"
115121,"[64700, 19853, 5788, 88648, 83950, 18055, 92118, 84259, 31374, 87470]"
115122,"[47921, 42436, 29487, 4237, 29692, 13156, 63492, 66539, 31728, 68677]"
115123,"[51357, 88606, 103130, 20579, 34638, 53174, 27134, 9534, 94192, 37046]"
115124,"[103120, 71156, 21243, 43814, 3827, 32058, 105087, 30849, 58118, 2362]"
115125,"[9048, 2688, 71333, 74421, 96516, 22896, 20325, 95219, 53271, 13728]"
115126,"[42243, 29775, 49121, 83819, 71465, 14444, 38217, 12374, 99838, 25826]"
115127,"[66573, 108246, 50614, 102852, 5964, 72809, 77692, 24479, 72552, 64159]"
115128,"[43993, 195, 30712, 99990, 18101, 107441, 28230, 41205, 78582, 38185]"
115129,"[77348, 47917, 97255, 107971, 61639, 101753, 86006, 41017, 42647, 88973]"
115130,"[18491, 38417, 71001, 27432, 15076, 108666, 31709, 84566, 25079, 71362]"
115131,"[37052, 23646, 71654, 16083, 26160, 18839, 41537, 16809, 1798, 88138]"
115132,"[69826, 55462, 51969, 74364, 7980, 47087, 92094, 32912, 56332, 101641]"
115133,"[92550, 22675, 94669, 106718, 35109, 63352, 78416, 108329, 56807, 67575]"
115134,"[72293, 108355, 53882, 24017, 16610, 80755, 88851, 75449, 73836, 91750]"
115135,"[8041, 30319, 67157, 35917, 55168, 63062, 109475, 43735, 32620, 98781]"
115136,"[5199, 82038, 52289, 30651, 53584, 78099, 57112, 19886, 93943, 71881]"
115137,"[109173, 39857, 100880, 80841, 6161, 35376, 27066, 70641, 102990, 45797]"
115138,"[79358, 33860, 52076, 93363, 84170, 43677, 72788, 72144, 35540, 71133]"
115139,"[22352, 100468, 5666, 62459, 49051, 17903, 89838, 54101, 100413, 23579]"
115140,"[6130, 47938, 2353, 65462, 47123, 75176, 63470, 95352, 101900, 81773]"
115141,"[88460, 52333, 95766, 64597, 44543, 26898, 62441, 85037, 108572, 63336]"
115142,"[73618, 70363, 95491, 25143, 82564, 54458, 16816, 29205, 70301, 80092]"
115143,"[59129, 7446, 5833, 14980, 103169, 79577, 21672, 90269, 100018, 34409]"
115144,"[73621, 63611, 4363, 14139, 88227, 98591, 54813, 57469, 67779, 103822]"
115145,"[105529, 22759, 92500, 37514, 53483, 45629, 15914, 34038, 33197, 73922]"
115146,"[65003, 55167, 3504, 66772, 61899, 52208, 8431, 4721, 97268, 35569]"
115147,"[69558, 101067, 99807, 54987, 40917, 25352, 53607, 97271, 93497, 91968]"
115148,"[51119, 63246, 15962, 107487, 31783, 57554, 93392, 79110, 85639, 77831]"
115149,"[300, 80554, 52902, 59367, 27930, 66175, 27969, 53263, 22359, 108216]"
115150,"[16408, 79030, 25599, 33185, 18932, 13839, 20672, 7124, 54188, 31473]"
115151,"[61435, 70695, 81532, 93221, 38892, 7417, 20169, 39946, 63456, 92005]"
115152,"[47716, 73391, 31445, 55303, 47926, 44991, 5265, 101970, 28375, 105043]"
115153,"[63203, 19024, 104234, 2108, 77230, 28351, 48120, 42509, 102106, 86443]"
115154,"[71903, 32520, 83721, 15227, 107329, 40374, 70798, 50058, 94326, 90537]"
115155,"[31833, 58015, 50422, 22613, 24553, 91186, 69751, 102788, 80108, 89840]"
115156,"[86767, 25615, 89542, 23169, 97285, 65899, 61599, 22306, 63793, 5898]"
115157,"[106084, 70249, 74267, 96350, 105716, 44698, 40897, 72334, 87992, 95357]"
115158,"[34313, 71112, 23497, 45844, 13211, 23194, 73964, 109089, 108711, 72924]"
115159,"[59930, 75568, 24016, 108527, 88123, 25828, 59738, 104019, 93296, 73516]"
115160,"[60117, 11574, 59087, 84216, 74097, 19774, 42807, 43602, 53079, 107988]"
115161,"[26925, 28894, 92341, 10486, 57182, 70613, 95403, 65689, 21318, 7996]"
115162,"[36409, 45422, 67571, 108915, 23056, 100918, 39518, 74717, 28738, 79812]"
115163,"[26819, 25604, 88776, 36743, 64358, 72343, 36293, 16788, 80543, 7604]"
115164,"[79826, 5987, 90334, 58289, 33234, 5719, 94322, 89268, 2617, 102599]"
115165,"[61745, 12929, 65701, 38377, 79367, 52645, 54001, 37680, 65397, 4660]"
115166,"[55910, 24382, 42252, 18311, 64483, 98358, 43246, 66551, 57343, 10161]"
115167,"[43204, 99602, 57273, 3892, 4955, 7622, 87368, 94317, 44102, 34713]"
115168,"[54227, 91553, 67273, 25676, 9452, 34381, 7036, 40622, 104918, 61142]"
115169,"[89239, 37982, 99303, 84818, 67256, 57918, 47953, 25536, 76460, 84173]"
115170,"[68218, 108316, 8936, 43081, 8518, 81688, 46767, 11219, 70523, 30055]"
115171,"[72403, 771, 72925, 93707, 67188, 94836, 68437, 57658, 43600, 21154]"
115172,"[9714, 108924, 91441, 24358, 14480, 821, 70511, 10390, 62718, 98904]"
115173,"[71622, 65327, 39676, 53534, 60962, 68013, 29748, 49505, 30771, 87862]"
115174,"[45486, 103534, 67568, 86293, 109131, 106171, 1522, 23403, 51776, 14205]"
115175,"[12857, 25315, 104559, 67097, 86560, 90593, 3948, 70889, 28748, 59234]"
115176,"[108662, 22519, 70586, 63254, 105185, 33902, 103067, 104894, 21494, 7409]"
115177,"[23869, 92788, 41524, 23351, 42403, 61745, 4660, 65397, 109476, 16806]"
115178,"[3038, 17376, 82752, 16500, 18309, 14634, 37697, 102657, 28731, 106470]"
115179,"[45483, 12826, 46387, 43828, 36433, 33088, 7420, 89120, 89481, 45416]"
115180,"[92261, 91017, 10152, 77023, 106313, 6467, 56836, 2713, 99216, 36695]"
115181,"[26171, 2081, 96940, 67019, 42721, 37003, 5863, 27773, 94436, 61661]"
115182,"[9380, 10691, 41456, 59284, 9048, 95634, 61192, 59292, 29583, 23514]"
115183,"[60782, 98048, 109139, 87899, 96028, 23975, 108591, 64917, 36019, 13891]"
115184,"[94997, 5195, 34062, 51320, 105709, 31735, 102801, 79051, 79261, 87302]"
115185,"[84878, 6346, 69583, 28593, 87303, 102547, 82486, 17407, 99413, 49304]"
115186,"[43720, 12115, 79811, 12125, 63727, 82947, 86488, 78416, 29732, 85673]"
115187,"[9573, 58099, 87569, 82565, 31128, 88851, 8794, 98988, 38279, 34746]"
115188,"[6133, 49427, 105265, 4726, 63853, 16925, 61052, 97915, 38368, 41936]"
115189,"[23615, 40661, 60438, 55694, 95931, 56994, 1323, 77315, 91264, 105352]"
115190,"[50686, 29418, 70933, 104975, 43878, 60823, 42701, 92443, 44642, 46105]"
115191,"[73007, 8271, 22714, 41724, 44647, 49605, 32449, 89718, 63236, 64763]"
115192,"[27433, 34246, 26454, 56719, 90299, 77577, 50113, 4414, 50402, 64791]"
115193,"[70010, 78198, 7627, 81146, 107756, 76080, 85589, 5664, 25481, 51372]"
115194,"[66412, 95085, 24238, 45806, 90151, 75776, 17165, 67895, 12928, 66298]"
115195,"[26616, 82384, 82252, 360, 79866, 87769, 74834, 49442, 72226, 61942]"
115196,"[92473, 38424, 56750, 61282, 49406, 77117, 50264, 59175, 55484, 102789]"
115197,"[89429, 10677, 67337, 82457, 101252, 16425, 49565, 10762, 26176, 75314]"
115198,"[31233, 23999, 42351, 1509, 19146, 1537, 77620, 19445, 26153, 8457]"
115199,"[44113, 21410, 11916, 14833, 78252, 74842, 6760, 22695, 49357, 99460]"
115200,"[98589, 51330, 18873, 4686, 6830, 69240, 72249, 41780, 33633, 91560]"
115201,"[109413, 21450, 22117, 23183, 2776, 35287, 93844, 97704, 67168, 32607]"
115202,"[104229, 46992, 63306, 40277, 33321, 94806, 84591, 33571, 77854, 86918]"
115203,"[82118, 32645, 39228, 27743, 81337, 18611, 13712, 53908, 38328, 30694]"
115204,"[13258, 38525, 85478, 81240, 1990, 79606, 90780, 30614, 55986, 32751]"
115205,"[102418, 76977, 93506, 86889, 26237, 28036, 100091, 69487, 70796, 27336]"
115206,"[68328, 20279, 5131, 96248, 96790, 63787, 77694, 37515, 60440, 77682]"
115207,"[46668, 30291, 65176, 27286, 76059, 31406, 104580, 83138, 23063, 15460]"
115208,"[103373, 43246, 102441, 32109, 57343, 107020, 3980, 105157, 45003, 101445]"
115209,"[5226, 49361, 86717, 24668, 70320, 101600, 734, 107169, 23832, 98080]"
115210,"[68414, 62562, 68031, 86694, 12951, 3429, 101898, 7045, 51650, 77077]"
115211,"[21473, 93399, 62136, 35171, 65263, 51871, 4871, 42632, 93955, 46471]"
115212,"[86218, 102896, 82038, 73528, 63111, 18477, 106871, 15204, 76848, 79643]"
115213,"[54374, 42519, 52072, 6729, 15424, 3613, 10200, 35899, 87196, 93408]"
115214,"[27355, 48574, 35824, 50599, 88486, 69119, 9079, 96702, 19957, 8180]"
115215,"[87976, 78840, 60131, 70740, 80242, 61114, 36934, 22975, 99810, 41515]"
115216,"[81066, 84708, 25206, 43349, 59332, 94945, 70955, 53598, 66745, 107688]"
115217,"[77833, 64774, 59107, 101176, 70476, 83809, 76653, 45568, 105460, 99300]"
115218,"[38668, 36387, 88140, 24699, 22778, 794, 102439, 94197, 59868, 59246]"
115219,"[25520, 2080, 64494, 2033, 39987, 39889, 2463, 62097, 29341, 25664]"
115220,"[56200, 35251, 10949, 61903, 104736, 75176, 13571, 98551, 33879, 82023]"
115221,"[37341, 61741, 57750, 94755, 101871, 88636, 445, 13265, 102276, 105043]"
115222,"[245, 62810, 98471, 23354, 45565, 54020, 64005, 8134, 84354, 64235]"
115223,"[5610, 3820, 95589, 66220, 78917, 108600, 54561, 76011, 79024, 1608]"
115224,"[95820, 71616, 6074, 26502, 87881, 48190, 7964, 41106, 57313, 29547]"
115225,"[17028, 94969, 79596, 106174, 59024, 25428, 105397, 85730, 105885, 54150]"
115226,"[6288, 80890, 50678, 106720, 77226, 106842, 19456, 5859, 4126, 23919]"
115227,"[23512, 104405, 102736, 91875, 64771, 6052, 44848, 78802, 107531, 54734]"
115228,"[37201, 17692, 26626, 79378, 99410, 91919, 19380, 81925, 76466, 20286]"
115229,"[56668, 55823, 108041, 43469, 14148, 76237, 95342, 7770, 5469, 38618]"
115230,"[61445, 84049, 39425, 10044, 27301, 42928, 29481, 69562, 76314, 88364]"
115231,"[9024, 28869, 49408, 9479, 36912, 40530, 107322, 38082, 28058, 38841]"
115232,"[25369, 94981, 106255, 9530, 106636, 95322, 64321, 36729, 49950, 49632]"
115233,"[45337, 106550, 49365, 102967, 99465, 24058, 85140, 79458, 79275, 71515]"
115234,"[52389, 59923, 80271, 63407, 50152, 88084, 49860, 40160, 18231, 44115]"
115235,"[99646, 101681, 1115, 96957, 103641, 41603, 81543, 21301, 81474, 47968]"
115236,"[1450, 35749, 43693, 964, 67555, 85282, 5351, 48705, 40316, 47268]"
115237,"[84466, 15037, 69609, 104676, 102382, 63966, 90788, 44530, 88013, 75884]"
115238,"[54489, 92309, 56772, 77706, 9500, 38651, 56876, 102457, 78797, 36868]"
115239,"[108758, 80784, 34716, 69295, 62426, 108257, 21592, 45211, 56906, 23566]"
115240,"[89990, 86344, 19607, 40360, 71326, 37545, 42693, 9001, 47001, 102437]"
115241,"[6737, 1812, 93833, 19431, 49665, 61424, 82146, 89919, 108160, 28364]"
115242,"[108980, 106528, 21573, 42738, 97689, 75262, 59240, 11497, 100367, 90504]"
115243,"[17319, 19803, 99717, 29731, 37807, 95371, 101833, 95366, 88984, 48850]"
115244,"[51799, 98400, 83103, 80819, 101285, 81154, 65123, 45742, 27767, 23396]"
115245,"[18805, 10215, 105419, 47419, 19522, 53204, 35801, 19005, 78828, 86542]"
115246,"[98042, 73988, 31731, 106918, 32607, 11341, 96636, 48147, 30384, 47589]"
115247,"[90419, 96182, 51268, 25506, 97299, 91987, 1279, 49618, 86973, 32078]"
115248,"[6177, 20909, 32302, 104724, 17052, 79848, 59822, 90358, 97832, 11903]"
115249,"[50752, 101482, 67329, 99698, 1149, 66765, 41379, 62626, 43963, 38626]"
115250,"[4457, 36281, 30714, 108964, 83610, 101365, 9858, 67499, 86891, 101403]"
115251,"[29737, 56764, 97894, 71651, 3525, 57573, 24740, 15648, 87528, 1222]"
115252,"[45582, 96659, 80643, 48404, 71558, 107049, 49270, 31814, 49488, 21472]"
115253,"[28343, 22112, 38897, 35354, 75457, 63077, 77968, 25983, 4022, 68649]"
115254,"[4797, 47090, 44340, 23247, 47456, 87462, 105556, 56026, 72834, 84798]"
115255,"[26675, 30019, 73002, 92251, 103040, 67911, 100153, 21549, 71000, 7423]"
115256,"[66377, 56353, 80276, 47220, 9985, 60679, 55526, 89790, 62748, 49385]"
115257,"[55184, 87040, 64834, 24820, 105768, 62712, 66232, 56068, 80782, 50742]"
115258,"[34287, 6824, 81939, 72813, 30086, 21749, 63051, 38041, 41009, 87607]"
115259,"[64463, 5189, 42292, 5988, 16356, 15208, 101493, 73303, 105687, 25603]"
115260,"[13872, 70310, 18178, 105039, 78775, 89113, 16909, 51963, 96541, 74067]"
115261,"[545, 86489, 49105, 79691, 15202, 87969, 4878, 713, 52975, 23067]"
115262,"[1569, 49064, 78657, 41909, 94074, 89700, 59611, 53444, 23001, 39101]"
115263,"[75183, 28134, 74012, 23135, 26639, 89680, 10093, 93358, 94932, 60918]"
115264,"[691, 8062, 36812, 107554, 22557, 21973, 101607, 49661, 54435, 81613]"
115265,"[79479, 11135, 109403, 31916, 84022, 101252, 38935, 37755, 10762, 61051]"
115266,"[88517, 89006, 54108, 25658, 63037, 91365, 92062, 79821, 88216, 62225]"
115267,"[50937, 11687, 57065, 54637, 16676, 104448, 66922, 58965, 67106, 25764]"
115268,"[33080, 12512, 85694, 75711, 103631, 8429, 102707, 47421, 62226, 50123]"
115269,"[9078, 41827, 57596, 85642, 33043, 11717, 78354, 42912, 47041, 87628]"
115270,"[40844, 18183, 51112, 1111, 49432, 56548, 27531, 30946, 44304, 87485]"
115271,"[80667, 77344, 81041, 69136, 24569, 53337, 38671, 102116, 85060, 47382]"
115272,"[13218, 18629, 93282, 94778, 93745, 47181, 30623, 67309, 83371, 103637]"
115273,"[91232, 59178, 106446, 13835, 56548, 12690, 91104, 51949, 55506, 3379]"
115274,"[40186, 27905, 33608, 62795, 108605, 7345, 91781, 88689, 7595, 20621]"
115275,"[10375, 29644, 103835, 83279, 19302, 4601, 44991, 17557, 34742, 98633]"
115276,"[55302, 102903, 105961, 70059, 47480, 80037, 6163, 89855, 19895, 88688]"
115277,"[104916, 76419, 16859, 80845, 89332, 38421, 64101, 25672, 57232, 104193]"
115278,"[3016, 21074, 2907, 31281, 43571, 103823, 31728, 27133, 24172, 61899]"
115279,"[9269, 57835, 45443, 94237, 30347, 83109, 49329, 64686, 14525, 59474]"
115280,"[191, 83920, 54113, 63464, 18461, 32860, 16288, 87149, 13282, 78641]"
115281,"[34367, 72855, 29636, 1235, 75149, 1109, 106916, 70039, 104541, 9668]"
115282,"[30609, 34964, 72764, 15939, 15944, 68214, 105961, 103327, 89238, 11804]"
115283,"[59901, 96697, 31988, 68985, 86764, 1403, 22891, 7843, 8009, 97850]"
115284,"[40474, 91373, 62952, 45301, 1504, 67405, 76598, 31614, 75727, 44386]"
115285,"[87333, 92532, 61407, 108980, 73497, 72572, 95885, 36643, 68009, 19104]"
115286,"[11780, 34077, 39666, 73558, 67675, 13283, 70515, 6067, 18319, 96340]"
115287,"[66853, 75698, 43213, 13029, 24263, 12211, 95324, 96714, 69049, 80465]"
115288,"[33567, 67342, 5344, 64376, 27825, 90601, 64893, 70106, 54064, 103780]"
115289,"[31305, 82102, 72771, 102740, 87238, 51046, 47662, 101653, 56544, 31942]"
115290,"[53469, 25821, 85708, 52433, 34303, 45032, 66773, 42093, 13077, 57841]"
115291,"[23681, 86335, 51432, 56485, 19144, 94221, 21884, 73656, 54373, 29794]"
115292,"[59780, 106000, 13524, 104569, 90157, 100471, 11487, 7343, 80638, 37960]"
115293,"[22311, 68738, 106130, 103472, 5551, 66024, 14729, 89331, 18134, 105319]"
115294,"[35614, 89512, 17863, 81602, 15913, 1936, 102230, 63896, 18672, 9564]"
115295,"[104924, 61851, 90042, 26436, 10493, 19136, 20397, 14745, 9832, 8955]"
115296,"[80265, 44589, 108559, 91752, 64745, 100403, 4948, 59345, 19630, 37470]"
115297,"[2069, 44269, 17234, 75539, 27096, 91846, 104419, 7759, 54661, 14864]"
115298,"[72376, 63732, 15579, 47599, 43474, 5472, 49685, 15138, 49135, 101115]"
115299,"[82727, 61692, 48830, 23316, 70191, 72116, 14511, 25320, 3115, 15668]"
115300,"[97693, 107211, 22802, 19992, 46568, 79110, 38086, 104361, 59791, 103854]"
115301,"[93066, 12093, 40548, 9481, 9802, 29143, 53115, 31883, 32962, 85327]"
115302,"[15526, 34905, 76626, 55439, 1, 9007, 88992, 26566, 104892, 103523]"
115303,"[98741, 96398, 105456, 102450, 99012, 36635, 5068, 4594, 80749, 48045]"
115304,"[58159, 81917, 10990, 103177, 68614, 87748, 51675, 84909, 60184, 56435]"
115305,"[22522, 46975, 69651, 56297, 6269, 71642, 59073, 80235, 19277, 12899]"
115306,"[33982, 9607, 30290, 95054, 59715, 93599, 39691, 77458, 12091, 102834]"
115307,"[23089, 109545, 69481, 15441, 23272, 60744, 57017, 105018, 89434, 55191]"
115308,"[100327, 12999, 5255, 14724, 57230, 32840, 75602, 35662, 16555, 100684]"
115309,"[37204, 64146, 47245, 50080, 39085, 76884, 10395, 86131, 81201, 9822]"
115310,"[62347, 72946, 88582, 8173, 64524, 72304, 103410, 24190, 87652, 19047]"
115311,"[48625, 8486, 82111, 71931, 53206, 19600, 69430, 105257, 101056, 45071]"
115312,"[63286, 67035, 76423, 104763, 44498, 43657, 67101, 89743, 81997, 8857]"
115313,"[11878, 66671, 65228, 74590, 91785, 106457, 38920, 31024, 584, 50799]"
115314,"[94840, 79515, 1480, 54681, 100537, 71583, 6934, 7694, 33922, 102046]"
115315,"[46585, 63179, 32341, 71923, 8066, 73184, 98457, 55753, 81799, 108373]"
115316,"[59320, 59313, 35719, 45981, 48440, 6302, 3281, 102284, 29657, 108713]"
115317,"[11234, 16014, 104135, 65470, 37284, 55506, 38180, 61311, 79555, 42066]"
115318,"[66925, 102473, 80824, 66694, 46535, 1485, 26884, 49093, 90557, 60718]"
115319,"[1452, 19637, 52894, 75116, 51051, 71669, 92644, 49839, 87463, 79142]"
115320,"[101194, 34678, 5312, 64714, 15883, 50216, 47681, 79674, 93207, 73037]"
115321,"[98657, 86561, 6104, 85396, 6788, 35391, 44167, 57003, 83820, 6224]"
115322,"[48449, 85447, 2824, 51814, 8782, 103353, 102141, 81534, 74707, 18849]"
115323,"[56379, 45016, 14395, 46816, 8983, 49570, 86866, 15404, 59093, 20586]"
115324,"[11850, 9758, 50915, 88346, 47330, 108328, 7666, 8174, 58680, 25498]"
115325,"[28598, 22700, 32769, 1887, 35921, 23849, 60744, 22358, 56630, 105165]"
115326,"[86261, 4973, 83779, 7961, 42275, 42709, 19631, 13902, 22047, 105497]"
115327,"[61986, 46041, 40607, 56120, 84551, 108749, 20220, 31278, 44434, 51965]"
115328,"[73898, 78535, 1846, 47492, 7663, 13930, 20336, 33479, 108491, 54928]"
115329,"[13517, 95282, 32685, 28551, 43169, 6241, 42838, 72025, 103263, 82594]"
115330,"[80204, 5378, 49613, 33122, 48258, 81042, 87651, 105952, 72853, 84414]"
115331,"[26390, 42092, 49959, 59534, 24246, 1787, 72994, 1803, 62707, 20885]"
115332,"[107851, 69920, 26788, 28306, 68792, 85802, 90934, 86460, 80661, 27365]"
115333,"[91541, 28800, 82634, 38144, 68932, 13137, 76110, 21269, 13814, 39334]"
115334,"[46055, 11184, 62855, 56454, 16337, 29433, 51599, 57172, 92310, 14062]"
115335,"[70021, 98152, 28271, 61919, 3071, 57524, 97577, 40694, 14397, 37780]"
115336,"[35906, 12320, 46204, 96509, 91885, 70130, 40494, 2893, 61709, 44159]"
115337,"[67387, 104662, 8312, 74292, 12181, 14685, 8611, 72047, 72187, 57228]"
115338,"[12681, 72873, 98340, 106758, 18209, 106409, 32731, 52823, 74567, 54314]"
115339,"[27952, 37411, 25117, 57476, 32956, 15540, 511, 28729, 62682, 47393]"
115340,"[45235, 5411, 19174, 21262, 18696, 45084, 70148, 42781, 93195, 47730]"
115341,"[108697, 57103, 6802, 62957, 49790, 36110, 87020, 16783, 82939, 92582]"
115342,"[103264, 90133, 26518, 31187, 63728, 42464, 5201, 60815, 36636, 13530]"
115343,"[38422, 38944, 10088, 57656, 28180, 22573, 11611, 31795, 7963, 54585]"
115344,"[109644, 82273, 68751, 8801, 75369, 18080, 3735, 79073, 66771, 107262]"
115345,"[80957, 19430, 14857, 69118, 64595, 2530, 63694, 90837, 1470, 77956]"
115346,"[106581, 7295, 102958, 69993, 81575, 103091, 8395, 84234, 43489, 47918]"
115347,"[47775, 22996, 35346, 78294, 67875, 80703, 10941, 17176, 19138, 27485]"
115348,"[70262, 91536, 101808, 64257, 69366, 20578, 20151, 53510, 9829, 76475]"
115349,"[68508, 7182, 50897, 82495, 49382, 15084, 88519, 7799, 97266, 14556]"
115350,"[59187, 55269, 27836, 26861, 26749, 42609, 64099, 26365, 59428, 99613]"
115351,"[51337, 52130, 106302, 72907, 24225, 19607, 50226, 108363, 102768, 36531]"
115352,"[47815, 61089, 58340, 70397, 100058, 14184, 63223, 31642, 102328, 711]"
115353,"[30423, 28292, 20785, 64291, 26824, 14360, 52228, 8420, 15172, 69182]"
115354,"[27570, 29987, 20610, 50727, 101267, 89719, 70063, 32680, 99571, 107769]"
115355,"[32572, 42592, 10513, 85540, 73130, 19305, 76482, 90514, 97076, 95283]"
115356,"[91844, 21343, 68428, 3065, 60857, 11045, 95496, 106535, 11929, 53299]"
115357,"[61528, 59730, 45568, 51042, 64146, 48336, 15033, 83809, 86491, 108007]"
115358,"[108472, 19187, 49337, 75038, 74056, 78836, 66409, 109410, 96075, 47003]"
115359,"[21264, 105989, 36742, 19125, 76409, 43354, 50214, 41880, 104864, 37513]"
115360,"[85814, 56175, 43438, 26899, 47576, 1795, 16866, 19845, 77815, 49055]"
115361,"[39290, 47066, 47523, 87456, 983, 29080, 102055, 51012, 36717, 26948]"
115362,"[71864, 79928, 101594, 107535, 45176, 76864, 5033, 75238, 96304, 34125]"
115363,"[42856, 70593, 70996, 53051, 63410, 45982, 5969, 3287, 43224, 45351]"
115364,"[46936, 54016, 17875, 25163, 97691, 49960, 15032, 101743, 3408, 84431]"
115365,"[97446, 5287, 11771, 7489, 57649, 2155, 95640, 33391, 20177, 80167]"
115366,"[47839, 18939, 99096, 55701, 70017, 10976, 83812, 25901, 53626, 41370]"
115367,"[89394, 95564, 49867, 88055, 20272, 651, 96521, 50991, 34515, 14476]"
115368,"[104993, 101224, 35294, 38536, 97259, 5794, 16541, 63366, 64329, 14167]"
115369,"[96843, 11986, 67017, 21824, 37300, 26726, 39216, 18061, 77702, 5290]"
115370,"[51192, 92223, 9899, 63531, 90854, 37340, 106983, 11300, 64485, 93275]"
115371,"[37447, 99566, 75488, 15672, 17504, 36869, 173, 67860, 51174, 51399]"
115372,"[21632, 77342, 61610, 72089, 35449, 9476, 36638, 64646, 42237, 98769]"
115373,"[80891, 106549, 5904, 4834, 15711, 25092, 52017, 72665, 58098, 12586]"
115374,"[45819, 61332, 71700, 17245, 54441, 78035, 69565, 11637, 100545, 102918]"
115375,"[28324, 37602, 40000, 79706, 104983, 10201, 95194, 4949, 91675, 59279]"
115376,"[46317, 90138, 106680, 93961, 85488, 109237, 5660, 39502, 98079, 62212]"
115377,"[352, 75773, 106227, 85656, 43858, 90222, 6578, 61982, 57946, 96716]"
115378,"[15776, 69871, 42524, 3937, 46010, 109140, 62287, 84565, 70563, 66780]"
115379,"[32010, 53448, 21447, 30515, 64728, 54966, 23502, 28842, 90465, 10248]"
115380,"[90874, 77508, 91002, 34055, 81737, 54330, 64193, 86786, 99646, 105793]"
115381,"[30075, 70688, 86473, 83280, 101915, 22677, 102209, 48364, 38471, 88554]"
115382,"[40626, 48575, 99238, 62478, 41424, 3597, 39579, 67172, 82544, 35911]"
115383,"[22372, 31750, 5005, 68861, 20626, 27210, 14766, 100288, 6798, 59012]"
115384,"[74977, 58436, 96440, 8630, 64040, 36872, 59360, 101258, 102552, 60277]"
115385,"[96222, 85484, 49097, 99309, 19034, 66440, 94000, 1731, 94495, 30509]"
115386,"[70696, 60644, 40796, 9866, 8123, 64806, 49938, 22284, 58459, 37822]"
115387,"[13971, 12300, 38833, 88525, 21574, 101558, 60530, 35275, 52545, 17155]"
115388,"[87046, 72063, 25951, 99816, 102554, 104349, 14820, 105005, 17641, 77221]"
115389,"[93604, 9117, 108301, 92553, 37076, 21242, 48907, 76405, 19754, 45692]"
115390,"[41352, 40236, 90361, 6954, 62858, 47598, 61629, 19982, 29438, 1928]"
115391,"[6486, 93611, 51702, 41883, 1602, 39135, 84055, 78648, 69683, 54519]"
115392,"[15794, 66292, 81879, 45642, 38172, 55106, 28255, 81615, 14352, 52173]"
115393,"[4301, 11873, 44641, 22051, 20928, 44133, 94982, 85833, 34602, 83690]"
115394,"[31247, 43643, 6634, 41829, 57686, 58365, 107120, 33196, 81442, 74740]"
115395,"[57208, 57891, 91675, 59279, 106087, 100062, 104983, 96590, 28324, 41475]"
115396,"[35112, 8657, 49691, 75250, 23464, 54908, 62058, 60953, 41358, 105245]"
115397,"[50172, 41937, 84399, 44137, 88487, 96256, 44437, 13608, 91710, 35613]"
115398,"[19682, 104699, 86603, 41735, 69732, 32614, 69587, 14859, 30988, 5463]"
115399,"[100135, 21098, 109423, 100622, 9942, 102954, 55647, 104596, 26786, 56985]"
115400,"[72368, 42610, 85815, 27889, 71923, 90576, 8066, 31091, 46585, 12552]"
115401,"[64680, 87121, 80712, 12284, 14856, 98649, 69646, 32486, 49827, 109629]"
115402,"[95407, 36284, 21997, 10318, 8304, 1292, 69033, 70047, 3547, 96612]"
115403,"[78065, 35937, 70972, 66426, 67977, 77060, 56044, 93447, 68585, 103514]"
115404,"[94288, 6200, 91425, 33646, 104806, 36320, 99382, 18072, 107127, 66661]"
115405,"[62801, 87984, 68037, 31028, 86762, 1390, 99716, 77277, 94826, 73347]"
115406,"[64925, 72156, 68262, 36450, 89329, 30967, 77822, 64145, 45758, 24871]"
115407,"[67800, 106291, 841, 10520, 89047, 53595, 24689, 11596, 100699, 59539]"
115408,"[73207, 40281, 54028, 1899, 73422, 31740, 45445, 37081, 39872, 23641]"
115409,"[54031, 10533, 82235, 105683, 55130, 2488, 90846, 34714, 47980, 1237]"
115410,"[75851, 96287, 47855, 40662, 35474, 52915, 105198, 96638, 103303, 82486]"
115411,"[87743, 47522, 105095, 54999, 34917, 83729, 5286, 79698, 15902, 75520]"
115412,"[65243, 89728, 107367, 109756, 2600, 47022, 14504, 42903, 96670, 42765]"
115413,"[36921, 92620, 107574, 78046, 46502, 17850, 33006, 82977, 17536, 83167]"
115414,"[86729, 33664, 57603, 66367, 60333, 23552, 56254, 5468, 92634, 16100]"
115415,"[46318, 24397, 38126, 76000, 97287, 65393, 46466, 69211, 11397, 95343]"
115416,"[82148, 37629, 42916, 84732, 4502, 32588, 9997, 87295, 19781, 40333]"
115417,"[6324, 76533, 33575, 88786, 16564, 20489, 106322, 90654, 37946, 68011]"
115418,"[107706, 94606, 72702, 62030, 87527, 51310, 102125, 107729, 13113, 85023]"
115419,"[40419, 6717, 24772, 88774, 17581, 3394, 102818, 70180, 103029, 5540]"
115420,"[52068, 23709, 69164, 10650, 54048, 6297, 32901, 35805, 45204, 27287]"
115421,"[29036, 9803, 7147, 67085, 36130, 36294, 741, 14352, 108943, 91469]"
115422,"[84679, 77186, 42561, 69163, 109317, 69252, 1112, 85222, 38448, 104936]"
115423,"[83859, 43785, 49641, 43838, 64118, 77804, 60894, 81177, 86744, 75943]"
115424,"[32942, 77447, 83450, 27899, 45032, 85708, 25821, 90346, 99551, 108191]"
115425,"[74644, 11426, 88754, 5756, 60517, 55898, 2586, 96656, 95017, 98265]"
115426,"[105815, 92153, 6007, 3278, 36249, 75333, 91517, 55041, 91867, 57203]"
115427,"[73963, 20468, 38570, 17158, 67318, 41554, 543, 9419, 55533, 22922]"
115428,"[107932, 54968, 1964, 87700, 107439, 30900, 80958, 99416, 93547, 60194]"
115429,"[98904, 94015, 73577, 73517, 56489, 70843, 43878, 50377, 18882, 57007]"
115430,"[27218, 57772, 31141, 92010, 74981, 59352, 85685, 33255, 94438, 49775]"
115431,"[5099, 108070, 108580, 68505, 9987, 14756, 21474, 48776, 8726, 62672]"
115432,"[67609, 55392, 29051, 78491, 71395, 64595, 57902, 37868, 2530, 90837]"
115433,"[91759, 792, 55843, 52163, 42923, 63039, 59506, 52805, 12161, 66015]"
115434,"[75438, 38799, 42561, 4365, 36976, 78138, 5214, 26875, 14137, 13147]"
115435,"[12753, 43114, 57726, 42000, 60538, 6597, 93630, 29129, 25329, 88077]"
115436,"[77119, 2238, 84875, 8622, 8684, 76835, 2855, 52371, 22436, 73266]"
115437,"[20552, 86782, 104414, 56574, 105971, 22940, 3417, 98920, 34819, 106518]"
115438,"[4017, 14933, 56522, 12143, 90088, 109684, 50743, 64644, 106193, 105745]"
115439,"[42747, 68062, 19875, 8533, 11010, 78635, 99817, 17899, 34534, 23980]"
115440,"[101313, 26062, 25415, 99885, 102067, 18907, 27266, 17371, 64456, 42879]"
115441,"[75126, 18451, 3148, 68325, 59930, 40813, 84826, 96997, 71356, 38192]"
115442,"[26160, 2037, 107529, 33744, 32851, 89543, 78073, 74144, 53090, 4262]"
115443,"[27047, 34239, 16263, 44228, 49741, 37025, 68452, 65719, 76252, 30757]"
115444,"[1717, 10799, 75561, 60534, 15385, 9071, 100887, 106626, 4204, 5789]"
115445,"[101948, 56140, 65252, 71169, 24085, 97877, 108504, 64170, 82418, 6348]"
115446,"[103622, 104047, 108214, 19805, 63803, 91116, 58486, 45783, 69731, 84271]"
115447,"[2281, 5159, 72536, 101246, 81605, 87138, 32176, 47374, 78658, 2457]"
115448,"[81431, 101412, 63982, 51447, 90399, 61756, 61637, 58152, 9075, 54204]"
115449,"[87574, 96647, 48669, 83957, 34226, 48291, 76694, 77324, 44425, 59618]"
115450,"[84573, 61787, 29237, 108975, 76041, 103493, 89982, 61279, 31897, 13569]"
115451,"[39329, 26786, 94993, 76270, 62708, 3737, 32401, 65845, 72730, 84243]"
115452,"[58159, 68614, 49416, 63461, 34064, 35909, 59834, 62251, 62056, 60184]"
115453,"[21460, 74049, 16936, 98255, 71690, 34677, 22634, 101457, 76902, 15406]"
115454,"[104134, 61497, 23601, 83976, 59017, 1824, 38397, 7758, 34687, 39965]"
115455,"[17319, 99717, 65002, 29731, 19803, 33209, 101833, 20415, 33560, 16167]"
115456,"[43282, 49929, 2360, 84577, 108741, 94547, 4730, 9479, 38082, 36912]"
115457,"[358, 96134, 37284, 80930, 24075, 97957, 83852, 61813, 34998, 32949]"
115458,"[91852, 79124, 7256, 65851, 36152, 53178, 98883, 65441, 24682, 97374]"
115459,"[40343, 80514, 86422, 16024, 107556, 73430, 29767, 29909, 72784, 10846]"
115460,"[67947, 30092, 97628, 29524, 96488, 102184, 46178, 22362, 68811, 50118]"
115461,"[71533, 31970, 23372, 96943, 85222, 38448, 22213, 89355, 81778, 72900]"
115462,"[30026, 83878, 52262, 52213, 19347, 44153, 36549, 45535, 19203, 67348]"
115463,"[106296, 39018, 9771, 21938, 35506, 63276, 52408, 27248, 67135, 72883]"
115464,"[64174, 41758, 69781, 109221, 55142, 14286, 8296, 52560, 18814, 87028]"
115465,"[86529, 24983, 83992, 49797, 878, 24585, 45858, 42376, 17913, 82130]"
115466,"[44167, 57003, 85606, 103489, 35564, 75525, 72107, 51659, 60376, 53759]"
115467,"[48176, 98190, 43805, 54728, 55612, 38044, 91453, 27228, 7478, 43975]"
115468,"[95003, 65904, 26929, 35059, 85525, 65650, 49957, 38630, 60905, 4756]"
115469,"[67783, 17416, 7019, 103292, 14884, 40430, 74594, 51513, 11372, 22593]"
115470,"[7699, 6943, 66680, 60787, 77525, 38542, 37511, 38820, 25508, 90967]"
115471,"[5098, 49493, 87633, 96974, 32643, 75926, 36413, 22821, 12054, 13901]"
115472,"[64375, 76262, 105685, 52923, 50951, 93131, 31284, 50329, 16694, 42974]"
115473,"[95606, 105191, 3956, 26092, 49111, 53587, 28748, 77685, 25315, 101343]"
115474,"[73541, 2580, 59708, 83992, 19170, 61469, 33174, 62436, 66684, 58162]"
115475,"[97004, 79509, 10100, 101543, 56549, 9154, 26705, 77687, 86616, 33768]"
115476,"[58272, 37810, 54599, 57859, 51060, 61882, 58943, 102971, 96447, 73045]"
115477,"[40193, 3191, 9542, 38617, 41075, 5030, 75004, 24676, 22193, 11835]"
115478,"[30015, 69679, 93347, 88408, 15749, 10836, 78307, 2905, 79667, 45259]"
115479,"[74213, 73749, 27583, 95834, 22365, 65912, 25362, 50364, 6056, 64154]"
115480,"[64278, 10360, 65375, 54386, 12481, 49026, 93240, 94952, 19582, 16462]"
115481,"[66268, 74578, 60994, 46382, 40057, 97401, 34034, 25193, 1581, 103220]"
115482,"[31359, 10203, 59337, 95233, 74930, 90250, 61534, 15606, 58263, 36073]"
115483,"[71652, 96691, 80469, 97712, 88446, 7912, 90657, 43692, 57226, 86362]"
115484,"[8813, 82036, 53745, 21432, 87531, 97946, 55919, 52950, 34696, 61485]"
115485,"[13079, 33606, 37321, 51651, 86960, 54869, 47854, 109100, 43070, 92534]"
115486,"[48387, 28553, 6441, 14968, 77753, 45134, 32554, 62139, 50964, 64239]"
115487,"[62488, 51205, 104339, 101171, 5150, 99277, 13362, 103247, 31144, 5861]"
115488,"[50610, 87100, 81390, 17550, 68845, 2887, 10125, 58255, 71305, 7585]"
115489,"[9655, 104303, 10464, 63595, 59995, 66181, 16276, 23536, 85786, 33638]"
115490,"[49798, 61507, 59683, 106258, 90646, 6448, 35665, 62211, 62907, 79015]"
115491,"[98290, 475, 22627, 98334, 15982, 16613, 71274, 198, 94853, 24463]"
115492,"[95635, 102215, 107162, 14033, 65716, 9069, 73872, 36656, 70494, 109096]"
115493,"[45210, 98210, 75913, 29523, 45573, 47984, 87177, 69589, 5365, 41943]"
115494,"[62, 92316, 751, 107205, 70764, 88373, 60563, 103758, 11559, 1698]"
115495,"[43119, 69587, 91265, 108510, 103405, 26995, 76687, 59957, 48017, 79277]"
115496,"[28738, 12567, 28026, 6678, 36814, 15261, 12800, 2990, 78958, 26994]"
115497,"[59303, 15820, 80540, 3045, 65763, 103069, 10036, 90129, 23160, 59546]"
115498,"[34330, 35807, 69773, 13185, 77074, 80154, 104188, 21743, 47923, 60532]"
115499,"[66094, 54731, 62197, 109142, 105023, 70495, 99429, 35347, 57171, 37165]"
115500,"[108483, 71266, 55936, 46154, 59432, 78441, 65682, 46889, 65764, 38583]"
115501,"[39016, 90823, 21424, 52954, 443, 65733, 39472, 44139, 93009, 92700]"
115502,"[104884, 78054, 106184, 52994, 6260, 17149, 44604, 74874, 107403, 35287]"
115503,"[23714, 71035, 105, 44366, 29277, 73632, 6156, 78395, 37801, 95949]"
115504,"[6905, 12770, 70866, 23649, 47487, 3192, 87349, 54086, 79332, 61714]"
115505,"[73100, 43102, 48394, 9864, 14350, 102507, 77389, 84671, 11264, 108205]"
115506,"[40870, 7083, 107125, 100011, 74565, 36851, 72639, 24944, 35884, 87674]"
115507,"[44616, 86659, 58934, 9492, 50908, 55623, 838, 109685, 85078, 83879]"
115508,"[63005, 85227, 53822, 86806, 32573, 53884, 48912, 1823, 2942, 59243]"
115509,"[45895, 41448, 108377, 72967, 40726, 64562, 27833, 26533, 3868, 62956]"
115510,"[100066, 96710, 59786, 88891, 35458, 20091, 26197, 18904, 98244, 53380]"
115511,"[71506, 100450, 90208, 59304, 109753, 38804, 843, 86098, 5000, 80299]"
115512,"[71929, 5034, 77850, 99431, 80604, 106306, 90640, 5277, 65236, 74620]"
115513,"[18859, 70478, 21670, 47721, 8622, 47895, 84875, 88863, 101222, 31264]"
115514,"[81110, 36336, 56471, 42913, 35100, 55194, 71478, 55603, 21052, 37786]"
115515,"[7493, 89392, 81574, 45981, 21571, 63429, 86881, 6302, 26294, 35719]"
115516,"[103517, 101578, 68947, 40751, 69841, 96155, 45364, 90742, 100278, 34753]"
115517,"[108371, 103600, 16589, 46951, 56758, 5036, 8430, 54976, 83866, 32896]"
115518,"[25021, 26450, 17064, 88397, 39435, 79408, 94634, 73589, 69463, 107264]"
115519,"[102323, 11482, 11738, 17580, 97886, 29726, 47607, 31953, 38047, 91263]"
115520,"[62016, 27837, 108942, 80609, 10111, 38708, 46728, 64686, 87484, 95422]"
115521,"[18327, 52792, 8857, 44498, 96092, 35469, 52675, 9425, 41476, 39369]"
115522,"[49891, 41130, 38105, 798, 33075, 63673, 49379, 24169, 20362, 37883]"
115523,"[37947, 28025, 86753, 22230, 13905, 23492, 43569, 32945, 33761, 52303]"
115524,"[76945, 67225, 62484, 53619, 54401, 10592, 91834, 108488, 2650, 30698]"
115525,"[28759, 69822, 29782, 82119, 66833, 39566, 46658, 100439, 48647, 44535]"
115526,"[34352, 45108, 97007, 51332, 6499, 36073, 84105, 39097, 109000, 59889]"
115527,"[91012, 90757, 64917, 51896, 49188, 39461, 98048, 64904, 60782, 67651]"
115528,"[20820, 86077, 26860, 109274, 17270, 38285, 77529, 94109, 2338, 12099]"
115529,"[5159, 54109, 18093, 88260, 8096, 48906, 30974, 84689, 56515, 2281]"
115530,"[79128, 81285, 56373, 46895, 93189, 71970, 1996, 99206, 44195, 96645]"
115531,"[13708, 64493, 58962, 41512, 19942, 7850, 75134, 15019, 48392, 94368]"
115532,"[92882, 3138, 28061, 19610, 87105, 46747, 29511, 98293, 65712, 35382]"
115533,"[1951, 24165, 45238, 30853, 13229, 63549, 72077, 1457, 3914, 10880]"
115534,"[107356, 27824, 1108, 41934, 108687, 36762, 96281, 73232, 97071, 89469]"
115535,"[93379, 44093, 52307, 89637, 22224, 73483, 62500, 58679, 90378, 21045]"
115536,"[93775, 103537, 9123, 31974, 76327, 54238, 69570, 84848, 16114, 40003]"
115537,"[647, 44757, 58854, 92589, 79818, 73609, 25390, 82183, 69875, 49132]"
115538,"[30420, 83363, 92140, 27986, 87179, 13585, 28424, 80089, 93618, 54726]"
115539,"[105606, 18558, 97085, 108189, 17609, 83468, 87035, 85564, 52102, 102477]"
115540,"[51062, 101093, 105955, 38270, 50916, 64415, 72872, 46661, 39692, 33222]"
115541,"[13258, 39635, 38525, 28039, 89859, 70070, 35648, 13693, 3605, 1990]"
115542,"[88193, 24282, 62608, 57327, 96550, 22036, 97341, 13942, 62365, 9381]"
115543,"[15843, 72261, 88067, 90861, 98154, 92003, 101054, 46372, 91369, 1330]"
115544,"[19463, 90590, 37247, 52975, 85414, 86094, 73831, 36914, 109523, 98397]"
115545,"[43793, 578, 64514, 55920, 50646, 40991, 86779, 58247, 65779, 26649]"
115546,"[57395, 4223, 4395, 18102, 55884, 78900, 28507, 22164, 101906, 51070]"
115547,"[20263, 85124, 81119, 97976, 16365, 58960, 102498, 106278, 82670, 33994]"
115548,"[2962, 13371, 76271, 3236, 86680, 89181, 106353, 95890, 67434, 41875]"
115549,"[20306, 17542, 19249, 78479, 3622, 109469, 101074, 52995, 57408, 60195]"
115550,"[10229, 18525, 62819, 92640, 99528, 96094, 57279, 73269, 52, 738]"
115551,"[77928, 82496, 22294, 19941, 6567, 45081, 88353, 24867, 60091, 80808]"
115552,"[45067, 72536, 53091, 45052, 48768, 36207, 60228, 82882, 30172, 13880]"
115553,"[57158, 69596, 86347, 59910, 32181, 94004, 59438, 64915, 87316, 97745]"
115554,"[22190, 60652, 11250, 21405, 17904, 84904, 3844, 78458, 92945, 89041]"
115555,"[35637, 76826, 25166, 106684, 88142, 91587, 7516, 86609, 100186, 102409]"
115556,"[25581, 63677, 3838, 91485, 66676, 40124, 61376, 74704, 107561, 8174]"
115557,"[10015, 40189, 8102, 37102, 87601, 96765, 5362, 7772, 65640, 32216]"
115558,"[43494, 100937, 47944, 107835, 73477, 32930, 69030, 66913, 29253, 21133]"
115559,"[29289, 104868, 47498, 35190, 90985, 46947, 96811, 66298, 50393, 5170]"
115560,"[103117, 17221, 47464, 103868, 46189, 93864, 96625, 67037, 34041, 25527]"
115561,"[79381, 89737, 11362, 91707, 86768, 21557, 107185, 22508, 32517, 2826]"
115562,"[12371, 67223, 65173, 70778, 97677, 84058, 56302, 31003, 100799, 102388]"
115563,"[54130, 90761, 33214, 33597, 24835, 10656, 37794, 52863, 11121, 20080]"
115564,"[83605, 60818, 93470, 106611, 6491, 27127, 65257, 60629, 17522, 82973]"
115565,"[67268, 3602, 36226, 10856, 93835, 62264, 89618, 38919, 60681, 79763]"
115566,"[77967, 104439, 81005, 48977, 61768, 83639, 64391, 11011, 83253, 107930]"
115567,"[87285, 67986, 98016, 87002, 51366, 26948, 12739, 1926, 98423, 21441]"
115568,"[105931, 97527, 97836, 6313, 46373, 63112, 53695, 27936, 60497, 37558]"
115569,"[40985, 3615, 65106, 6876, 20974, 43053, 96284, 22738, 109249, 48168]"
115570,"[1718, 39124, 24875, 94597, 107540, 33117, 103825, 43609, 30125, 61886]"
115571,"[47093, 35912, 97518, 51266, 35960, 52444, 103169, 96925, 23890, 50038]"
115572,"[104377, 67620, 51571, 44432, 4324, 26163, 5880, 33866, 87018, 81657]"
115573,"[11174, 1297, 18247, 96618, 46376, 105918, 25930, 22848, 31423, 73641]"
115574,"[10512, 29602, 86998, 87507, 85570, 87319, 22007, 48904, 28492, 99149]"
115575,"[92889, 86783, 81107, 3237, 23737, 27041, 84326, 32190, 106898, 3734]"
115576,"[4315, 56150, 23130, 61536, 39000, 81746, 24049, 67156, 51332, 28155]"
115577,"[5765, 20711, 11820, 106568, 27062, 85831, 58685, 47957, 79204, 57800]"
115578,"[64784, 99922, 94967, 30653, 70374, 77694, 98857, 101565, 78791, 16178]"
115579,"[81526, 101792, 50188, 94248, 9195, 90227, 8574, 15698, 96307, 65571]"
115580,"[29961, 6959, 102070, 83058, 29491, 55898, 17564, 88468, 11860, 13833]"
115581,"[92443, 101085, 71560, 60823, 29418, 37563, 70843, 44620, 25331, 94239]"
115582,"[65663, 22525, 29493, 73843, 107780, 47960, 101303, 55043, 73307, 39335]"
115583,"[52556, 51413, 2713, 11792, 52456, 102081, 66806, 12751, 101838, 29995]"
115584,"[58985, 94467, 66839, 30431, 3449, 2475, 78649, 61934, 86834, 60202]"
115585,"[24560, 6743, 68813, 25157, 49774, 3616, 70338, 108363, 104507, 5076]"
115586,"[107217, 75961, 54347, 54615, 16348, 107167, 80589, 14575, 51885, 91676]"
115587,"[54532, 108127, 105855, 36971, 7412, 41662, 49604, 105302, 94322, 83817]"
115588,"[99021, 21257, 37920, 5017, 67773, 19942, 29973, 81979, 17128, 88010]"
115589,"[31528, 31340, 108683, 2674, 95665, 94761, 38998, 97549, 90023, 49458]"
115590,"[47294, 39537, 22163, 77799, 108530, 100459, 61857, 51883, 107545, 102976]"
115591,"[85757, 37320, 54146, 6537, 16810, 22004, 10703, 56672, 10277, 45555]"
115592,"[71477, 65664, 23078, 65735, 108080, 59804, 24903, 34166, 2300, 10025]"
115593,"[86771, 61014, 101552, 94944, 87227, 90478, 7980, 38091, 44621, 59090]"
115594,"[106971, 18138, 39657, 19795, 45166, 63710, 24590, 25078, 66376, 82597]"
115595,"[48605, 42889, 29867, 29368, 100072, 73729, 9895, 77073, 35142, 17320]"
115596,"[98675, 90500, 28559, 20507, 103546, 69182, 79090, 47702, 62255, 99397]"
115597,"[90197, 20631, 38338, 15029, 57882, 30298, 88502, 79242, 23340, 81982]"
115598,"[29897, 45106, 11974, 44353, 15783, 108085, 93732, 109543, 83753, 39507]"
115599,"[66377, 56353, 80276, 47220, 9985, 60679, 55526, 89790, 62748, 49385]"
115600,"[54381, 66424, 27044, 25265, 79206, 20080, 33597, 105936, 55225, 101754]"
115601,"[46302, 11317, 49043, 72969, 92449, 57176, 43854, 4852, 80177, 62445]"
115602,"[40833, 22861, 12672, 58703, 45197, 82321, 93751, 69439, 23747, 57872]"
115603,"[49284, 30803, 100810, 35170, 84349, 58607, 24799, 20574, 29540, 13223]"
115604,"[23291, 51410, 13296, 50607, 31452, 75547, 93830, 17276, 102489, 53547]"
115605,"[22201, 108850, 48991, 28024, 98766, 15661, 31674, 108662, 61366, 43870]"
115606,"[108497, 93762, 107949, 38970, 105551, 61790, 96054, 63520, 77894, 62028]"
115607,"[29140, 76037, 96443, 68308, 7127, 67476, 49958, 23127, 107131, 11961]"
115608,"[13471, 97976, 41506, 20263, 58960, 85124, 11034, 105874, 55226, 60010]"
115609,"[45280, 28784, 13592, 56409, 3676, 88349, 53914, 15545, 104584, 23320]"
115610,"[10292, 70211, 93462, 51529, 107837, 5961, 36640, 31755, 85390, 66587]"
115611,"[31634, 44676, 97581, 60080, 20094, 83232, 16018, 74495, 109567, 68121]"
115612,"[81009, 57898, 74620, 93302, 60908, 59511, 104198, 57069, 51221, 74543]"
115613,"[44293, 59287, 95278, 90571, 109432, 5243, 64386, 3562, 19374, 14823]"
115614,"[75596, 31262, 97950, 97891, 35751, 12243, 79778, 43391, 82717, 95162]"
115615,"[87235, 33634, 19193, 68033, 73189, 44605, 89135, 73817, 91015, 80942]"
115616,"[34470, 63271, 99869, 68635, 11128, 9798, 34739, 59133, 28017, 34143]"
115617,"[31535, 24790, 20218, 63750, 82311, 64838, 93202, 20051, 25227, 80506]"
115618,"[68435, 68023, 8406, 47592, 40699, 67861, 31924, 31589, 97162, 29004]"
115619,"[47777, 27530, 91511, 6768, 25011, 95206, 38680, 62156, 87491, 46570]"
115620,"[38045, 3240, 61497, 108247, 45876, 7731, 80061, 55765, 61215, 26250]"
115621,"[40324, 85789, 72944, 31198, 96272, 88170, 61837, 24117, 1396, 94711]"
115622,"[880, 33899, 69389, 26553, 28298, 5027, 13858, 91392, 23523, 81905]"
115623,"[24615, 88818, 11813, 17412, 71785, 65161, 79868, 51334, 97029, 82703]"
115624,"[47528, 46161, 102946, 100037, 1718, 64635, 22855, 16129, 29913, 67179]"
115625,"[45720, 56470, 13516, 75721, 10377, 68900, 59818, 67909, 70069, 68638]"
115626,"[37104, 38208, 62329, 65729, 54123, 97490, 30317, 88001, 29407, 62937]"
115627,"[82491, 28423, 34542, 104231, 74696, 33247, 81111, 49550, 19039, 89386]"
115628,"[55740, 72326, 46335, 59321, 58173, 56674, 47656, 10383, 70574, 5608]"
115629,"[47900, 14242, 6670, 48762, 49601, 47954, 7473, 107374, 46987, 99497]"
115630,"[37803, 38986, 697, 38053, 42939, 17324, 1806, 29108, 88892, 17295]"
115631,"[72379, 24091, 532, 18962, 77793, 80607, 31064, 91499, 81907, 87765]"
115632,"[46141, 1265, 90829, 40143, 13197, 48677, 4074, 82072, 83938, 48475]"
115633,"[14041, 91766, 53475, 32615, 106677, 24836, 263, 44211, 56311, 108718]"
115634,"[50211, 13290, 26541, 81935, 4718, 428, 31664, 12285, 85905, 44343]"
115635,"[70373, 60454, 65011, 40093, 107110, 9558, 25922, 64875, 16174, 82695]"
115636,"[62172, 69653, 58587, 47421, 85990, 3962, 86791, 85694, 75711, 67605]"
115637,"[37089, 89415, 7052, 98041, 60868, 60390, 93459, 81857, 55924, 84706]"
115638,"[75544, 95901, 10687, 59412, 49503, 69529, 13384, 95819, 107324, 26842]"
115639,"[99122, 82510, 57012, 39183, 7507, 50243, 59338, 94140, 66502, 24857]"
115640,"[109266, 37139, 101052, 28917, 3077, 49050, 75707, 51825, 11992, 102941]"
115641,"[1105, 23660, 24806, 109209, 20999, 54988, 93422, 65384, 73466, 73001]"
115642,"[68308, 24584, 12310, 107235, 49958, 50318, 7380, 24500, 40745, 12848]"
115643,"[23981, 21058, 54316, 109473, 54264, 90567, 31763, 75634, 38819, 55630]"
115644,"[69644, 9193, 60882, 73523, 63596, 2593, 101961, 2900, 59074, 94443]"
115645,"[81321, 74291, 99362, 3045, 1976, 36755, 9037, 9044, 66681, 22385]"
115646,"[77938, 54398, 27249, 101831, 10709, 20552, 64242, 38335, 3417, 98920]"
115647,"[71040, 1688, 85799, 96959, 38707, 29869, 58456, 46709, 311, 33031]"
115648,"[75259, 58396, 1919, 67793, 3239, 44456, 7039, 34354, 69844, 5734]"
115649,"[26746, 89173, 95880, 72315, 104688, 50797, 8986, 12599, 95921, 105741]"
115650,"[99750, 80311, 45761, 17641, 86238, 33420, 44685, 37731, 94649, 95427]"
115651,"[46305, 83090, 18651, 19017, 84885, 45481, 72270, 59891, 9748, 43388]"
115652,"[31501, 56052, 25169, 15912, 103345, 53551, 30320, 86324, 93924, 24012]"
115653,"[39779, 17425, 16617, 67100, 10141, 102224, 16372, 37044, 28595, 5621]"
115654,"[32263, 51384, 80270, 101677, 31072, 93148, 90488, 89926, 7787, 20954]"
115655,"[79263, 68148, 105119, 72488, 94985, 65508, 83304, 8928, 25392, 60366]"
115656,"[86976, 53, 99703, 11601, 76552, 83715, 93738, 48856, 9285, 76162]"
115657,"[101974, 98172, 48692, 69223, 85045, 24014, 46554, 23355, 100164, 11830]"
115658,"[54477, 98261, 85045, 5100, 25, 1817, 100164, 93834, 44807, 94647]"
115659,"[99281, 87950, 51733, 98632, 68788, 23174, 52424, 66608, 81441, 17089]"
115660,"[80682, 91468, 86697, 70119, 14441, 88384, 101708, 108749, 5887, 52115]"
115661,"[109550, 33309, 44889, 79664, 68559, 41676, 97540, 100452, 107711, 22993]"
115662,"[13273, 27206, 96749, 98771, 15786, 14684, 109724, 48573, 12900, 102741]"
115663,"[3429, 68031, 49925, 87679, 102836, 53372, 6422, 60018, 86694, 12951]"
115664,"[13978, 100039, 35087, 29965, 13329, 80394, 23115, 33083, 78312, 78024]"
115665,"[26485, 52328, 47817, 13459, 69295, 86808, 34716, 46187, 108758, 107597]"
115666,"[107206, 108707, 105654, 61656, 95533, 66050, 82944, 12378, 3620, 84453]"
115667,"[49155, 71743, 26099, 30855, 39781, 2835, 5420, 43161, 99474, 43715]"
115668,"[30183, 19307, 68408, 92618, 73325, 61669, 61309, 46483, 3072, 10407]"
115669,"[68758, 39867, 63043, 26000, 27903, 27058, 13205, 73084, 96371, 67094]"
115670,"[99737, 74473, 25263, 1593, 30686, 41631, 57244, 11818, 67144, 81630]"
115671,"[3691, 11991, 109377, 28056, 64936, 84205, 69508, 57531, 4560, 99580]"
115672,"[1725, 25738, 23588, 38838, 85160, 50992, 56122, 7560, 39302, 44493]"
115673,"[64541, 56830, 4949, 95194, 16061, 37979, 43381, 59305, 21692, 29189]"
115674,"[4168, 38496, 7809, 63790, 27080, 50771, 64441, 63555, 19844, 106704]"
115675,"[38399, 91451, 61096, 680, 3499, 20158, 920, 106116, 52288, 27964]"
115676,"[106698, 86772, 57470, 82515, 61718, 74273, 23361, 88083, 50653, 37007]"
115677,"[47983, 56880, 101864, 45962, 6384, 81451, 56472, 109450, 34307, 26841]"
115678,"[94255, 14070, 99683, 77518, 103954, 2880, 21122, 9960, 36370, 3108]"
115679,"[24709, 80986, 17094, 79611, 2501, 51907, 61480, 73314, 14144, 76627]"
115680,"[40608, 37150, 24681, 88376, 28006, 34897, 71464, 4993, 64574, 90720]"
115681,"[15132, 95747, 62806, 63791, 92825, 20816, 25503, 4896, 56475, 43467]"
115682,"[109444, 55702, 3193, 15379, 92842, 86309, 28771, 39411, 69974, 102750]"
115683,"[99995, 54711, 78659, 36922, 67425, 38712, 88388, 7020, 103314, 53180]"
115684,"[19118, 80978, 50297, 7344, 71050, 15164, 81349, 83576, 70635, 51976]"
115685,"[35920, 66318, 106820, 102291, 54649, 47588, 13305, 69628, 61157, 83480]"
115686,"[10016, 48530, 94048, 71199, 14559, 15238, 84634, 51821, 31255, 21576]"
115687,"[101789, 64478, 28681, 90703, 9472, 70619, 17937, 15180, 106030, 68719]"
115688,"[46042, 1587, 78715, 70522, 67235, 6883, 45434, 59581, 62298, 86894]"
115689,"[40936, 48809, 24482, 42932, 107828, 96042, 6254, 99408, 26768, 66001]"
115690,"[81620, 60544, 79226, 85889, 45409, 99355, 23833, 18707, 4377, 5490]"
115691,"[12206, 109235, 45219, 47250, 42018, 61559, 49028, 100632, 11597, 60996]"
115692,"[76012, 23956, 19369, 56439, 31361, 43059, 32308, 63025, 74531, 29719]"
115693,"[45083, 68524, 89009, 55910, 34388, 12400, 520, 3222, 3455, 79787]"
115694,"[70399, 17010, 46755, 70642, 74370, 80884, 12586, 91930, 9486, 12169]"
115695,"[69882, 92865, 105372, 100420, 5328, 107586, 18574, 15261, 12800, 4998]"
115696,"[43803, 84125, 96248, 95201, 79656, 11540, 55246, 97349, 54955, 48864]"
115697,"[19444, 43884, 56469, 53964, 20086, 95329, 52541, 23119, 80559, 1996]"
115698,"[30982, 32632, 56913, 70807, 97032, 19622, 92956, 107614, 78890, 81700]"
115699,"[30055, 75278, 17438, 94306, 63997, 80234, 87834, 2478, 68218, 61262]"
115700,"[44806, 13456, 4823, 58397, 96183, 94189, 12135, 65874, 21259, 4424]"
115701,"[54662, 8099, 8218, 4167, 51229, 17734, 68948, 102622, 46764, 4986]"
115702,"[53583, 37585, 89384, 9662, 17842, 19218, 9070, 44659, 94159, 17264]"
115703,"[39250, 66622, 67216, 59724, 15537, 13929, 80196, 103572, 107989, 55972]"
115704,"[53330, 79719, 99526, 89184, 12457, 3418, 76279, 59094, 5252, 48577]"
115705,"[45063, 33072, 73663, 21988, 8682, 92428, 96803, 103072, 16904, 46514]"
115706,"[103397, 4078, 40038, 62589, 70173, 40188, 43710, 41984, 54637, 67708]"
115707,"[48183, 54853, 62028, 56012, 17565, 51067, 108497, 58700, 105838, 13000]"
115708,"[102728, 15030, 4122, 30282, 89209, 92375, 52442, 6312, 52360, 75636]"
115709,"[78285, 103583, 92457, 34106, 24858, 57936, 45300, 35701, 78723, 59754]"
115710,"[3310, 22795, 42945, 19239, 83339, 38056, 8737, 14532, 9489, 37832]"
115711,"[65941, 56769, 29641, 95399, 42920, 105599, 4001, 33085, 64115, 63448]"
115712,"[20234, 52490, 107974, 46438, 58847, 27334, 15338, 108274, 20606, 22422]"
115713,"[13787, 98653, 91872, 5857, 10615, 228, 70527, 64668, 97487, 108118]"
115714,"[18201, 89255, 102724, 8068, 92068, 33104, 3251, 39958, 40705, 32447]"
115715,"[83807, 80426, 1993, 66448, 96306, 67397, 94990, 100160, 71137, 108781]"
115716,"[1648, 14875, 39504, 49791, 66036, 106753, 108504, 34389, 101444, 6855]"
115717,"[91393, 64558, 53611, 31157, 23150, 28452, 17281, 14430, 8126, 2025]"
115718,"[100202, 71021, 89993, 44375, 86355, 99727, 35078, 16782, 105471, 38653]"
115719,"[6863, 43718, 12027, 46562, 100765, 6924, 38068, 18027, 28519, 88806]"
115720,"[31811, 55766, 31815, 103985, 5986, 93881, 51601, 35455, 47531, 20515]"
115721,"[17502, 84789, 92584, 27091, 13680, 66190, 93973, 37530, 53272, 92431]"
115722,"[13006, 24842, 39479, 36539, 94456, 2416, 104219, 51208, 42462, 38643]"
115723,"[48752, 79705, 28161, 77263, 18222, 94715, 23734, 24938, 11047, 86304]"
115724,"[16080, 59267, 88562, 21400, 102841, 27968, 49908, 87639, 41683, 81439]"
115725,"[17710, 43889, 36181, 101512, 100482, 35359, 85403, 74635, 47615, 25953]"
115726,"[26860, 103813, 20867, 104777, 20820, 48418, 11193, 33545, 86077, 38285]"
115727,"[41851, 31866, 4126, 2348, 48255, 77505, 102832, 67618, 95611, 13490]"
115728,"[25049, 104612, 71576, 102044, 31407, 65995, 85199, 71687, 40230, 79815]"
115729,"[57123, 13766, 37091, 63222, 11211, 14525, 82983, 84816, 25754, 20348]"
115730,"[104303, 10464, 63595, 9655, 85786, 16276, 23536, 83782, 27631, 38948]"
115731,"[109077, 56050, 7956, 76863, 99388, 96343, 82464, 52844, 59209, 75337]"
115732,"[55735, 103512, 79399, 51256, 92639, 71575, 22336, 87519, 21919, 7064]"
115733,"[61002, 29070, 45301, 70122, 42020, 46666, 23851, 17789, 40474, 80853]"
115734,"[40070, 16625, 73054, 108822, 65008, 22917, 9346, 41549, 51019, 108933]"
115735,"[46371, 86266, 38952, 35636, 34753, 40751, 48421, 12433, 65428, 96354]"
115736,"[53738, 16151, 44060, 76836, 24679, 66590, 102498, 9108, 61946, 42120]"
115737,"[79146, 36224, 41341, 107532, 77040, 82735, 98029, 65135, 84483, 64296]"
115738,"[53547, 78782, 1162, 80934, 51410, 13296, 42190, 44700, 106897, 12607]"
115739,"[52953, 63860, 3740, 14690, 12729, 45190, 100704, 15569, 17770, 5841]"
115740,"[25136, 30218, 87979, 99812, 83802, 107536, 97569, 3245, 40494, 66843]"
115741,"[105266, 54150, 22934, 37399, 89544, 52632, 59377, 51155, 73191, 100293]"
115742,"[73416, 12289, 24918, 91016, 97326, 33770, 64415, 43974, 55489, 3354]"
115743,"[72159, 12502, 98068, 13018, 61838, 20202, 12100, 41827, 18066, 55089]"
115744,"[8511, 74027, 30895, 95234, 50101, 12152, 71183, 6696, 75594, 38402]"
115745,"[37418, 70568, 96683, 71779, 30510, 23898, 9080, 76014, 81788, 37271]"
115746,"[77743, 90880, 91419, 25140, 5188, 11949, 62253, 56358, 17060, 78302]"
115747,"[74626, 106406, 98324, 54529, 95178, 31605, 43574, 101182, 31846, 8667]"
115748,"[75491, 3218, 22755, 64437, 72980, 96399, 102102, 53209, 63968, 87752]"
115749,"[50112, 41159, 67063, 20621, 68078, 29934, 99541, 63287, 75205, 55455]"
115750,"[46193, 7426, 18467, 39844, 19027, 1009, 83783, 32438, 75966, 70346]"
115751,"[57280, 52009, 105928, 63840, 98129, 21316, 5888, 71816, 41385, 26949]"
115752,"[79579, 69413, 41862, 34182, 692, 63502, 67324, 30721, 86101, 73782]"
115753,"[1068, 32167, 26372, 21945, 94981, 33431, 102120, 84056, 107167, 15128]"
115754,"[33827, 35887, 102021, 68665, 62819, 18525, 11655, 92640, 7728, 61930]"
115755,"[100754, 84957, 103359, 22255, 103282, 50784, 70768, 104419, 4491, 41368]"
115756,"[85600, 70195, 98110, 27127, 39494, 82973, 30315, 86944, 103944, 54881]"
115757,"[68632, 19197, 91896, 59938, 54708, 108756, 92624, 59970, 28067, 63947]"
115758,"[16194, 9442, 72274, 12206, 104327, 51133, 64009, 35222, 15193, 21954]"
115759,"[13169, 64549, 36116, 8244, 70236, 66164, 37806, 60285, 62568, 55924]"
115760,"[91189, 92913, 57156, 93828, 53150, 27672, 86994, 26818, 83603, 53116]"
115761,"[52469, 93279, 54174, 2079, 33142, 31457, 107428, 37329, 87281, 15710]"
115762,"[15453, 62092, 105529, 45877, 4258, 60786, 96745, 36095, 7403, 38511]"
115763,"[42492, 63874, 38264, 104263, 26031, 49650, 70645, 83708, 86849, 22664]"
115764,"[68432, 104928, 47262, 45251, 32464, 90383, 15050, 81420, 106817, 38575]"
115765,"[59664, 53957, 67900, 32914, 55742, 1414, 73462, 81262, 7716, 105112]"
115766,"[65199, 106446, 13983, 4584, 93806, 72153, 83435, 63927, 8445, 91686]"
115767,"[37191, 1828, 19486, 80162, 38799, 70928, 77801, 67416, 62378, 26875]"
115768,"[61572, 23876, 48816, 78684, 9642, 54191, 42050, 46866, 72263, 82106]"
115769,"[47225, 81466, 16391, 25662, 46414, 31416, 60412, 98829, 25807, 20664]"
115770,"[47735, 63321, 104649, 32935, 108556, 31561, 35213, 86553, 35175, 17299]"
115771,"[95066, 15743, 20520, 53625, 6813, 77129, 32343, 81763, 55356, 74881]"
115772,"[25990, 35251, 101930, 68224, 1770, 21296, 47344, 31714, 78429, 31390]"
115773,"[27834, 108544, 72471, 93897, 58260, 83096, 87704, 92012, 57249, 49378]"
115774,"[57008, 1394, 92586, 43803, 91769, 17845, 56508, 91659, 45237, 51706]"
115775,"[70546, 51700, 63301, 71554, 73413, 2523, 17168, 35676, 44831, 80303]"
115776,"[100686, 106175, 55202, 60176, 92925, 36181, 48911, 26693, 76181, 41737]"
115777,"[49974, 60309, 23999, 39385, 23123, 89797, 60489, 65205, 1509, 63890]"
115778,"[10613, 15657, 96798, 50954, 42084, 60577, 69204, 94993, 109423, 32129]"
115779,"[74988, 90791, 79693, 105690, 94459, 50743, 45838, 14436, 108117, 93469]"
115780,"[10706, 11634, 92054, 24512, 29674, 42341, 84450, 63375, 36340, 107612]"
115781,"[39650, 85563, 77881, 59758, 65950, 33202, 26972, 43436, 106651, 103063]"
115782,"[78453, 88264, 6904, 55913, 69234, 2729, 108217, 21985, 75872, 73351]"
115783,"[88983, 13756, 21732, 108310, 23088, 69524, 27829, 60569, 106852, 24386]"
115784,"[52642, 29589, 68616, 109416, 48450, 42428, 103380, 86083, 68574, 91427]"
115785,"[104302, 30734, 108037, 4259, 19141, 55558, 25435, 102690, 64770, 49376]"
115786,"[35614, 55280, 3367, 31405, 9564, 26286, 67417, 54335, 27623, 89512]"
115787,"[89468, 97767, 87299, 75894, 47162, 18620, 68321, 94068, 93710, 4012]"
115788,"[71211, 44016, 83923, 23362, 46296, 5413, 60596, 100255, 90947, 56621]"
115789,"[42121, 2566, 95850, 95416, 79324, 88803, 60042, 56875, 47309, 48964]"
115790,"[69340, 56979, 99480, 70772, 82345, 59247, 82440, 99716, 86063, 106026]"
115791,"[104694, 83043, 6755, 59083, 39019, 47175, 31456, 2603, 71915, 74329]"
115792,"[47466, 69049, 66539, 61062, 8638, 68677, 42436, 70735, 12211, 29487]"
115793,"[67836, 89319, 77909, 63512, 68064, 89869, 39108, 65408, 50166, 2982]"
115794,"[90696, 75346, 82654, 54221, 14145, 37001, 93778, 43559, 24831, 12098]"
115795,"[106227, 83875, 90222, 85656, 46490, 91253, 6338, 79739, 39904, 14310]"
115796,"[44170, 42940, 60074, 12189, 5487, 13763, 82115, 93728, 38943, 60494]"
115797,"[105725, 70312, 32249, 70066, 72726, 4043, 88411, 108469, 2032, 26919]"
115798,"[74219, 55991, 8872, 21352, 87160, 72818, 11008, 33422, 337, 53410]"
115799,"[84803, 85790, 42331, 47890, 94682, 104197, 47070, 7311, 46424, 98942]"
115800,"[26876, 82126, 8319, 14295, 90656, 5883, 52352, 43419, 23547, 86826]"
115801,"[58964, 74780, 108479, 97496, 71391, 68968, 56729, 74512, 97956, 57416]"
115802,"[24215, 61457, 98314, 108283, 47722, 5984, 39613, 64718, 57697, 54861]"
115803,"[8215, 69280, 40092, 2902, 83001, 3689, 98348, 14972, 11076, 44477]"
115804,"[88226, 1869, 46735, 72415, 58666, 50923, 103112, 61992, 25968, 41884]"
115805,"[70994, 74098, 70613, 78455, 57182, 95403, 2758, 65689, 7996, 21318]"
115806,"[20442, 60935, 20494, 45123, 14306, 90574, 3142, 107391, 16493, 36328]"
115807,"[79588, 3790, 69097, 105948, 29931, 78588, 1145, 5813, 69685, 98983]"
115808,"[7873, 78747, 11018, 6178, 84919, 10136, 84434, 81666, 76843, 33253]"
115809,"[81442, 18955, 58365, 43643, 33196, 35952, 35024, 43992, 56803, 29654]"
115810,"[2818, 23606, 38643, 17530, 47260, 102104, 63724, 79804, 23361, 57470]"
115811,"[84778, 54217, 28851, 70276, 60782, 42914, 103905, 17363, 76787, 1281]"
115812,"[28426, 11031, 80417, 29432, 85808, 96685, 50193, 75812, 90403, 88365]"
115813,"[60683, 5830, 30224, 78937, 75081, 58756, 44941, 44932, 61101, 82226]"
115814,"[73690, 13798, 99842, 93564, 64668, 39637, 87125, 65700, 29221, 91872]"
115815,"[96531, 78931, 94052, 98877, 104622, 106539, 50957, 11132, 101671, 70910]"
115816,"[53292, 42170, 53420, 47407, 69653, 58587, 28975, 87321, 47185, 42049]"
115817,"[2333, 69516, 89641, 105588, 98508, 34929, 15616, 82274, 105194, 92974]"
115818,"[39327, 49428, 28605, 48777, 37280, 93784, 31432, 105178, 69767, 52175]"
115819,"[45463, 37862, 43358, 101488, 95768, 74449, 66835, 47837, 100517, 66461]"
115820,"[95216, 53018, 51702, 70146, 19587, 58349, 51807, 80245, 82792, 81933]"
115821,"[10943, 101652, 59664, 75083, 89620, 92522, 44662, 32223, 65672, 55742]"
115822,"[10913, 59735, 83534, 61459, 70577, 75521, 98789, 64591, 24758, 73021]"
115823,"[37613, 70207, 87322, 39623, 49720, 108931, 60577, 64164, 22015, 55647]"
115824,"[82208, 77155, 58184, 102601, 70840, 69770, 35129, 105374, 67523, 104753]"
115825,"[73273, 12758, 90224, 7633, 8246, 32669, 52673, 5222, 97335, 99712]"
115826,"[28669, 34533, 5023, 27617, 105227, 100922, 84596, 9699, 80611, 54451]"
115827,"[1921, 74760, 6645, 103390, 92288, 78912, 86020, 93234, 73019, 23642]"
115828,"[83326, 98269, 95201, 77145, 91457, 108970, 28558, 19562, 55200, 7760]"
115829,"[91880, 94226, 75999, 75389, 70869, 58691, 12176, 74374, 90664, 58384]"
115830,"[34932, 78271, 44532, 90362, 11777, 80399, 69194, 84484, 18094, 82746]"
115831,"[54872, 43655, 93667, 24299, 96910, 3111, 91564, 20617, 88279, 10713]"
115832,"[105222, 86192, 80468, 28973, 103315, 106993, 93097, 22877, 9888, 102988]"
115833,"[79869, 44209, 10797, 51238, 55384, 75504, 41279, 92246, 13786, 76408]"
115834,"[27929, 95137, 4725, 102720, 92792, 102018, 84482, 55160, 64129, 61251]"
115835,"[27027, 30002, 92336, 19345, 17244, 55042, 98780, 99999, 98525, 108677]"
115836,"[39158, 53066, 93583, 10068, 2794, 74587, 26041, 74221, 39675, 61862]"
115837,"[95861, 98187, 32710, 74515, 38466, 19979, 25784, 42958, 55759, 100772]"
115838,"[62856, 11755, 82901, 85546, 63329, 80086, 24703, 26979, 17470, 2117]"
115839,"[6660, 3477, 36219, 95327, 73263, 78680, 9860, 61548, 3946, 28858]"
115840,"[2300, 1239, 99263, 23078, 52696, 17033, 75276, 91570, 34166, 24903]"
115841,"[70996, 45982, 63410, 3287, 24464, 42856, 70593, 94948, 12012, 108592]"
115842,"[72426, 65671, 84615, 100734, 79828, 9221, 54807, 24864, 95584, 158]"
115843,"[42165, 8294, 65085, 71366, 32818, 767, 30535, 13864, 84268, 26490]"
115844,"[95940, 56106, 97682, 101050, 21948, 41581, 107602, 49043, 56871, 4852]"
115845,"[39099, 16343, 96216, 42582, 48533, 49226, 72630, 70147, 51173, 65343]"
115846,"[68969, 50505, 40609, 48209, 50909, 27067, 8062, 99748, 101185, 53911]"
115847,"[55378, 42205, 100193, 86963, 99606, 22248, 107940, 38661, 52667, 83703]"
115848,"[42224, 8109, 44154, 88124, 21376, 34778, 18389, 46965, 52496, 32368]"
115849,"[60888, 17532, 19031, 76837, 59041, 4579, 69278, 88315, 78792, 63735]"
115850,"[94392, 86270, 36558, 79672, 20028, 48595, 10264, 37945, 100651, 1375]"
115851,"[38875, 38349, 60766, 83440, 83880, 24443, 54604, 108855, 16906, 20953]"
115852,"[96039, 21315, 20857, 34009, 42191, 72761, 9287, 42475, 72292, 101738]"
115853,"[22838, 41575, 49120, 36922, 57217, 11248, 91100, 71227, 51610, 53180]"
115854,"[20638, 78481, 104713, 29114, 99678, 63556, 45671, 50907, 39453, 65419]"
115855,"[907, 86777, 102197, 36374, 5630, 69908, 58586, 89440, 87070, 72483]"
115856,"[51782, 84825, 85832, 30415, 58347, 27974, 101762, 18137, 14157, 57912]"
115857,"[64896, 14566, 84015, 13167, 99800, 8693, 57196, 39810, 83877, 103475]"
115858,"[89640, 39468, 22797, 107368, 46131, 9912, 105616, 104709, 85936, 46314]"
115859,"[61609, 42206, 70836, 92026, 31819, 1234, 90692, 106796, 76191, 26776]"
115860,"[59223, 96268, 45738, 17972, 53756, 59953, 68378, 107382, 22843, 48890]"
115861,"[26728, 87261, 16910, 26999, 74844, 68271, 100206, 16360, 82451, 103724]"
115862,"[81938, 2730, 74901, 40178, 102960, 49641, 77804, 7998, 39815, 86704]"
115863,"[81742, 80068, 60864, 17034, 44447, 23987, 84944, 99872, 62087, 1689]"
115864,"[86270, 50404, 34192, 20028, 56748, 79672, 30590, 78118, 33490, 37945]"
115865,"[55292, 64033, 65731, 51435, 62054, 97809, 54503, 98139, 71514, 53488]"
115866,"[61123, 64086, 14184, 58127, 76934, 12378, 96655, 64906, 11366, 867]"
115867,"[20970, 21428, 51604, 11614, 45983, 41142, 104160, 43510, 17230, 109352]"
115868,"[83933, 39388, 25425, 65554, 101969, 28440, 51446, 84717, 20085, 79900]"
115869,"[8923, 60184, 62159, 34906, 68614, 76692, 91672, 67834, 61524, 10805]"
115870,"[62802, 85921, 77306, 6604, 97263, 31089, 6747, 31523, 83234, 29879]"
115871,"[49576, 75561, 64200, 85594, 77732, 72558, 104458, 91583, 14701, 8524]"
115872,"[82886, 90101, 65885, 88638, 72278, 98230, 31947, 18530, 31009, 61465]"
115873,"[1213, 19694, 23247, 71549, 22039, 50209, 48208, 16634, 72834, 12003]"
115874,"[67636, 63622, 97453, 35207, 58189, 1617, 65947, 43737, 57006, 80098]"
115875,"[70506, 78756, 99143, 49364, 100084, 13617, 63460, 96239, 78876, 74861]"
115876,"[39547, 53901, 60158, 52269, 85109, 77777, 64720, 79771, 102796, 24913]"
115877,"[22523, 103020, 75476, 91026, 107879, 14058, 23658, 106394, 38365, 109531]"
115878,"[68973, 27003, 85695, 106181, 87188, 95732, 93605, 7738, 45254, 96060]"
115879,"[52697, 20836, 99550, 106777, 44344, 19913, 70986, 38307, 57045, 18860]"
115880,"[37282, 99477, 32147, 22494, 33426, 72633, 76946, 41720, 105767, 83679]"
115881,"[96083, 26339, 94800, 10554, 76062, 62982, 86897, 41515, 3179, 42637]"
115882,"[100000, 30541, 49799, 8942, 40002, 76105, 38566, 55634, 21177, 5647]"
115883,"[49165, 71240, 35156, 71780, 20347, 106728, 11235, 107061, 11073, 68954]"
115884,"[83429, 75639, 97082, 79406, 8876, 42300, 82091, 73318, 89493, 2169]"
115885,"[38729, 66437, 81376, 19076, 83467, 40998, 72139, 33566, 4353, 24147]"
115886,"[88071, 13859, 75706, 66279, 62939, 88529, 59431, 38993, 37373, 18604]"
115887,"[83009, 54834, 73060, 56376, 27790, 65846, 47960, 107780, 109295, 9659]"
115888,"[27660, 34366, 3947, 64019, 66963, 571, 41016, 10060, 22709, 12061]"
115889,"[11619, 70766, 12203, 24196, 105351, 32828, 83348, 17179, 55994, 49777]"
115890,"[100298, 1051, 72762, 70612, 60536, 109448, 42600, 48546, 78776, 90759]"
115891,"[55710, 90270, 69407, 68667, 78043, 11870, 86634, 9768, 45735, 31565]"
115892,"[55802, 39548, 27027, 43589, 29849, 61871, 54490, 81549, 98525, 78529]"
115893,"[90978, 77754, 82807, 96377, 4997, 447, 35341, 23913, 86044, 29932]"
115894,"[7894, 30731, 32856, 32158, 26019, 42370, 45477, 74690, 10431, 40740]"
115895,"[7064, 101588, 103512, 15989, 84772, 4029, 98009, 95817, 40107, 45611]"
115896,"[29137, 42611, 41695, 36969, 38336, 32477, 98108, 65456, 36265, 13503]"
115897,"[85752, 36007, 54981, 70925, 14210, 18107, 83296, 91815, 43910, 1957]"
115898,"[65036, 12068, 98270, 68592, 86405, 15797, 57192, 35560, 446, 57110]"
115899,"[101968, 66396, 2363, 61310, 7322, 23054, 108306, 83559, 98480, 63743]"
115900,"[91157, 34537, 77247, 5780, 35626, 89859, 55999, 90953, 43597, 27033]"
115901,"[55843, 52163, 59506, 4765, 27337, 66015, 91759, 78498, 84339, 792]"
115902,"[70156, 42768, 49692, 79831, 5867, 94206, 72717, 7898, 81949, 7866]"
115903,"[90330, 7108, 36775, 106924, 90868, 58335, 74197, 106698, 34425, 71423]"
115904,"[8256, 45109, 29519, 12364, 45107, 27597, 56008, 107382, 27356, 58497]"
115905,"[8268, 19594, 10065, 77964, 80108, 67404, 2589, 60978, 69492, 26721]"
115906,"[35372, 43653, 46744, 30861, 48718, 3233, 87550, 71539, 92479, 75930]"
115907,"[20281, 41677, 53277, 41064, 43150, 77560, 61504, 51840, 13719, 76615]"
115908,"[104475, 109206, 60135, 45049, 54717, 65334, 17165, 82253, 19868, 105045]"
115909,"[90488, 102085, 20996, 51384, 91250, 27927, 7787, 30438, 86480, 17511]"
115910,"[13385, 1984, 44565, 12727, 103404, 88550, 46855, 93651, 37149, 30146]"
115911,"[13319, 37349, 58493, 1969, 36986, 14271, 53001, 100494, 102827, 38378]"
115912,"[97682, 25018, 17215, 15946, 96799, 102428, 77641, 19728, 65660, 107425]"
115913,"[81655, 5174, 107197, 63585, 29353, 63293, 60060, 42040, 6130, 76304]"
115914,"[92832, 17310, 107687, 64259, 10354, 14084, 83771, 93070, 89092, 100001]"
115915,"[60532, 55721, 29030, 36334, 34330, 67706, 35807, 16492, 63281, 69773]"
115916,"[104096, 102617, 28227, 89979, 82505, 7128, 45323, 29367, 20713, 31824]"
115917,"[22984, 49504, 101663, 91712, 92371, 101986, 89574, 45119, 39395, 28796]"
115918,"[40292, 5821, 2245, 17242, 43413, 50628, 109754, 44072, 63233, 56504]"
115919,"[69116, 37185, 63082, 45145, 4914, 1226, 97710, 69074, 7841, 33070]"
115920,"[98732, 17896, 109585, 15393, 19915, 40689, 64445, 75666, 64605, 63859]"
115921,"[79906, 38467, 74761, 1685, 1416, 39483, 64976, 33341, 20769, 27112]"
115922,"[4877, 52306, 106343, 6116, 71659, 44343, 72720, 35431, 7802, 107013]"
115923,"[96430, 76504, 371, 8375, 105951, 13951, 57384, 51515, 78652, 8930]"
115924,"[71239, 95456, 30678, 63264, 28024, 106548, 108307, 102787, 27612, 45156]"
115925,"[58235, 93390, 5516, 81948, 9641, 7492, 30013, 52805, 10263, 27341]"
115926,"[36219, 30866, 106053, 78680, 61548, 109314, 96224, 68897, 6660, 57905]"
115927,"[34855, 52085, 10338, 8815, 19632, 95234, 831, 89203, 75594, 97002]"
115928,"[18646, 6517, 39590, 46632, 14081, 86676, 23048, 95451, 80123, 616]"
115929,"[20335, 53692, 52768, 75435, 20577, 17514, 109477, 85165, 4183, 105389]"
115930,"[44125, 101916, 101766, 87302, 59797, 29611, 105709, 61927, 38919, 89618]"
115931,"[22547, 75327, 39598, 107512, 55675, 45512, 855, 92356, 14102, 45837]"
115932,"[40422, 80627, 19053, 99622, 8747, 22756, 55454, 50309, 105114, 7735]"
115933,"[97789, 70895, 65611, 95895, 85925, 37814, 69678, 26834, 54263, 50724]"
115934,"[8780, 105543, 4740, 70986, 108093, 72938, 37975, 77003, 629, 77195]"
115935,"[90100, 23494, 86861, 60263, 57524, 68843, 61919, 51687, 82942, 80087]"
115936,"[103667, 85054, 83689, 29204, 103113, 109510, 41858, 107616, 103709, 959]"
115937,"[43819, 34901, 67869, 48619, 76805, 67788, 100996, 14760, 59148, 53938]"
115938,"[92163, 13158, 13704, 100140, 57584, 99462, 1408, 94136, 42068, 63183]"
115939,"[6647, 28989, 55906, 76812, 65726, 13289, 22298, 93757, 78895, 43425]"
115940,"[2832, 99154, 68792, 20385, 48368, 107851, 103468, 18433, 79111, 10311]"
115941,"[55522, 75668, 9603, 80140, 4280, 18978, 11952, 18139, 15580, 57977]"
115942,"[30008, 3136, 29056, 22022, 92045, 44606, 89132, 28429, 26486, 51364]"
115943,"[102867, 68988, 2561, 31146, 18550, 85424, 10712, 63060, 45225, 70447]"
115944,"[748, 51622, 74242, 99697, 43770, 25244, 72693, 88651, 65074, 63332]"
115945,"[8484, 12917, 73778, 10781, 4678, 46419, 54069, 92992, 3437, 98040]"
115946,"[37844, 57063, 14530, 105148, 103053, 13076, 59470, 31435, 52302, 88086]"
115947,"[16843, 85576, 25268, 42557, 106335, 53994, 90645, 820, 53679, 95420]"
115948,"[8971, 70572, 107428, 2079, 101245, 36405, 36740, 69597, 93279, 52469]"
115949,"[43499, 100608, 30921, 104038, 84777, 72293, 80755, 101607, 98678, 70481]"
115950,"[27314, 76460, 84173, 61844, 7734, 77033, 34017, 36625, 96954, 19156]"
115951,"[56265, 18732, 4984, 88568, 107195, 78954, 65597, 87705, 39805, 95631]"
115952,"[51327, 45702, 16237, 2454, 12152, 50101, 695, 70909, 87224, 86612]"
115953,"[61390, 100506, 98916, 48851, 1633, 46918, 98855, 70426, 6927, 88233]"
115954,"[48840, 25361, 4346, 99293, 42271, 16970, 55495, 39205, 19983, 81057]"
115955,"[61348, 2592, 41927, 100038, 3157, 34449, 1750, 48794, 56206, 94165]"
115956,"[36792, 91332, 53113, 63514, 84086, 7531, 10153, 20999, 54988, 15977]"
115957,"[71655, 41368, 59400, 51498, 83977, 44985, 26631, 94736, 3567, 69331]"
115958,"[80853, 4079, 50763, 18069, 35755, 49974, 11012, 39748, 102584, 550]"
115959,"[10790, 2544, 53196, 72103, 68541, 109337, 47004, 25696, 106875, 40591]"
115960,"[35170, 71350, 82425, 97560, 108047, 64767, 48338, 73259, 16330, 16833]"
115961,"[47992, 72846, 68472, 80424, 58935, 10543, 16418, 70777, 63125, 53806]"
115962,"[45300, 35701, 59754, 60541, 108044, 61970, 96967, 7985, 49617, 44848]"
115963,"[38822, 30288, 78539, 51693, 71617, 109770, 96984, 15444, 96131, 2633]"
115964,"[38939, 12910, 90972, 54275, 88039, 27489, 5543, 16724, 102064, 32886]"
115965,"[54132, 37146, 92737, 23572, 51583, 28297, 104694, 83043, 50161, 86981]"
115966,"[95250, 62295, 47465, 107590, 22662, 15394, 12353, 2403, 15229, 21968]"
115967,"[49878, 52193, 51531, 55126, 48577, 92071, 21289, 13828, 70176, 78256]"
115968,"[48729, 100962, 19127, 36941, 103674, 10795, 79313, 63976, 104409, 80428]"
115969,"[4124, 58764, 25501, 53251, 53006, 74696, 20408, 7358, 90712, 103148]"
115970,"[38345, 69830, 55355, 56202, 62416, 91131, 15520, 54395, 58601, 106983]"
115971,"[70347, 61725, 15512, 53520, 12485, 103151, 42228, 59690, 39219, 68506]"
115972,"[54900, 52252, 8583, 5458, 42707, 69672, 17826, 49556, 5717, 3873]"
115973,"[78815, 45532, 31734, 73647, 95661, 10362, 70055, 78848, 65222, 38702]"
115974,"[77021, 61620, 105028, 15340, 80441, 29598, 74643, 49349, 65250, 79273]"
115975,"[23386, 40972, 98763, 95840, 5653, 56601, 64272, 96742, 35465, 99305]"
115976,"[45330, 13347, 58237, 82032, 102127, 73326, 97442, 29520, 97330, 69148]"
115977,"[40292, 41364, 63233, 17242, 99872, 54732, 2245, 96137, 33195, 66056]"
115978,"[80743, 17449, 21859, 84722, 104988, 29088, 51717, 20982, 8664, 23290]"
115979,"[58194, 9264, 57241, 10485, 70750, 76252, 40933, 70805, 100392, 71329]"
115980,"[83850, 5607, 90853, 24687, 19912, 64185, 15203, 74956, 106938, 80368]"
115981,"[81217, 60571, 78932, 53092, 43871, 21312, 34426, 9150, 72646, 53768]"
115982,"[69536, 77249, 71087, 106921, 8179, 46183, 9883, 99325, 23841, 67298]"
115983,"[77521, 54553, 24949, 94138, 56199, 29229, 589, 83056, 29209, 23173]"
115984,"[24719, 2091, 79978, 45379, 38173, 72725, 20879, 96299, 101103, 16240]"
115985,"[43345, 88072, 24653, 32399, 64074, 63617, 102176, 107934, 1356, 5842]"
115986,"[3114, 23644, 60225, 34846, 4854, 76136, 92405, 81969, 1942, 38681]"
115987,"[69178, 88462, 26111, 42775, 64229, 29063, 98805, 25839, 95830, 89506]"
115988,"[24694, 37831, 9389, 38670, 101520, 89570, 58179, 94561, 88888, 58196]"
115989,"[98708, 4838, 87505, 9792, 4911, 49349, 18813, 31804, 49277, 9595]"
115990,"[29224, 90799, 16777, 80257, 71533, 68974, 105370, 80632, 28363, 13577]"
115991,"[246, 71416, 36927, 21395, 57503, 59744, 77367, 66603, 96566, 39735]"
115992,"[35940, 40719, 105168, 99565, 8156, 83441, 67866, 88761, 7332, 14560]"
115993,"[82326, 30767, 52713, 9358, 37246, 8549, 71482, 97394, 7789, 7926]"
115994,"[61815, 104799, 82391, 91152, 104760, 17969, 83696, 92117, 65474, 24738]"
115995,"[55315, 12511, 83789, 12787, 95894, 11503, 7034, 70701, 56820, 7745]"
115996,"[78402, 33310, 92341, 10486, 81590, 14353, 37043, 63513, 64299, 2434]"
115997,"[105130, 82168, 90436, 70591, 93789, 17936, 54746, 33593, 33598, 104045]"
115998,"[95033, 17025, 28252, 56922, 83639, 10541, 77967, 47955, 64391, 43977]"
115999,"[10980, 47051, 58195, 5216, 99432, 18414, 75806, 101169, 29665, 54387]"
116000,"[94807, 21454, 76378, 75459, 89752, 91732, 41919, 43962, 4025, 46116]"
116001,"[94552, 58710, 75620, 84357, 25323, 78534, 35599, 97181, 10393, 41362]"
116002,"[64761, 83896, 63131, 104526, 36242, 79947, 95459, 43319, 32469, 103267]"
116003,"[19165, 70329, 32547, 22312, 49350, 47564, 8951, 41882, 76541, 39101]"
116004,"[53327, 46752, 48783, 86997, 65284, 73766, 86510, 57834, 102655, 30207]"
116005,"[18827, 74921, 14764, 90244, 69812, 23295, 45655, 46457, 33067, 5801]"
116006,"[15523, 44151, 57223, 3180, 54430, 23694, 79700, 6621, 39734, 51232]"
116007,"[51132, 26409, 37980, 54980, 53734, 87951, 64734, 51771, 47357, 50213]"
116008,"[77222, 105884, 67886, 6189, 50931, 91849, 64458, 42536, 37205, 102138]"
116009,"[81408, 70688, 22677, 94654, 108486, 30075, 86473, 15607, 34032, 72678]"
116010,"[78938, 51997, 71621, 38728, 89960, 102914, 16435, 58772, 73511, 95634]"
116011,"[70363, 43522, 10674, 63186, 103607, 37427, 73603, 92028, 88106, 81339]"
116012,"[28961, 63061, 34136, 6744, 32987, 4618, 79956, 53323, 75574, 19996]"
116013,"[103121, 10611, 101973, 95301, 17970, 50918, 9497, 108120, 78190, 19375]"
116014,"[85064, 67437, 92589, 100886, 9441, 9376, 63829, 34300, 82183, 4350]"
116015,"[4661, 65771, 73865, 14763, 10951, 106505, 80818, 787, 41983, 271]"
116016,"[11791, 38303, 812, 89719, 106363, 86437, 69649, 16539, 35281, 28592]"
116017,"[84005, 56214, 4607, 15560, 30587, 40197, 82528, 96138, 25533, 100402]"
116018,"[40672, 3336, 84703, 6989, 2146, 92726, 32972, 65297, 56252, 46838]"
116019,"[57091, 80043, 41009, 28051, 75674, 43978, 87467, 107418, 53367, 87607]"
116020,"[17360, 13240, 108107, 44313, 84499, 17760, 15743, 90124, 104608, 70383]"
116021,"[18860, 44344, 49516, 57045, 52697, 20836, 154, 58942, 106777, 87396]"
116022,"[95361, 7032, 64872, 60191, 68706, 14931, 84010, 63970, 53654, 35296]"
116023,"[74051, 107065, 50905, 40115, 51887, 71017, 102708, 16148, 21688, 63259]"
116024,"[77624, 103489, 72107, 57003, 44167, 61190, 85146, 19096, 83820, 2658]"
116025,"[82833, 13606, 24739, 96977, 108773, 42467, 19798, 105939, 3457, 108739]"
116026,"[5885, 2043, 100929, 65580, 47345, 43662, 55669, 67507, 64027, 38809]"
116027,"[62861, 59718, 80118, 42771, 105350, 97668, 47628, 39618, 74616, 91530]"
116028,"[96474, 52402, 82, 97275, 96115, 31707, 75563, 81465, 20181, 46351]"
116029,"[103597, 21719, 43667, 44753, 21616, 93248, 50879, 96156, 92773, 7475]"
116030,"[54052, 45579, 72255, 90225, 57815, 81762, 93941, 90200, 26880, 635]"
116031,"[12426, 88236, 949, 89035, 102387, 84101, 22339, 50304, 27996, 11120]"
116032,"[67447, 99193, 82482, 30567, 41439, 56995, 89907, 96243, 90632, 47320]"
116033,"[252, 29550, 52772, 69588, 19546, 77890, 66861, 79406, 519, 97559]"
116034,"[105368, 21314, 26744, 7889, 66726, 71789, 41894, 13863, 63736, 33506]"
116035,"[85431, 96283, 87905, 65576, 92592, 74125, 12661, 60321, 23220, 14668]"
116036,"[39866, 22735, 16466, 19100, 30474, 55043, 73771, 58549, 18166, 48167]"
116037,"[77614, 18553, 75065, 75092, 35987, 28191, 97505, 85924, 8424, 28449]"
116038,"[103392, 64096, 100858, 86162, 91858, 1930, 16204, 89653, 71212, 89538]"
116039,"[59473, 15468, 10323, 102791, 82045, 20450, 55724, 87651, 105952, 5378]"
116040,"[92240, 49683, 107335, 5084, 60593, 80836, 26327, 23966, 4495, 56015]"
116041,"[109043, 61246, 73386, 96305, 104016, 26774, 52344, 64753, 72589, 6692]"
116042,"[65925, 73321, 44080, 103392, 49417, 20479, 12486, 95396, 156, 71212]"
116043,"[12758, 25305, 99712, 105588, 89663, 35806, 12474, 99873, 54493, 8246]"
116044,"[106379, 87978, 41901, 102563, 24022, 37540, 97916, 67877, 47889, 14625]"
116045,"[13646, 65276, 94183, 43919, 39352, 25366, 18703, 99898, 71095, 83274]"
116046,"[58683, 96292, 13934, 60135, 48032, 27054, 34538, 46000, 16341, 103234]"
116047,"[42372, 78636, 70819, 59542, 39113, 13181, 18647, 53718, 25955, 41382]"
116048,"[19975, 82566, 67232, 48175, 21823, 78407, 102191, 10582, 15120, 29514]"
116049,"[59555, 100940, 3597, 51381, 105482, 40151, 104044, 56861, 72062, 35911]"
116050,"[63187, 64067, 19972, 28641, 66961, 23432, 49221, 20248, 95555, 94686]"
116051,"[6084, 28560, 78332, 54846, 107218, 92682, 77532, 28915, 95516, 58667]"
116052,"[84021, 103614, 35497, 5590, 82152, 28540, 46034, 59771, 65865, 25895]"
116053,"[57501, 44341, 31962, 40351, 39745, 72609, 27721, 30639, 77032, 42727]"
116054,"[88462, 91229, 57672, 98805, 95830, 34150, 81140, 29063, 59552, 89506]"
116055,"[51241, 42813, 49825, 9961, 101218, 71044, 82090, 76419, 108836, 99885]"
116056,"[16627, 63538, 40208, 101600, 98272, 10746, 62123, 74306, 106220, 85666]"
116057,"[90805, 66341, 83307, 55644, 67875, 82404, 12769, 77160, 47775, 66327]"
116058,"[76258, 3575, 75794, 70279, 73580, 96065, 23689, 76930, 73856, 1339]"
116059,"[73505, 103805, 93006, 96576, 39318, 72631, 58900, 95797, 86312, 32394]"
116060,"[6686, 107902, 37134, 33564, 5718, 61006, 77979, 53026, 85207, 102352]"
116061,"[9735, 67693, 49347, 97752, 32564, 74232, 102541, 67843, 30471, 43092]"
116062,"[62747, 82440, 99480, 56659, 56979, 86063, 106026, 105627, 25574, 3283]"
116063,"[96132, 80112, 42169, 99006, 101193, 69276, 109291, 27587, 78963, 87400]"
116064,"[53649, 67591, 98277, 106116, 95900, 61096, 38857, 94726, 93591, 106275]"
116065,"[64149, 101117, 84, 12392, 96059, 40784, 86651, 27615, 11901, 102884]"
116066,"[45489, 79908, 86484, 44834, 59884, 89060, 71578, 83325, 20483, 59301]"
116067,"[4722, 40468, 88970, 104276, 18678, 13035, 37325, 90452, 31187, 26518]"
116068,"[45809, 78824, 26576, 66102, 105137, 67471, 74197, 88083, 80053, 92760]"
116069,"[79932, 74665, 22769, 37070, 23929, 69959, 16323, 85864, 55896, 18912]"
116070,"[63235, 36845, 22438, 19815, 95561, 69716, 80346, 77736, 32462, 93588]"
116071,"[48735, 73388, 3409, 31417, 29321, 1474, 53119, 39976, 10241, 44963]"
116072,"[83211, 93056, 89721, 31004, 107249, 41233, 19927, 23907, 48853, 91782]"
116073,"[2360, 49929, 67203, 63094, 1994, 75001, 38841, 96124, 3149, 39740]"
116074,"[75648, 82960, 13092, 93553, 53785, 90699, 32400, 31456, 39019, 48084]"
116075,"[10853, 41235, 75157, 45602, 53945, 94661, 76896, 31087, 43373, 8414]"
116076,"[104212, 63135, 73581, 26396, 96351, 6766, 96700, 6380, 109199, 27077]"
116077,"[6505, 15102, 46872, 9876, 85996, 72269, 10073, 67936, 48304, 8330]"
116078,"[92430, 102451, 26882, 64500, 56953, 97075, 63760, 85438, 69863, 10295]"
116079,"[94391, 98657, 6104, 6788, 35245, 91484, 61190, 56750, 65677, 34803]"
116080,"[79174, 64679, 24623, 39436, 48252, 97555, 79557, 49070, 29464, 6512]"
116081,"[94795, 85641, 85985, 22989, 38670, 74605, 70858, 11862, 55992, 69540]"
116082,"[60812, 50440, 52048, 12700, 46381, 89950, 31127, 63667, 52064, 100272]"
116083,"[83508, 14130, 79126, 42015, 71024, 80857, 101532, 45590, 58552, 66469]"
116084,"[99015, 77128, 92966, 35362, 8516, 74908, 20733, 25165, 77434, 26125]"
116085,"[5639, 11698, 108389, 13466, 46368, 56545, 78574, 23466, 14539, 430]"
116086,"[107216, 73679, 57852, 3069, 59082, 16308, 39704, 91854, 12564, 40527]"
116087,"[107815, 62259, 96201, 79709, 14492, 81355, 67348, 43460, 39557, 42099]"
116088,"[42564, 99993, 38561, 101980, 102851, 55463, 102468, 105173, 100499, 17919]"
116089,"[55959, 99114, 2365, 48393, 104242, 24471, 10896, 73602, 60054, 73889]"
116090,"[50708, 73842, 51932, 15062, 46109, 82399, 15595, 9131, 71900, 18030]"
116091,"[55761, 12116, 24361, 45757, 94438, 26657, 9169, 31141, 33255, 102310]"
116092,"[15560, 84005, 81621, 68768, 30116, 56214, 109124, 50981, 82528, 4607]"
116093,"[51185, 86855, 34951, 64804, 68470, 107090, 41738, 52091, 105547, 23145]"
116094,"[99323, 95139, 82765, 2548, 102817, 9931, 41800, 105891, 8651, 61629]"
116095,"[50669, 100691, 40347, 17551, 8044, 52676, 17940, 22784, 77974, 72608]"
116096,"[71789, 66726, 86825, 21314, 42872, 71647, 7889, 26744, 102652, 105368]"
116097,"[35309, 44157, 60971, 36474, 19954, 72483, 29590, 32475, 38832, 3702]"
116098,"[41780, 91560, 98589, 69240, 51330, 18873, 72249, 9569, 6830, 4686]"
116099,"[69454, 54758, 4272, 99048, 56361, 6481, 97253, 87344, 1137, 59653]"
116100,"[28618, 30116, 15560, 25533, 37795, 13880, 23171, 96455, 44172, 109124]"
116101,"[91421, 19112, 35018, 22593, 66189, 14600, 86010, 47758, 17416, 92342]"
116102,"[31891, 34400, 102673, 107102, 18991, 3172, 90313, 93063, 99161, 103402]"
116103,"[65794, 84583, 49644, 95016, 4505, 90502, 51420, 78009, 87831, 106790]"
116104,"[85311, 53559, 25378, 22219, 76819, 25346, 51172, 14280, 32511, 16517]"
116105,"[80179, 34644, 17778, 76778, 89227, 14219, 8992, 100288, 32884, 27484]"
116106,"[34002, 22635, 9546, 6169, 87225, 65015, 8700, 43563, 93360, 86653]"
116107,"[84040, 106241, 97382, 52230, 82050, 64882, 27407, 50303, 38278, 102262]"
116108,"[101370, 40434, 11272, 85905, 51766, 68116, 72419, 17199, 51099, 13725]"
116109,"[91187, 28965, 2933, 107966, 81957, 93421, 43247, 12737, 72175, 75346]"
116110,"[14379, 76288, 83753, 69302, 3654, 73534, 43664, 105063, 25855, 23791]"
116111,"[57040, 63247, 6578, 36429, 12885, 8999, 85264, 352, 61982, 75773]"
116112,"[88511, 76633, 9254, 62863, 105761, 92050, 14473, 78666, 7719, 56529]"
116113,"[101705, 104473, 9852, 65881, 46541, 105852, 82083, 102482, 58954, 4181]"
116114,"[22485, 79130, 79713, 85533, 53745, 75799, 69666, 23183, 8813, 105674]"
116115,"[81683, 89986, 50968, 63811, 90573, 30130, 97028, 86703, 85739, 36062]"
116116,"[62805, 76186, 56012, 52000, 48183, 14934, 45754, 144, 861, 84132]"
116117,"[27363, 26603, 105404, 32812, 21764, 19590, 6804, 70719, 31469, 69357]"
116118,"[90859, 53548, 75124, 14854, 65653, 77617, 77109, 57218, 10090, 11350]"
116119,"[105067, 47346, 35479, 103936, 46583, 106652, 6723, 78732, 98344, 789]"
116120,"[22065, 53812, 68773, 11175, 66581, 18553, 22305, 32503, 86590, 75002]"
116121,"[96373, 33061, 15145, 86475, 58561, 76246, 14749, 70444, 56287, 34357]"
116122,"[93318, 48813, 33611, 80144, 15329, 68527, 61671, 13038, 96918, 108186]"
116123,"[12947, 97498, 37476, 101935, 61620, 102951, 5075, 23479, 51002, 8719]"
116124,"[77988, 47295, 30864, 19379, 86880, 50203, 100842, 87239, 26829, 5435]"
116125,"[79398, 102166, 20159, 30154, 19352, 76150, 94178, 106695, 75234, 68046]"
116126,"[13521, 50228, 77601, 93064, 53392, 56054, 106244, 68254, 105146, 103616]"
116127,"[71397, 69864, 48558, 81054, 68584, 102021, 55485, 21756, 18294, 7976]"
116128,"[65141, 42891, 41553, 76404, 94160, 105932, 25865, 85776, 17725, 62554]"
116129,"[84807, 72043, 8765, 36721, 34362, 74195, 65286, 27154, 88923, 30672]"
116130,"[55938, 105181, 34250, 5182, 8089, 88883, 109427, 61202, 44702, 63508]"
116131,"[90188, 64409, 37521, 93917, 7281, 77469, 22343, 96827, 101744, 44626]"
116132,"[88337, 43334, 105995, 9469, 98495, 83112, 90511, 73791, 96431, 21705]"
116133,"[80129, 18617, 63378, 102294, 96970, 98757, 67891, 61753, 13746, 47028]"
116134,"[42696, 32329, 100844, 93360, 43675, 10348, 100217, 91559, 22635, 103962]"
116135,"[49732, 31564, 104107, 37428, 82846, 72337, 20809, 105194, 59970, 101977]"
116136,"[24867, 60091, 6567, 15844, 28333, 80641, 18275, 62793, 77928, 29800]"
116137,"[23337, 91639, 72514, 105098, 1518, 1537, 23123, 105116, 48964, 18445]"
116138,"[93958, 7724, 27533, 101323, 88508, 101621, 69221, 16470, 14994, 44322]"
116139,"[7501, 63685, 37885, 30542, 105483, 45182, 83361, 104591, 66705, 41690]"
116140,"[108436, 99286, 79295, 10537, 83101, 65080, 46327, 99024, 33220, 62480]"
116141,"[16726, 98355, 10541, 16913, 88912, 68841, 104041, 15996, 31721, 95231]"
116142,"[59719, 11208, 74160, 97611, 22824, 9560, 65291, 23861, 24998, 104990]"
116143,"[42813, 97784, 2223, 27200, 17521, 29777, 101047, 54134, 102329, 62710]"
116144,"[19266, 95738, 27460, 5230, 29251, 54687, 10018, 35368, 74196, 98940]"
116145,"[23263, 29775, 47198, 83819, 51657, 108652, 19840, 7760, 98269, 25614]"
116146,"[97594, 4364, 14826, 33817, 54616, 84970, 49040, 80116, 26574, 47690]"
116147,"[79352, 7467, 63629, 44431, 93448, 106810, 96743, 92468, 81526, 90778]"
116148,"[62154, 3914, 9707, 75824, 16622, 109329, 57968, 68075, 63068, 108811]"
116149,"[2645, 35094, 78124, 2552, 73391, 33059, 47716, 63453, 84160, 105771]"
116150,"[68704, 96659, 12297, 31814, 81728, 49714, 49488, 80643, 26517, 49270]"
116151,"[100002, 68271, 90066, 72725, 84912, 101458, 74987, 49319, 12818, 102305]"
116152,"[23847, 20378, 87805, 25008, 106572, 3329, 59067, 81386, 46842, 77243]"
116153,"[74495, 18029, 54298, 68147, 101489, 98479, 99302, 66431, 34810, 42531]"
116154,"[3310, 2292, 40266, 8737, 71911, 32001, 30194, 17117, 83339, 38056]"
116155,"[12784, 47323, 41775, 17360, 17489, 107355, 27325, 44858, 70161, 52166]"
116156,"[66873, 82690, 43270, 31099, 37893, 7588, 14309, 29721, 16520, 87666]"
116157,"[108627, 90279, 10171, 34755, 73878, 36392, 96468, 21645, 45362, 7830]"
116158,"[14485, 52958, 97311, 23854, 9675, 50789, 2993, 57179, 30118, 78121]"
116159,"[96234, 75596, 79778, 4413, 46630, 43391, 31262, 75804, 41274, 95162]"
116160,"[26099, 71743, 42979, 36951, 32524, 46885, 62571, 89445, 1974, 2723]"
116161,"[65517, 75080, 13198, 39554, 85802, 89350, 63975, 70185, 20385, 27396]"
116162,"[78537, 35906, 15097, 14894, 87005, 11782, 105826, 93883, 2893, 61709]"
116163,"[79661, 100165, 45685, 103674, 36941, 71846, 24086, 54485, 33369, 47239]"
116164,"[15269, 99124, 634, 32099, 33109, 30700, 4310, 706, 6075, 57609]"
116165,"[100203, 8959, 7931, 34582, 41189, 17625, 23201, 101740, 93552, 85004]"
116166,"[42561, 75438, 4365, 5214, 38799, 70567, 36976, 14137, 91823, 89583]"
116167,"[23202, 22061, 72561, 109536, 54185, 47485, 14651, 68266, 59575, 26488]"
116168,"[22051, 71803, 64743, 49469, 68192, 58016, 65236, 80604, 106306, 75332]"
116169,"[69885, 104062, 17262, 64352, 93009, 58089, 76924, 9141, 84959, 21312]"
116170,"[43977, 62078, 69178, 52428, 95033, 83253, 43690, 93004, 88912, 108917]"
116171,"[81744, 26069, 18908, 58162, 62436, 19837, 878, 24585, 71256, 24983]"
116172,"[34297, 65028, 66001, 104478, 86205, 87660, 65279, 81044, 2721, 55770]"
116173,"[88755, 31316, 40863, 12307, 92086, 94677, 71315, 21486, 51566, 96403]"
116174,"[63030, 2789, 107154, 28537, 99877, 6877, 107209, 87846, 100821, 19033]"
116175,"[23757, 40656, 100349, 35497, 70518, 77375, 44700, 21786, 103313, 84021]"
116176,"[71120, 100056, 108172, 104940, 52810, 12786, 49507, 104327, 76024, 64009]"
116177,"[87587, 69952, 25192, 94209, 5423, 100558, 65722, 2374, 98352, 85906]"
116178,"[27661, 22122, 18708, 80387, 63666, 1489, 106723, 7271, 20894, 96048]"
116179,"[62938, 65728, 74134, 4978, 49511, 65170, 30754, 60916, 11506, 81681]"
116180,"[59443, 79528, 81500, 77924, 577, 30724, 68692, 106960, 107200, 20595]"
116181,"[96358, 106613, 16511, 91134, 101275, 80595, 47744, 36794, 55158, 66990]"
116182,"[37476, 102951, 17443, 51002, 12947, 27727, 37367, 54660, 101935, 97498]"
116183,"[9173, 72633, 1086, 5380, 8633, 92638, 41941, 60779, 56177, 34491]"
116184,"[33471, 73330, 87444, 94995, 59829, 102237, 91634, 12181, 74292, 78728]"
116185,"[105533, 109534, 29910, 103208, 43616, 12174, 17459, 62939, 9348, 107346]"
116186,"[53436, 3710, 71101, 88286, 54151, 32751, 100056, 17444, 4974, 45338]"
116187,"[58187, 68379, 86586, 78170, 96076, 103773, 73357, 30247, 68817, 26625]"
116188,"[66677, 68207, 78871, 24805, 78469, 22295, 109735, 25582, 24118, 88205]"
116189,"[23744, 53576, 84072, 73906, 32798, 55692, 1008, 27265, 38072, 50271]"
116190,"[78134, 105118, 27745, 31148, 10392, 97060, 107357, 27719, 53311, 1400]"
116191,"[79261, 42989, 66075, 26720, 1395, 104424, 70467, 5195, 34062, 43846]"
116192,"[102349, 9248, 60151, 73185, 23094, 61357, 27417, 87008, 40206, 59149]"
116193,"[87571, 8454, 4703, 84794, 15901, 19698, 13191, 12313, 27979, 52755]"
116194,"[85141, 86220, 91183, 91279, 67476, 57425, 96443, 15552, 104529, 7380]"
116195,"[31605, 54529, 90056, 49778, 102551, 55228, 95178, 105339, 43574, 11990]"
116196,"[99564, 82808, 10564, 95981, 56144, 96626, 77266, 42157, 44094, 11104]"
116197,"[106273, 72919, 19250, 96472, 49843, 87234, 43032, 74802, 11205, 3174]"
116198,"[77173, 90545, 18248, 58928, 7973, 29825, 62798, 32939, 53939, 94161]"
116199,"[78062, 13032, 68098, 2931, 28783, 2483, 91740, 16509, 41678, 68279]"
116200,"[35270, 68943, 60268, 101575, 41464, 94120, 27607, 74409, 103002, 41157]"
116201,"[55159, 83659, 55039, 30547, 77566, 32179, 91452, 75267, 18146, 88324]"
116202,"[1695, 74816, 152, 12607, 51806, 71898, 24656, 47046, 88991, 21581]"
116203,"[19704, 90890, 40688, 89891, 21465, 61897, 58321, 51425, 74656, 93717]"
116204,"[6602, 78371, 69185, 4339, 20419, 43273, 6875, 52485, 11751, 53524]"
116205,"[75492, 32871, 30495, 105467, 2116, 30682, 15622, 74706, 78938, 14546]"
116206,"[18898, 4597, 40096, 41849, 72039, 61408, 32826, 67281, 67867, 65657]"
116207,"[32604, 108892, 25918, 59404, 16721, 35882, 23515, 3326, 56314, 57311]"
116208,"[106087, 4949, 95194, 100062, 96590, 65999, 64541, 72906, 41475, 36371]"
116209,"[33277, 51811, 90760, 30383, 87828, 26196, 5861, 58276, 56033, 85951]"
116210,"[23424, 23453, 68433, 62235, 21488, 9995, 36642, 85128, 18457, 101573]"
116211,"[31968, 71907, 84328, 48754, 65581, 52408, 63276, 106296, 36094, 27248]"
116212,"[104910, 90396, 57328, 103601, 71472, 59972, 40480, 108252, 77076, 84464]"
116213,"[56762, 57527, 92883, 106588, 85057, 36302, 34878, 92, 68802, 38142]"
116214,"[54563, 50069, 25753, 89597, 101643, 60621, 95442, 48862, 105123, 5853]"
116215,"[76935, 82201, 18320, 26555, 93901, 62276, 37586, 6679, 81817, 74291]"
116216,"[102165, 7748, 7641, 83503, 79600, 29780, 48030, 60334, 72160, 102820]"
116217,"[6026, 49747, 64022, 48550, 1743, 39718, 55794, 47068, 94227, 56341]"
116218,"[106737, 83134, 93096, 102192, 42414, 98338, 42658, 33973, 97224, 80031]"
116219,"[59678, 56227, 62891, 84596, 56646, 85554, 81839, 5060, 2883, 4098]"
116220,"[37651, 53124, 40390, 101669, 49205, 84723, 37115, 107559, 94548, 88317]"
116221,"[18350, 91901, 85541, 83838, 60200, 46836, 107295, 47675, 94866, 48780]"
116222,"[4108, 11089, 29169, 67286, 90469, 22216, 105138, 53340, 80458, 2149]"
116223,"[48990, 561, 86049, 27742, 102333, 100153, 103040, 65738, 18528, 76223]"
116224,"[77065, 98565, 77794, 11617, 104728, 50510, 86653, 80190, 75298, 59313]"
116225,"[102388, 23282, 55850, 49830, 108962, 45149, 83785, 21413, 30950, 27209]"
116226,"[91673, 83196, 78410, 15148, 3998, 10753, 9409, 101903, 14720, 106057]"
116227,"[109628, 89699, 88236, 27174, 77585, 87009, 104641, 36005, 67522, 108326]"
116228,"[18901, 66985, 21288, 2276, 64830, 65583, 89692, 98331, 63433, 24325]"
116229,"[77795, 17267, 34664, 103980, 57558, 43852, 28992, 81360, 61717, 37345]"
116230,"[78278, 5617, 98804, 68723, 54320, 13541, 25279, 106113, 56507, 53340]"
116231,"[25564, 2903, 109543, 16291, 45282, 27393, 102008, 87726, 98056, 81849]"
116232,"[95865, 95806, 98931, 46579, 77828, 7205, 88818, 38949, 29939, 33639]"
116233,"[3258, 14282, 90285, 101389, 41138, 40719, 35940, 7332, 15848, 65376]"
116234,"[50125, 62523, 15587, 7175, 52347, 96978, 23961, 33196, 28823, 32701]"
116235,"[5832, 48706, 96817, 92184, 30780, 45818, 68434, 71125, 98918, 11267]"
116236,"[32547, 106107, 76541, 39101, 54500, 25136, 79965, 12464, 26397, 15960]"
116237,"[40720, 47440, 91812, 59304, 86965, 6192, 55430, 85081, 12201, 29484]"
116238,"[18653, 30151, 41469, 12989, 24353, 31172, 6454, 103406, 48827, 74581]"
116239,"[25774, 17513, 58817, 99525, 90060, 35171, 48789, 108501, 63129, 35972]"
116240,"[20256, 89070, 25838, 91629, 106399, 32591, 60517, 107514, 29152, 33963]"
116241,"[86381, 22367, 76509, 84991, 94444, 4831, 63028, 11061, 17105, 9440]"
116242,"[48771, 109307, 8537, 15230, 2282, 32557, 107380, 92587, 3778, 61711]"
116243,"[34951, 107090, 105547, 84053, 37595, 13363, 51185, 86855, 52665, 53925]"
116244,"[45067, 68002, 4085, 8507, 91717, 60228, 30172, 72972, 43390, 44172]"
116245,"[72303, 62951, 67401, 66451, 48773, 52689, 56340, 86416, 58006, 49358]"
116246,"[80803, 72634, 29658, 26135, 39746, 33476, 50002, 73984, 46433, 81514]"
116247,"[98157, 23194, 4848, 73312, 12050, 22549, 88306, 65666, 7485, 91392]"
116248,"[95663, 59624, 3085, 61652, 18039, 73167, 79371, 72659, 28854, 37757]"
116249,"[14770, 24547, 67825, 20794, 56082, 26924, 83907, 90317, 84684, 12883]"
116250,"[81868, 85566, 103144, 88245, 1674, 16028, 101028, 94869, 59484, 51240]"
116251,"[78985, 59871, 109694, 49800, 22756, 55454, 72002, 51166, 106408, 107432]"
116252,"[22957, 40093, 50482, 86805, 54219, 32793, 108903, 108002, 92556, 80801]"
116253,"[59022, 40556, 80714, 2646, 14448, 33597, 25265, 46437, 103082, 54381]"
116254,"[15590, 97361, 41592, 29426, 35748, 80962, 7370, 67699, 102180, 86814]"
116255,"[83014, 81484, 1525, 34057, 79893, 86768, 4479, 72985, 100956, 50124]"
116256,"[104627, 68853, 20838, 25067, 68974, 2939, 5495, 83190, 16607, 8166]"
116257,"[53980, 18448, 60317, 22859, 67945, 92580, 101091, 49839, 52663, 51051]"
116258,"[58128, 34159, 60405, 9786, 94271, 17811, 104921, 103045, 37489, 104987]"
116259,"[89671, 106566, 93273, 53245, 56317, 57499, 98740, 72756, 11036, 65993]"
116260,"[70809, 40776, 49034, 26825, 87535, 98500, 80538, 77259, 48913, 84110]"
116261,"[70142, 33710, 89568, 105678, 11216, 92771, 90766, 4556, 81787, 12615]"
116262,"[100847, 101369, 20321, 108066, 86581, 7360, 80219, 59155, 62039, 75745]"
116263,"[52703, 38032, 17761, 22342, 22461, 86397, 21187, 54996, 54440, 6713]"
116264,"[4190, 19238, 47237, 98267, 98346, 1622, 23986, 63768, 33026, 21181]"
116265,"[57191, 32419, 17330, 24891, 24220, 34165, 43008, 31037, 28785, 24079]"
116266,"[1759, 103051, 4864, 10871, 22614, 91996, 40115, 320, 59072, 53630]"
116267,"[37038, 98669, 41933, 109732, 21381, 45740, 43547, 82548, 99705, 10724]"
116268,"[71928, 7461, 78110, 32803, 93713, 40771, 715, 3336, 64052, 55132]"
116269,"[52682, 55301, 91321, 53866, 68604, 59814, 86211, 10820, 6626, 33814]"
116270,"[43356, 38986, 80117, 29108, 1806, 88892, 11098, 101215, 697, 102135]"
116271,"[46582, 102332, 18696, 24894, 70148, 70983, 75875, 29295, 47045, 44574]"
116272,"[105694, 56925, 72001, 5910, 33157, 53715, 6444, 86939, 85460, 7392]"
116273,"[85888, 28021, 55250, 92374, 22127, 99850, 97151, 33096, 108132, 62962]"
116274,"[81293, 93224, 108091, 10878, 45860, 1380, 93397, 105860, 22429, 50434]"
116275,"[3430, 32389, 42426, 17567, 68178, 93223, 74224, 54106, 82671, 106775]"
116276,"[97750, 38136, 12669, 97196, 65366, 103650, 101024, 83790, 9812, 80839]"
116277,"[54714, 85321, 97565, 47180, 104140, 929, 74882, 52688, 39337, 85261]"
116278,"[102013, 42102, 13022, 101136, 62339, 51694, 65708, 66209, 94802, 34913]"
116279,"[44294, 43250, 99001, 93240, 62639, 54386, 15135, 94952, 46720, 30001]"
116280,"[93542, 5380, 60833, 18118, 8633, 97604, 109099, 52257, 99248, 9173]"
116281,"[90109, 96691, 15792, 59940, 35639, 72923, 86362, 88446, 2307, 25557]"
116282,"[2967, 101926, 29684, 8712, 18905, 64436, 60306, 71150, 102491, 38224]"
116283,"[78683, 66330, 32479, 58871, 76316, 77759, 40871, 75453, 4819, 53710]"
116284,"[70882, 27559, 44320, 26445, 18825, 15493, 99939, 31868, 23462, 93685]"
116285,"[10027, 93034, 82247, 71587, 86329, 4842, 69762, 68213, 50557, 81091]"
116286,"[15678, 62828, 74079, 108797, 71314, 72118, 50000, 54555, 36345, 1664]"
116287,"[56378, 101397, 96286, 46498, 71116, 49495, 11287, 31447, 26296, 22538]"
116288,"[18586, 78377, 10915, 78557, 16873, 11688, 21353, 78405, 39923, 78936]"
116289,"[107491, 19867, 51866, 30419, 73146, 62791, 11124, 67592, 14132, 63151]"
116290,"[15458, 96828, 13749, 35671, 36325, 80448, 89569, 94672, 29622, 30519]"
116291,"[83624, 28448, 11091, 62000, 57351, 55498, 74147, 48169, 70285, 11131]"
116292,"[98990, 99386, 54893, 89077, 82081, 85429, 7161, 9086, 81415, 31654]"
116293,"[23467, 54399, 17673, 5945, 15888, 36918, 55344, 35746, 22942, 71865]"
116294,"[69850, 85922, 30331, 86021, 15759, 5385, 25824, 42320, 68952, 33201]"
116295,"[55545, 16479, 35399, 22032, 61036, 65898, 27068, 59707, 84284, 17608]"
116296,"[67355, 71137, 59966, 99378, 1680, 1465, 5805, 39654, 14013, 1993]"
116297,"[49728, 103049, 31693, 24808, 59291, 22605, 24374, 55213, 69050, 78196]"
116298,"[84781, 19723, 33763, 56097, 18361, 12851, 61693, 63916, 2635, 4846]"
116299,"[21019, 81294, 29868, 8467, 65226, 22994, 41896, 95899, 69423, 26891]"
116300,"[59224, 8808, 63811, 71023, 84870, 41866, 100082, 273, 94154, 91906]"
116301,"[105746, 32269, 72432, 86870, 72253, 55609, 100089, 2263, 103984, 19397]"
116302,"[88632, 59215, 73972, 103873, 50415, 9480, 32959, 49063, 27093, 26504]"
116303,"[94245, 89050, 94167, 45404, 63207, 60955, 17362, 19734, 68495, 90772]"
116304,"[42553, 68796, 89103, 78904, 95560, 33992, 5973, 28901, 90081, 75143]"
116305,"[66385, 15910, 29823, 63723, 52213, 97847, 30026, 19203, 199, 104203]"
116306,"[27089, 88031, 24961, 17964, 538, 73700, 26922, 5415, 91159, 88618]"
116307,"[88182, 80232, 4761, 20382, 85245, 36013, 100347, 99826, 92942, 28450]"
116308,"[50097, 9999, 77265, 64028, 10916, 35318, 106545, 24890, 91723, 73585]"
116309,"[106842, 104715, 15054, 79456, 77505, 100735, 48757, 52145, 106240, 47797]"
116310,"[81656, 27495, 28512, 36669, 105911, 71523, 85018, 99839, 1032, 81912]"
116311,"[6484, 18230, 57140, 19319, 86284, 104264, 69000, 102946, 71275, 73604]"
116312,"[9113, 67529, 27738, 20588, 57492, 107893, 83753, 95220, 64022, 73044]"
116313,"[10091, 3058, 54756, 37671, 21036, 19269, 22792, 44129, 35258, 92824]"
116314,"[65664, 65735, 9165, 107979, 99938, 10025, 71477, 69491, 72899, 61672]"
116315,"[98620, 54117, 20984, 72909, 99326, 85852, 68831, 95816, 84300, 42987]"
116316,"[11035, 66972, 27596, 71232, 63779, 7577, 30665, 71948, 32848, 9140]"
116317,"[97076, 76388, 42592, 22688, 3805, 103529, 48172, 59015, 73130, 68789]"
116318,"[101463, 90871, 109657, 21054, 106864, 103709, 959, 70667, 21807, 73214]"
116319,"[74332, 66619, 6103, 46075, 94541, 22169, 88750, 96725, 53940, 32634]"
116320,"[51938, 48375, 80864, 45616, 46653, 26385, 36134, 2663, 109076, 70756]"
116321,"[98110, 6876, 21852, 10419, 66294, 58369, 69855, 63851, 22327, 108863]"
116322,"[55620, 36964, 59454, 87560, 2227, 58180, 98034, 88739, 75524, 78466]"
116323,"[44462, 46890, 97425, 1023, 14382, 3254, 12386, 41249, 36093, 96800]"
116324,"[71320, 193, 12914, 18566, 4854, 44186, 73289, 57107, 15141, 87278]"
116325,"[15935, 32243, 19806, 80228, 33672, 38054, 83604, 63185, 48560, 54095]"
116326,"[37520, 8434, 68841, 71587, 64484, 72045, 72179, 10541, 69178, 17056]"
116327,"[12229, 50340, 69553, 23469, 62781, 97608, 96706, 91277, 59217, 70840]"
116328,"[29263, 21055, 67844, 9950, 87177, 76904, 60980, 93603, 99447, 15633]"
116329,"[25218, 69445, 71429, 20625, 97967, 106159, 85958, 95551, 27053, 51738]"
116330,"[93342, 63304, 45884, 27572, 66807, 34345, 49801, 95772, 17990, 82381]"
116331,"[21624, 107409, 66466, 75457, 54928, 86600, 59456, 1280, 45903, 45445]"
116332,"[57934, 38105, 104376, 798, 46214, 24169, 37442, 40010, 52887, 43319]"
116333,"[17313, 68534, 72524, 100758, 108042, 41282, 49378, 3399, 38425, 109712]"
116334,"[31068, 81436, 24498, 105301, 28365, 82056, 42078, 39780, 7829, 81580]"
116335,"[99247, 25255, 81320, 97502, 101131, 38005, 93432, 30576, 91048, 32981]"
116336,"[91982, 74366, 71904, 101356, 51823, 14718, 80524, 34080, 21915, 86438]"
116337,"[57042, 81091, 74957, 37169, 19637, 93034, 54978, 59033, 52894, 101674]"
116338,"[43680, 57792, 43620, 77765, 98473, 90899, 28611, 58914, 84909, 74269]"
116339,"[36737, 7859, 81858, 7401, 106929, 88818, 55301, 73769, 33639, 68498]"
116340,"[98938, 67504, 36997, 11592, 61894, 79382, 33829, 74322, 32796, 22563]"
116341,"[89095, 50398, 22789, 70219, 72667, 72724, 62961, 49751, 98808, 14422]"
116342,"[28119, 7585, 79364, 87049, 68669, 67738, 71305, 81651, 19355, 31544]"
116343,"[53453, 27875, 5205, 52571, 1026, 102532, 47341, 109365, 96106, 39065]"
116344,"[61471, 73175, 43103, 44583, 94850, 15649, 102747, 48540, 10243, 58574]"
116345,"[65847, 73837, 67115, 22825, 418, 98096, 60837, 47493, 107912, 79425]"
116346,"[57528, 23602, 41275, 79157, 26457, 72590, 70471, 33713, 38030, 14069]"
116347,"[66465, 68698, 85257, 39697, 37026, 39239, 101537, 38035, 5047, 83465]"
116348,"[22854, 105987, 12097, 34495, 8180, 44870, 52842, 42151, 5376, 31044]"
116349,"[9558, 37492, 25922, 64875, 103308, 16571, 22071, 16174, 23489, 9811]"
116350,"[42123, 46040, 61129, 93558, 77160, 28386, 45174, 16137, 32528, 105139]"
116351,"[105845, 79831, 13015, 16340, 5350, 70156, 49692, 72717, 105178, 31432]"
116352,"[91831, 98275, 81299, 65561, 37339, 55287, 21829, 97654, 100949, 102519]"
116353,"[97756, 106058, 83546, 16215, 12342, 48146, 59335, 107207, 82721, 53934]"
116354,"[56597, 78500, 64410, 94368, 33078, 95214, 88010, 37920, 97231, 1668]"
116355,"[61013, 57044, 30527, 77204, 41447, 102706, 24335, 51148, 26845, 16172]"
116356,"[85442, 51581, 46209, 67840, 99117, 104876, 15731, 19849, 42981, 19529]"
116357,"[22875, 64526, 44016, 43603, 73852, 60067, 107333, 51389, 85779, 69391]"
116358,"[20501, 100637, 48957, 18737, 3708, 6462, 66491, 37923, 70689, 2999]"
116359,"[52125, 49842, 2898, 76126, 93266, 49580, 1234, 92654, 9911, 61574]"
116360,"[52975, 86489, 15202, 19463, 49105, 79691, 13373, 545, 713, 45925]"
116361,"[104967, 45885, 58572, 11321, 30242, 73471, 68455, 100542, 96350, 17767]"
116362,"[42561, 36976, 5214, 109317, 75438, 89649, 1112, 85222, 38448, 38799]"
116363,"[102478, 88313, 109156, 30113, 22990, 26606, 74339, 74753, 106233, 382]"
116364,"[27166, 26536, 78672, 51534, 15512, 106481, 49645, 90429, 5308, 74613]"
116365,"[28917, 87757, 50012, 27231, 67287, 3077, 735, 101052, 13803, 57807]"
116366,"[72033, 67059, 64494, 2080, 3919, 11031, 83790, 35202, 25664, 107506]"
116367,"[57299, 44822, 50043, 4344, 83347, 10465, 36657, 52679, 59423, 33562]"
116368,"[86627, 26510, 82853, 11985, 29083, 76445, 79639, 38263, 7161, 76723]"
116369,"[89712, 28418, 7427, 81592, 19914, 89465, 60041, 92542, 77425, 103580]"
116370,"[92964, 29972, 39982, 104055, 54997, 16561, 58802, 74152, 86282, 19102]"
116371,"[82741, 102164, 32606, 81445, 47828, 9302, 49418, 10879, 37662, 86554]"
116372,"[16922, 38390, 18090, 52148, 14014, 98767, 25287, 18545, 32444, 49003]"
116373,"[17127, 27894, 46763, 59838, 14479, 20275, 43671, 50905, 107065, 43507]"
116374,"[57809, 26685, 58881, 63742, 55207, 88910, 83555, 70649, 73373, 75974]"
116375,"[89455, 34060, 60733, 32704, 75128, 23758, 22660, 70119, 68985, 66150]"
116376,"[15960, 12330, 16614, 97806, 106107, 86662, 36052, 60155, 89687, 75509]"
116377,"[88708, 10475, 23021, 61562, 83575, 15028, 37490, 82982, 51124, 97315]"
116378,"[56762, 83473, 103782, 11529, 85140, 92678, 27294, 61778, 57527, 63440]"
116379,"[24080, 55033, 41130, 102796, 38105, 60526, 16101, 33075, 798, 6960]"
116380,"[42127, 23674, 32379, 41923, 102821, 20585, 4340, 101036, 22561, 46122]"
116381,"[62857, 76703, 47118, 108330, 37404, 98893, 64363, 12171, 77039, 27786]"
116382,"[47799, 61658, 98560, 70555, 105216, 62026, 51839, 20511, 95208, 68481]"
116383,"[9494, 4100, 8546, 92875, 41960, 6340, 93966, 31077, 107601, 58776]"
116384,"[68934, 41411, 8122, 96574, 65131, 55451, 52410, 35066, 82248, 104770]"
116385,"[13822, 5417, 44813, 64558, 7962, 101221, 101529, 92107, 36012, 36353]"
116386,"[61219, 95839, 71919, 64996, 3925, 14922, 27535, 92258, 59939, 21527]"
116387,"[38606, 48371, 29992, 60651, 105482, 99238, 7015, 61783, 40444, 36583]"
116388,"[95734, 11407, 106217, 92001, 24818, 34987, 19491, 48223, 18454, 31111]"
116389,"[90264, 16717, 7923, 26270, 71096, 2358, 15005, 75277, 19122, 9916]"
116390,"[65399, 70887, 61418, 707, 26860, 42839, 20025, 96518, 99762, 36743]"
116391,"[17956, 103700, 65430, 71543, 95568, 36973, 46342, 62696, 53336, 105395]"
116392,"[95033, 64301, 43977, 51401, 16284, 83639, 10541, 77967, 47955, 64391]"
116393,"[102683, 34887, 9886, 4570, 1829, 61337, 26431, 38468, 70635, 19118]"
116394,"[99908, 94890, 29053, 55688, 65309, 37536, 22064, 54696, 24348, 74433]"
116395,"[96514, 7014, 97484, 2504, 88498, 31807, 13166, 12117, 8547, 104573]"
116396,"[6963, 61975, 55566, 23510, 67999, 2867, 42736, 108248, 95566, 93669]"
116397,"[25884, 84802, 81075, 54140, 65304, 65844, 31723, 80653, 9328, 39166]"
116398,"[9099, 38719, 17172, 15890, 39328, 95644, 95572, 67774, 102715, 92207]"
116399,"[44834, 99608, 74698, 103639, 92203, 89060, 46197, 78438, 20777, 63965]"
116400,"[20855, 18781, 76111, 75945, 97298, 75066, 87539, 26048, 35659, 64855]"
116401,"[91116, 103622, 3428, 76599, 84271, 69731, 2877, 102938, 77920, 66216]"
116402,"[22300, 102326, 16237, 103111, 41062, 93168, 51327, 58020, 95727, 29281]"
116403,"[8881, 43198, 56186, 86101, 92960, 44825, 62313, 26336, 3599, 90220]"
116404,"[72046, 55719, 101454, 58335, 44510, 59973, 77780, 106926, 50653, 74197]"
116405,"[14359, 59550, 91433, 60203, 17556, 78729, 51645, 93910, 90616, 70033]"
116406,"[11541, 70901, 104759, 105873, 107262, 109002, 36275, 8294, 72030, 93806]"
116407,"[9369, 3042, 52280, 82181, 56479, 61091, 59013, 15056, 24520, 18358]"
116408,"[59867, 16196, 31326, 47152, 34527, 34741, 103294, 63763, 106451, 99393]"
116409,"[34725, 59845, 101078, 66991, 31483, 80169, 57072, 108791, 72516, 69388]"
116410,"[39247, 13111, 12950, 84856, 39354, 66508, 58328, 9859, 7129, 105296]"
116411,"[18339, 37637, 36564, 98687, 4901, 34526, 23281, 77918, 60134, 36022]"
116412,"[35936, 102367, 55231, 23239, 53095, 92343, 49643, 39115, 80065, 18070]"
116413,"[43842, 87964, 49090, 96204, 91117, 26546, 108280, 78028, 76340, 49437]"
116414,"[52288, 105664, 38101, 19579, 86861, 92219, 23494, 80087, 68843, 95657]"
116415,"[66074, 98802, 94373, 2405, 12821, 54131, 84822, 30626, 48364, 66742]"
116416,"[103999, 25666, 90558, 37521, 96827, 53725, 37148, 18068, 60216, 38402]"
116417,"[24771, 103975, 108755, 28318, 11930, 16629, 99178, 21161, 107162, 67684]"
116418,"[6462, 81626, 96592, 77808, 104208, 28443, 6704, 18751, 756, 19157]"
116419,"[108947, 79159, 71566, 100147, 25888, 43740, 4783, 51770, 96393, 96260]"
116420,"[67688, 68095, 105852, 54558, 40338, 68863, 28746, 14195, 88483, 79527]"
116421,"[94043, 27121, 72903, 67219, 5630, 27297, 91491, 12322, 21360, 45959]"
116422,"[29019, 79480, 54371, 104419, 22255, 38075, 57301, 87676, 22712, 3567]"
116423,"[44677, 101863, 71043, 101281, 55867, 87535, 92941, 84278, 22923, 42532]"
116424,"[56303, 105864, 108541, 17843, 54396, 59415, 95933, 95573, 7863, 53544]"
116425,"[102204, 109203, 4933, 38557, 14087, 5667, 55780, 39920, 105972, 65459]"
116426,"[29553, 47000, 88149, 45073, 61145, 80340, 100224, 23532, 47617, 57729]"
116427,"[106137, 31136, 49172, 84408, 69410, 84671, 3351, 72561, 82552, 59890]"
116428,"[29034, 28860, 51632, 7756, 68422, 75529, 92232, 52168, 70791, 14500]"
116429,"[109244, 69427, 68734, 1479, 21167, 45278, 16595, 80817, 87608, 5257]"
116430,"[12461, 69012, 9798, 4801, 53060, 14387, 33009, 4885, 14320, 57673]"
116431,"[8017, 72086, 82000, 69652, 18390, 108193, 46972, 21197, 99306, 24252]"
116432,"[69800, 108777, 84262, 58885, 78286, 21936, 86679, 101730, 87739, 85469]"
116433,"[9799, 53492, 104681, 98608, 92210, 99546, 27328, 107523, 63476, 24971]"
116434,"[75622, 50182, 13164, 96388, 73159, 35740, 99081, 94749, 42489, 7691]"
116435,"[44018, 66889, 25386, 94537, 28494, 30215, 31903, 104294, 47808, 13984]"
116436,"[34143, 4787, 72680, 53273, 19568, 49769, 75177, 34133, 55927, 80717]"
116437,"[28145, 69963, 101955, 37402, 84615, 30221, 108631, 84364, 72426, 24765]"
116438,"[102559, 6119, 61606, 24536, 85364, 25961, 52019, 99249, 85501, 80146]"
116439,"[41329, 14938, 17762, 13249, 22260, 98859, 87454, 31128, 40859, 7219]"
116440,"[92174, 69375, 100974, 35492, 90529, 60496, 90457, 75103, 21475, 20392]"
116441,"[42967, 85830, 81863, 65623, 54391, 96309, 2954, 34343, 92413, 109041]"
116442,"[52259, 26496, 45452, 68285, 2316, 20376, 108203, 107435, 11515, 91371]"
116443,"[20037, 69496, 31791, 11481, 89649, 104702, 102567, 96785, 67088, 13147]"
116444,"[65876, 52307, 60119, 61059, 73892, 81555, 11521, 18372, 84471, 79468]"
116445,"[88456, 65598, 10343, 5758, 21457, 37772, 58287, 30362, 19943, 92905]"
116446,"[22124, 24322, 11822, 35068, 2374, 84979, 51614, 47931, 16094, 90071]"
116447,"[96139, 54817, 30552, 27345, 27382, 85377, 108472, 33071, 66409, 48684]"
116448,"[63186, 15668, 36082, 66764, 37427, 103607, 41084, 34450, 63612, 23263]"
116449,"[6862, 43191, 102038, 95296, 64379, 95185, 98407, 109487, 87772, 31717]"
116450,"[83286, 79363, 55176, 32823, 88832, 83817, 95738, 89802, 42278, 61278]"
116451,"[92073, 61726, 7248, 33334, 36381, 7954, 42005, 27760, 13179, 22786]"
116452,"[48252, 99517, 107198, 89168, 82413, 35580, 36931, 95843, 12323, 72956]"
116453,"[72773, 108305, 46742, 47776, 81778, 25067, 2939, 22365, 65912, 37471]"
116454,"[50971, 58662, 37674, 13937, 11281, 91554, 89738, 85133, 93750, 71935]"
116455,"[21322, 88769, 80098, 67636, 77754, 97453, 4111, 88029, 4997, 11298]"
116456,"[95352, 24150, 28042, 2640, 97373, 75176, 107197, 63585, 48458, 31527]"
116457,"[42747, 28826, 8533, 85042, 23980, 103131, 75898, 41116, 26302, 67322]"
116458,"[62828, 61634, 53765, 8155, 48155, 33849, 15678, 65637, 93808, 17211]"
116459,"[8204, 53766, 30555, 101753, 19014, 71563, 7838, 41017, 42647, 45112]"
116460,"[73146, 63151, 47184, 19867, 57093, 65112, 56031, 99598, 8864, 5387]"
116461,"[3717, 82578, 93443, 11117, 13731, 67780, 17403, 40537, 14825, 94205]"
116462,"[73589, 95536, 102368, 30095, 26231, 104286, 57980, 96677, 84718, 66736]"
116463,"[74374, 53714, 75999, 84931, 51562, 18329, 23302, 100162, 58691, 25832]"
116464,"[40998, 64117, 26437, 19076, 34869, 21218, 15088, 26591, 38719, 63609]"
116465,"[29713, 74411, 42312, 107765, 58698, 8806, 27398, 105030, 91375, 78476]"
116466,"[28795, 67892, 23009, 92566, 92927, 100308, 71142, 92336, 55042, 39548]"
116467,"[93289, 75848, 78817, 78115, 15742, 43295, 5982, 84448, 34331, 12621]"
116468,"[71172, 8356, 74858, 54534, 71664, 73405, 91817, 84116, 49259, 76265]"
116469,"[82985, 14340, 68736, 103459, 75443, 69915, 93369, 88610, 83493, 14031]"
116470,"[21187, 100445, 102658, 58865, 77280, 80996, 88297, 19491, 84455, 72081]"
116471,"[35609, 53703, 22459, 34443, 12608, 91589, 67182, 32221, 20766, 82387]"
116472,"[55676, 60428, 52709, 101747, 40416, 90814, 52116, 66022, 76573, 42051]"
116473,"[59922, 50270, 5080, 17843, 59415, 92841, 90960, 44656, 56303, 36829]"
116474,"[96262, 100438, 101544, 42586, 102420, 66144, 97758, 10326, 68388, 6081]"
116475,"[51836, 26662, 70958, 9198, 96548, 98611, 89121, 21109, 83155, 1320]"
116476,"[43366, 33449, 101613, 66145, 36378, 81217, 98750, 16192, 104151, 27269]"
116477,"[6911, 63726, 3446, 64397, 64960, 72791, 7680, 53065, 2792, 42343]"
116478,"[59971, 104849, 48468, 45168, 70619, 76148, 70371, 92232, 12076, 57640]"
116479,"[84703, 6989, 40672, 42379, 22135, 2146, 92726, 18893, 32972, 56252]"
116480,"[56337, 38678, 77958, 89944, 74506, 46640, 103781, 79930, 32617, 20871]"
116481,"[79671, 64137, 80232, 14346, 4761, 48021, 73578, 78764, 88182, 28450]"
116482,"[78566, 11547, 102265, 21347, 68514, 27037, 12789, 20909, 77056, 10506]"
116483,"[44644, 62438, 84547, 58022, 44285, 9055, 92931, 90175, 38600, 60419]"
116484,"[91736, 26344, 14682, 77877, 16762, 65429, 82209, 90314, 93312, 59319]"
116485,"[93131, 72276, 55895, 22860, 13379, 31284, 3086, 102898, 2830, 64375]"
116486,"[109534, 29910, 105533, 17459, 35007, 77329, 51083, 13859, 73985, 62939]"
116487,"[97038, 22211, 18975, 77012, 47232, 14357, 31295, 3917, 8692, 88605]"
116488,"[82744, 77940, 78146, 99657, 15697, 92278, 75782, 88837, 24092, 44145]"
116489,"[5324, 19521, 2065, 75399, 93174, 90376, 6210, 29816, 80694, 42199]"
116490,"[40358, 59904, 671, 106848, 89818, 96719, 106598, 63121, 27412, 35268]"
116491,"[74821, 46420, 50144, 46133, 9130, 51421, 74950, 9270, 24087, 65159]"
116492,"[69818, 97371, 80578, 21393, 107592, 91784, 67484, 93573, 67480, 24898]"
116493,"[31269, 25916, 50294, 69691, 51501, 15119, 107473, 52893, 32673, 44941]"
116494,"[75154, 81179, 68424, 66818, 26902, 3877, 10586, 26133, 26698, 83233]"
116495,"[13282, 7172, 48332, 21245, 40730, 58242, 16288, 32860, 24464, 85066]"
116496,"[14352, 47526, 50754, 26100, 20341, 30999, 7968, 87334, 27743, 58671]"
116497,"[52440, 8875, 108845, 3670, 20598, 66278, 32099, 59896, 83837, 14295]"
116498,"[77554, 41670, 66440, 94279, 18348, 16662, 46747, 13400, 17620, 69501]"
116499,"[67131, 33180, 69914, 2582, 86906, 39200, 103783, 70547, 4813, 79911]"
116500,"[72092, 49562, 45007, 77917, 99447, 63606, 21139, 52675, 45733, 24586]"
116501,"[64386, 90571, 30476, 31776, 10636, 63362, 5243, 6732, 19374, 101633]"
116502,"[20294, 46956, 28411, 89659, 28936, 2429, 4836, 80756, 99354, 93410]"
116503,"[95162, 21436, 61203, 25246, 6694, 12163, 4940, 80707, 106707, 48948]"
116504,"[6895, 23157, 61300, 62494, 108545, 17700, 103838, 4169, 65341, 93320]"
116505,"[31672, 83793, 46501, 75186, 63461, 107141, 92304, 76647, 31907, 49416]"
116506,"[96802, 11691, 70603, 32600, 69162, 3363, 36577, 48766, 89660, 27770]"
116507,"[39519, 43324, 34140, 97860, 78690, 63484, 43258, 97228, 32486, 102118]"
116508,"[48203, 62469, 40598, 85429, 19566, 102587, 73854, 6305, 106502, 79872]"
116509,"[61535, 23820, 99785, 60538, 11059, 79056, 59597, 22731, 57693, 49366]"
116510,"[63240, 36644, 18346, 66190, 83380, 93142, 67201, 86905, 42864, 37502]"
116511,"[54629, 44591, 35682, 61003, 84659, 79087, 64390, 105856, 102691, 83195]"
116512,"[96026, 69605, 1722, 4952, 88256, 23514, 79767, 104343, 50150, 56498]"
116513,"[69756, 63990, 33140, 5524, 92683, 71494, 38366, 88265, 27166, 101100]"
116514,"[4189, 70510, 66318, 25993, 35409, 106820, 58316, 5578, 51026, 3300]"
116515,"[84276, 76668, 57092, 63696, 70812, 77835, 27367, 77196, 51285, 28078]"
116516,"[58196, 5324, 2065, 90376, 18328, 40295, 64905, 8830, 11139, 67372]"
116517,"[12732, 48399, 106392, 60305, 60072, 84531, 107909, 70192, 63481, 95276]"
116518,"[97130, 64874, 108298, 10627, 104330, 23492, 2310, 108944, 97442, 45330]"
116519,"[15367, 79121, 57545, 88215, 32002, 3725, 27261, 100566, 95288, 11183]"
116520,"[17530, 59536, 97006, 102104, 39349, 75929, 78972, 42462, 39879, 107541]"
116521,"[47032, 49439, 23395, 31555, 27663, 82915, 61394, 18064, 102270, 91563]"
116522,"[86908, 44730, 35292, 97626, 75073, 30030, 12063, 105656, 68568, 5180]"
116523,"[214, 4103, 102245, 93250, 84461, 34314, 107739, 97173, 61381, 90530]"
116524,"[47787, 45912, 53990, 24384, 62031, 30238, 38764, 95014, 105, 59806]"
116525,"[64488, 39447, 72344, 2454, 95963, 66113, 77562, 67757, 100951, 55583]"
116526,"[108021, 61894, 95572, 16839, 77627, 497, 79382, 102715, 9099, 14247]"
116527,"[72577, 26050, 27955, 62860, 42089, 90228, 41718, 56366, 70459, 31155]"
116528,"[101736, 19318, 100537, 71583, 2771, 42985, 33289, 63573, 4961, 5638]"
116529,"[41125, 105482, 109095, 7015, 70502, 34223, 39137, 16591, 55112, 76195]"
116530,"[72906, 62587, 56248, 67645, 70690, 31830, 66337, 102103, 64322, 106001]"
116531,"[65132, 65089, 99134, 10100, 101101, 101543, 30162, 20141, 37068, 64368]"
116532,"[87937, 60960, 77731, 62592, 85816, 93999, 3123, 100374, 79567, 59626]"
116533,"[10594, 82567, 82744, 18749, 6438, 74548, 64921, 58264, 3467, 49813]"
116534,"[53295, 95347, 92487, 17613, 77154, 39623, 26042, 104267, 44768, 78098]"
116535,"[29183, 4599, 65603, 108736, 13031, 43231, 34476, 24206, 94558, 96389]"
116536,"[42109, 44030, 71431, 98444, 4156, 84950, 33387, 103202, 41596, 56928]"
116537,"[72862, 18777, 71364, 59815, 47471, 103768, 46741, 71924, 16090, 32670]"
116538,"[93248, 21435, 5169, 52620, 19766, 50879, 94699, 33089, 21719, 42163]"
116539,"[107259, 95892, 87667, 46936, 84431, 96276, 67884, 102007, 40442, 79844]"
116540,"[83029, 53202, 39380, 54300, 17232, 15079, 78677, 78470, 29567, 30599]"
116541,"[37691, 35122, 8858, 79847, 60, 60613, 22605, 31867, 66995, 73866]"
116542,"[74153, 32091, 14399, 73802, 45731, 40150, 64040, 29177, 41901, 47889]"
116543,"[3163, 106280, 43430, 19890, 49342, 7791, 57304, 106080, 5808, 108734]"
116544,"[87121, 64680, 6546, 57371, 59723, 71841, 2879, 100683, 24281, 97438]"
116545,"[104037, 45854, 67586, 50531, 76910, 64444, 66260, 36167, 28095, 58906]"
116546,"[33990, 16112, 3996, 95318, 44364, 81033, 58660, 61937, 22476, 88848]"
116547,"[59716, 31559, 78847, 92723, 51939, 68895, 83662, 103483, 107611, 20985]"
116548,"[32350, 36795, 44037, 53777, 84873, 54787, 54342, 1610, 63325, 105250]"
116549,"[23188, 24859, 13705, 36785, 61925, 83781, 86811, 103903, 42919, 24339]"
116550,"[17033, 2300, 75859, 24903, 34166, 90496, 72484, 52828, 75276, 39344]"
116551,"[36036, 50458, 79034, 65018, 33624, 105919, 8827, 69478, 3400, 95924]"
116552,"[16536, 15496, 79458, 99465, 22484, 94929, 99763, 106550, 29838, 103934]"
116553,"[7390, 98886, 50128, 103969, 63231, 95215, 14897, 50012, 41782, 82681]"
116554,"[16092, 35567, 42204, 93313, 32340, 93578, 92512, 17128, 25321, 64172]"
116555,"[61542, 55652, 7924, 75957, 13966, 11222, 86456, 36170, 93243, 95651]"
116556,"[106528, 42738, 100201, 21573, 54073, 97689, 59240, 59485, 92532, 72572]"
116557,"[25521, 49916, 6436, 57672, 15228, 19743, 58502, 58389, 45143, 15949]"
116558,"[38508, 39875, 64576, 65108, 20259, 48493, 78157, 16234, 57360, 2961]"
116559,"[16067, 19880, 97634, 65106, 39252, 1912, 41033, 43327, 57704, 18642]"
116560,"[106245, 45590, 58552, 80440, 29450, 96111, 67877, 14130, 15565, 45314]"
116561,"[2100, 102703, 104685, 95905, 85930, 87361, 3467, 23965, 84600, 44089]"
116562,"[40063, 27559, 103006, 64372, 8929, 14370, 18825, 15493, 79223, 87880]"
116563,"[65096, 93978, 44521, 873, 19258, 2811, 38593, 55552, 67938, 62227]"
116564,"[26809, 25179, 103007, 71215, 12933, 56499, 43288, 93766, 90307, 6486]"
116565,"[109389, 22089, 3384, 84501, 78626, 101019, 108393, 41911, 20612, 16724]"
116566,"[4913, 78938, 6562, 96567, 106908, 37198, 28019, 61192, 95634, 12878]"
116567,"[29272, 109681, 32523, 59691, 50738, 11846, 73005, 11369, 37853, 94615]"
116568,"[5381, 106521, 44152, 5483, 44163, 69938, 86314, 96915, 33024, 43921]"
116569,"[39424, 37500, 14775, 4200, 95919, 8502, 32284, 33017, 43698, 44858]"
116570,"[97357, 108584, 9320, 63183, 99462, 18541, 54410, 10652, 54051, 42605]"
116571,"[8670, 105706, 95852, 47415, 65535, 96675, 24232, 96229, 34320, 46781]"
116572,"[12987, 109469, 70046, 90512, 58750, 48510, 23023, 59858, 18915, 10083]"
116573,"[3812, 31399, 35558, 43893, 40876, 62088, 24561, 57386, 98354, 14202]"
116574,"[2876, 25891, 27198, 99496, 94583, 18058, 58755, 50235, 41657, 103275]"
116575,"[49488, 71558, 107049, 59921, 27280, 45582, 32810, 42446, 23863, 108025]"
116576,"[29107, 12868, 31174, 59910, 102934, 56423, 55994, 66907, 47560, 61369]"
116577,"[28597, 20504, 40432, 83074, 14543, 46512, 74880, 40016, 40943, 17411]"
116578,"[45083, 18202, 92526, 10368, 59733, 50068, 34388, 1533, 3920, 89009]"
116579,"[39343, 63526, 42581, 28314, 77003, 91460, 59616, 75995, 105469, 61015]"
116580,"[56368, 52240, 60499, 77802, 25274, 60798, 35195, 13638, 37856, 102758]"
116581,"[103581, 60557, 103200, 36124, 44097, 105507, 92804, 91529, 9894, 20755]"
116582,"[95839, 71919, 27535, 61219, 82968, 51495, 6818, 42919, 103903, 93247]"
116583,"[95670, 21159, 73805, 109668, 47512, 53971, 32738, 79746, 21144, 11000]"
116584,"[21187, 10434, 56269, 69123, 67913, 33705, 93104, 84455, 58865, 102658]"
116585,"[15262, 71879, 36457, 54628, 8837, 82238, 62324, 68252, 94224, 1755]"
116586,"[97374, 54292, 6625, 1548, 58000, 79124, 55720, 100088, 56969, 92471]"
116587,"[62387, 68580, 14784, 42438, 92252, 86367, 27847, 36086, 69549, 84080]"
116588,"[4057, 13163, 31329, 85108, 89890, 45302, 63335, 16810, 22004, 37320]"
116589,"[62460, 4235, 18636, 46645, 76209, 83911, 20065, 5864, 85923, 105409]"
116590,"[74556, 15624, 30638, 85318, 90832, 6459, 60731, 3174, 27045, 70441]"
116591,"[34573, 55997, 84182, 82924, 14333, 44580, 12077, 36089, 38995, 63158]"
116592,"[94428, 84147, 105704, 4984, 105397, 105885, 85730, 73475, 15683, 56801]"
116593,"[30882, 51573, 45901, 19133, 52941, 95504, 74632, 62475, 101425, 105054]"
116594,"[839, 46329, 95997, 33687, 90673, 81726, 41158, 94381, 37667, 72407]"
116595,"[36426, 95881, 30216, 97206, 10470, 85323, 92509, 46588, 104065, 97355]"
116596,"[63562, 108906, 48953, 79235, 99237, 16608, 88631, 36706, 31994, 95882]"
116597,"[25855, 76288, 64685, 19792, 109543, 51558, 108085, 106015, 14379, 23552]"
116598,"[31824, 40656, 78431, 71798, 98982, 60365, 62075, 70052, 93370, 17693]"
116599,"[68387, 78168, 102424, 21964, 21485, 58629, 81982, 84715, 19300, 10708]"
116600,"[26255, 102008, 14644, 82127, 85806, 80811, 61818, 92634, 49747, 57603]"
116601,"[28680, 64178, 16701, 10569, 51321, 46127, 104200, 64968, 63622, 47470]"
116602,"[72814, 108647, 50719, 44757, 41594, 13204, 79818, 15200, 16536, 100582]"
116603,"[29103, 6333, 97655, 52138, 103437, 35634, 90151, 33903, 90985, 30751]"
116604,"[74595, 43173, 92171, 88675, 76260, 101990, 45395, 58786, 63610, 108817]"
116605,"[19268, 65704, 13162, 105142, 105512, 4166, 85937, 62275, 82680, 102408]"
116606,"[95710, 42159, 31102, 31919, 66976, 21832, 31788, 4172, 82484, 23974]"
116607,"[59475, 59629, 52366, 30902, 16299, 26496, 36166, 56942, 40141, 47081]"
116608,"[29891, 102211, 103642, 37673, 64852, 65933, 102688, 21018, 21657, 68192]"
116609,"[88611, 45600, 85548, 95579, 8588, 22264, 102108, 14288, 15397, 89578]"
116610,"[23554, 106721, 39133, 29550, 43414, 24722, 76523, 32836, 38420, 52772]"
116611,"[47878, 32684, 109037, 18159, 9660, 59144, 11266, 450, 80387, 85878]"
116612,"[103969, 93795, 7390, 63231, 40673, 42496, 78633, 78002, 41782, 82681]"
116613,"[80352, 107583, 46137, 39237, 51566, 64539, 26515, 2022, 46824, 7180]"
116614,"[24841, 101540, 45678, 46154, 82949, 5401, 108616, 26394, 28175, 100618]"
116615,"[62639, 16225, 107285, 34617, 100247, 19462, 61277, 103328, 78169, 64018]"
116616,"[78455, 65689, 70613, 74098, 57182, 7996, 21318, 17049, 19261, 46904]"
116617,"[105608, 108102, 48479, 5622, 67028, 63137, 83239, 2518, 26473, 37098]"
116618,"[86423, 6108, 55204, 37587, 104464, 104117, 34873, 106181, 102773, 18235]"
116619,"[6023, 3762, 91678, 40989, 18313, 106363, 107965, 105669, 108429, 41185]"
116620,"[55992, 11667, 51375, 44785, 73650, 5797, 47157, 49812, 74437, 81795]"
116621,"[77169, 98219, 8710, 107484, 30945, 23002, 34163, 60710, 20765, 62862]"
116622,"[107818, 70426, 18588, 64925, 63272, 98720, 104781, 61980, 98855, 8769]"
116623,"[12811, 103519, 40412, 50947, 93994, 57762, 25389, 8493, 107959, 39480]"
116624,"[30045, 14842, 106615, 80560, 37528, 96709, 52009, 26399, 11217, 7422]"
116625,"[86218, 74152, 716, 79025, 16561, 93227, 15204, 104430, 63111, 60103]"
116626,"[70344, 13589, 98874, 46703, 11203, 32582, 62897, 10365, 40050, 7645]"
116627,"[46502, 101973, 68210, 104591, 48588, 5118, 80758, 16434, 28733, 107574]"
116628,"[32334, 2724, 35050, 63459, 56357, 99721, 73165, 13484, 6471, 8987]"
116629,"[85384, 59104, 12173, 52791, 33194, 56199, 29229, 101882, 78245, 84924]"
116630,"[88517, 54692, 102269, 90697, 11898, 49490, 1095, 19811, 25658, 75553]"
116631,"[88318, 1398, 34747, 85030, 96943, 84679, 50865, 1828, 27439, 48923]"
116632,"[66623, 41003, 90090, 63110, 99718, 49345, 27816, 78067, 36846, 56459]"
116633,"[22328, 31650, 26162, 78374, 35308, 78067, 75633, 108324, 35998, 9094]"
116634,"[87854, 57642, 23683, 25309, 108767, 78449, 15605, 14324, 85023, 30565]"
116635,"[93255, 70658, 64241, 80312, 70167, 64399, 24269, 13847, 70588, 105425]"
116636,"[13228, 47392, 57426, 97318, 84204, 86823, 48695, 56749, 10083, 32757]"
116637,"[24326, 91969, 44450, 109647, 101563, 26261, 55703, 52013, 16289, 101983]"
116638,"[19517, 48790, 3871, 21387, 33584, 14109, 108402, 11188, 97838, 66181]"
116639,"[103341, 34013, 15964, 93869, 52483, 36496, 89174, 107718, 34050, 50774]"
116640,"[103534, 38908, 13297, 23403, 106171, 51776, 5676, 9177, 35266, 50056]"
116641,"[28869, 49408, 9300, 69854, 27109, 65519, 19473, 9024, 63207, 78563]"
116642,"[89914, 91822, 37229, 104674, 8270, 93256, 93959, 13634, 106701, 39970]"
116643,"[51535, 31092, 54965, 54033, 97921, 106567, 100377, 39705, 37021, 43594]"
116644,"[14093, 97807, 22784, 5181, 80826, 47776, 60016, 11783, 52264, 52721]"
116645,"[65113, 52719, 16871, 7398, 2214, 101895, 100394, 89813, 47437, 15853]"
116646,"[109368, 86554, 61629, 108520, 26393, 17927, 57398, 6405, 105192, 23073]"
116647,"[7678, 62764, 50359, 38055, 52061, 65323, 33838, 90973, 25544, 6222]"
116648,"[44845, 783, 40888, 96572, 79630, 101640, 94677, 57743, 39838, 53709]"
116649,"[9857, 100713, 43513, 23325, 95594, 96387, 3086, 94361, 60382, 87348]"
116650,"[45684, 72332, 60510, 17181, 30493, 15442, 70286, 106556, 89958, 93926]"
116651,"[54669, 65245, 93226, 63109, 33354, 11543, 76312, 14172, 61274, 83785]"
116652,"[72907, 51337, 24225, 41087, 9633, 48018, 106302, 59513, 39945, 42783]"
116653,"[70940, 13878, 11344, 8013, 90916, 91161, 22937, 31060, 83975, 51370]"
116654,"[63617, 102176, 84155, 73129, 30825, 54244, 63167, 70754, 24100, 15382]"
116655,"[52950, 41409, 17500, 87531, 96983, 44618, 57411, 90686, 23836, 39178]"
116656,"[104919, 67480, 84111, 66767, 60832, 65155, 83721, 70617, 91576, 91111]"
116657,"[59414, 71428, 25490, 38265, 21428, 37115, 92872, 16944, 8977, 102766]"
116658,"[29995, 105340, 78863, 75559, 60495, 65911, 61350, 72357, 68666, 52556]"
116659,"[86285, 23657, 91099, 109087, 3924, 32259, 28981, 59725, 84094, 84869]"
116660,"[27663, 65606, 34402, 55030, 7452, 67434, 75777, 18037, 45898, 80519]"
116661,"[31664, 85905, 51099, 3697, 428, 4718, 50211, 7187, 26541, 13290]"
116662,"[101382, 3205, 2751, 12197, 49702, 20340, 21704, 34486, 100776, 108651]"
116663,"[109026, 51274, 54934, 4628, 88855, 82101, 45980, 36123, 69655, 44843]"
116664,"[91659, 43803, 57008, 45237, 61860, 41084, 93770, 20102, 92586, 49564]"
116665,"[25980, 40809, 55684, 99101, 31193, 13798, 73690, 58368, 90461, 26410]"
116666,"[31990, 9190, 61700, 18071, 14122, 51145, 41128, 36979, 20143, 64039]"
116667,"[96735, 23839, 6784, 96717, 48707, 28209, 43811, 96084, 28110, 52786]"
116668,"[101973, 75998, 107884, 91618, 105959, 11769, 98648, 13520, 68200, 104023]"
116669,"[30655, 25759, 8130, 68537, 78687, 83588, 95697, 14543, 67267, 107413]"
116670,"[26155, 16298, 75855, 44544, 25725, 75510, 101325, 83067, 19408, 67175]"
116671,"[70780, 72215, 70159, 62624, 43855, 23587, 62783, 65578, 49576, 8524]"
116672,"[90802, 82260, 21086, 69060, 90160, 43866, 54651, 86324, 51301, 53551]"
116673,"[66034, 53188, 53298, 76046, 80978, 23998, 86820, 71223, 26431, 37642]"
116674,"[85229, 86645, 16518, 67920, 89870, 42259, 107432, 13550, 41582, 38519]"
116675,"[7736, 79427, 100530, 85203, 97525, 26042, 6276, 83911, 17911, 97539]"
116676,"[105596, 99513, 30698, 40768, 81424, 57249, 72471, 104581, 15482, 45635]"
116677,"[74714, 56953, 64500, 9649, 19688, 100805, 35679, 28978, 7583, 36819]"
116678,"[98984, 68870, 40054, 32773, 105184, 21272, 2989, 458, 79780, 3051]"
116679,"[30661, 4066, 34135, 61974, 62907, 85859, 100695, 75113, 56314, 11747]"
116680,"[101432, 70704, 40020, 3740, 99424, 58309, 55840, 23227, 37948, 16110]"
116681,"[2427, 65198, 91572, 101149, 91545, 68742, 53604, 5710, 38356, 68225]"
116682,"[103678, 67068, 48749, 86014, 50582, 50591, 6235, 105074, 40182, 6944]"
116683,"[4808, 43827, 33921, 61811, 30968, 52449, 31289, 32839, 104937, 97293]"
116684,"[95305, 32573, 7464, 99741, 37824, 48912, 95370, 106420, 92291, 104729]"
116685,"[92245, 23290, 8664, 42892, 100542, 41308, 17449, 73454, 53928, 101867]"
116686,"[1642, 41602, 27509, 3154, 55170, 20375, 22188, 34990, 61126, 82729]"
116687,"[29606, 2207, 92435, 109152, 86159, 17397, 74400, 106631, 85156, 30206]"
116688,"[35797, 16862, 25799, 107925, 10214, 17132, 6853, 68898, 71610, 15358]"
116689,"[70904, 11894, 73482, 83930, 87580, 85, 2601, 56789, 56108, 85883]"
116690,"[72960, 1843, 81501, 7406, 68141, 33346, 36795, 109065, 27677, 24126]"
116691,"[18464, 85252, 38685, 89559, 13082, 31396, 99124, 64908, 66660, 35777]"
116692,"[92213, 62608, 10469, 30793, 55535, 78920, 106363, 5146, 56425, 38254]"
116693,"[105761, 62863, 9254, 92050, 88511, 56352, 76633, 56529, 5744, 78666]"
116694,"[71755, 13736, 88544, 25151, 71942, 108010, 84557, 17419, 104961, 54137]"
116695,"[2376, 92212, 86683, 56631, 5228, 54895, 8827, 68005, 66455, 23960]"
116696,"[76586, 43380, 80645, 34814, 42604, 6620, 94882, 106739, 32702, 53218]"
116697,"[51610, 88212, 50684, 77437, 81934, 36922, 61940, 50036, 1436, 97503]"
116698,"[58200, 41643, 64657, 96845, 5588, 87284, 16233, 35812, 106464, 53561]"
116699,"[18752, 41228, 92935, 14978, 47343, 35299, 24099, 74112, 97039, 15608]"
116700,"[40559, 75799, 38058, 79713, 22485, 85533, 79130, 45849, 83115, 76566]"
116701,"[17630, 76730, 69432, 16665, 33427, 20137, 39437, 39824, 35102, 84465]"
116702,"[23336, 89840, 53928, 45479, 85816, 84722, 106683, 65128, 70325, 29088]"
116703,"[52179, 101143, 78830, 26980, 108507, 33801, 10006, 40894, 64949, 1171]"
116704,"[30240, 68309, 53301, 56543, 50404, 34192, 98578, 95720, 14743, 18317]"
116705,"[807, 93146, 31907, 69797, 81056, 59742, 15070, 83793, 46501, 28189]"
116706,"[56959, 95125, 9408, 54962, 72321, 69143, 67183, 97175, 36049, 57848]"
116707,"[19581, 41573, 42133, 73381, 11861, 80408, 29508, 42469, 80039, 75688]"
116708,"[38871, 59176, 31001, 91882, 27526, 24518, 71263, 69734, 72252, 44687]"
116709,"[1692, 28678, 4127, 108010, 105436, 71755, 79230, 1106, 18211, 57949]"
116710,"[22812, 51248, 77098, 51192, 99078, 69167, 102225, 105956, 78872, 16236]"
116711,"[3915, 98420, 85266, 57801, 54950, 105516, 100709, 91335, 92712, 64244]"
116712,"[4002, 49963, 82062, 81162, 90120, 73515, 25746, 79331, 26324, 44516]"
116713,"[106626, 24256, 104792, 14701, 100887, 104696, 9054, 1717, 10799, 97785]"
116714,"[53795, 42156, 20135, 66645, 63380, 4941, 80840, 109716, 81955, 18657]"
116715,"[36711, 107180, 60455, 36741, 16957, 43736, 28985, 106794, 64442, 70352]"
116716,"[7412, 20980, 86415, 27465, 79172, 60654, 52795, 47267, 56188, 105302]"
116717,"[106546, 95104, 84764, 90418, 57093, 14446, 5387, 40812, 82580, 45287]"
116718,"[95197, 20902, 38498, 64, 46586, 100525, 64628, 40311, 87151, 57632]"
116719,"[54969, 105360, 4222, 89833, 12242, 107370, 12478, 66314, 17463, 67586]"
116720,"[87855, 68389, 92364, 80584, 87779, 47780, 50700, 34603, 42347, 82430]"
116721,"[57124, 64075, 106749, 85317, 89814, 37312, 54901, 12713, 72029, 28596]"
116722,"[67958, 26302, 86201, 41367, 28826, 85042, 42747, 75898, 16005, 41116]"
116723,"[42750, 14748, 7518, 85878, 9197, 31712, 26652, 105281, 88636, 59144]"
116724,"[46287, 57784, 23866, 61785, 25371, 71051, 15545, 26301, 74390, 29580]"
116725,"[60428, 33364, 33885, 67464, 48936, 61463, 53859, 11136, 86080, 49273]"
116726,"[98598, 2368, 81418, 81729, 53242, 70218, 38666, 6785, 21168, 75222]"
116727,"[16292, 13938, 98543, 88965, 51584, 49058, 92912, 50522, 86717, 23832]"
116728,"[81231, 71827, 19426, 41591, 55456, 43939, 34988, 8492, 95086, 11246]"
116729,"[92005, 63381, 52427, 102644, 7417, 20169, 37016, 24540, 1014, 72240]"
116730,"[9547, 22079, 15026, 29771, 24979, 83045, 108949, 88721, 7499, 16581]"
116731,"[7074, 4068, 44171, 103147, 61036, 100296, 77347, 102650, 84065, 90269]"
116732,"[109233, 45990, 98814, 18686, 102073, 10714, 21284, 24766, 51195, 40628]"
116733,"[20822, 89596, 10927, 21117, 23221, 37551, 57646, 8488, 17767, 2981]"
116734,"[68996, 84874, 5858, 48613, 63419, 19456, 68680, 6288, 100735, 24954]"
116735,"[98168, 103571, 14072, 35409, 91388, 83583, 16664, 88133, 12614, 77903]"
116736,"[91544, 38541, 41744, 71094, 81463, 70227, 10208, 57513, 14232, 47697]"
116737,"[4189, 76166, 61799, 63955, 99141, 45230, 26579, 35412, 25993, 62388]"
116738,"[70565, 20815, 84670, 5739, 12019, 92653, 86232, 66017, 11243, 79414]"
116739,"[36871, 93619, 16532, 21577, 94398, 76888, 87533, 42683, 75436, 6912]"
116740,"[85047, 11987, 10478, 52443, 73455, 64507, 66255, 42279, 68940, 78024]"
116741,"[3480, 94444, 63028, 17287, 62167, 90777, 21602, 85176, 6566, 92612]"
116742,"[47269, 99037, 12845, 28524, 68714, 102175, 38848, 61452, 101796, 53591]"
116743,"[102388, 99091, 28749, 22794, 69051, 65173, 12371, 100799, 76974, 14172]"
116744,"[61208, 646, 92768, 107198, 50610, 83111, 44629, 80249, 21643, 52098]"
116745,"[48044, 88751, 73622, 104373, 38051, 42884, 1322, 72995, 25636, 28157]"
116746,"[108151, 1303, 9234, 45614, 65817, 48372, 10697, 48914, 40599, 5939]"
116747,"[89066, 13097, 35843, 25927, 45342, 16615, 13745, 10341, 7263, 102700]"
116748,"[90555, 83423, 4552, 53857, 55074, 68999, 2684, 59355, 53871, 26841]"
116749,"[24202, 80909, 100621, 74632, 23409, 42931, 67989, 37365, 84549, 26415]"
116750,"[36908, 10821, 69013, 34196, 57266, 97512, 18122, 35830, 25801, 45032]"
116751,"[2734, 24832, 47673, 4288, 48106, 104963, 49162, 96090, 64482, 31914]"
116752,"[81297, 52733, 85722, 31413, 98528, 103869, 37424, 102897, 50251, 88658]"
116753,"[84143, 89567, 42949, 86373, 20052, 6113, 16695, 108196, 66138, 28885]"
116754,"[32549, 59877, 20556, 74310, 44817, 48087, 63756, 79412, 80559, 106531]"
116755,"[15165, 107466, 4721, 35569, 35711, 35654, 22983, 61899, 86709, 79202]"
116756,"[14424, 60957, 103211, 39979, 89450, 2781, 101315, 36211, 24677, 73858]"
116757,"[8086, 29681, 62508, 37713, 79433, 19444, 93438, 95163, 33960, 94257]"
116758,"[21951, 21739, 5177, 12688, 55114, 74444, 38212, 47988, 5432, 67152]"
116759,"[59592, 98195, 87409, 88901, 104323, 30691, 84349, 13523, 2800, 41998]"
116760,"[63303, 13346, 86477, 101822, 31004, 96297, 100916, 98585, 34447, 78401]"
116761,"[68247, 9460, 92837, 51128, 1003, 38655, 43514, 48742, 38004, 15766]"
116762,"[27516, 54855, 104723, 109726, 41153, 45908, 85428, 21272, 10103, 79967]"
116763,"[40709, 101501, 45795, 7622, 71842, 47479, 76518, 67907, 99356, 80602]"
116764,"[62262, 73751, 19084, 60039, 9937, 58270, 50534, 34417, 103679, 78601]"
116765,"[64008, 23988, 46299, 70452, 79890, 76852, 61268, 59719, 90523, 25057]"
116766,"[6298, 94290, 30123, 35418, 83245, 65721, 9445, 8226, 52929, 81273]"
116767,"[9722, 99423, 12765, 61996, 60468, 79341, 105202, 101821, 67297, 59162]"
116768,"[26961, 35560, 9677, 96619, 50427, 95994, 73327, 47251, 86405, 68592]"
116769,"[50259, 88683, 45355, 95212, 46731, 47952, 102714, 106697, 68027, 33390]"
116770,"[55202, 70615, 92925, 60176, 82054, 57159, 76072, 81884, 104638, 36649]"
116771,"[50643, 81888, 38902, 58433, 26513, 63944, 6249, 79097, 20, 25339]"
116772,"[48707, 107917, 105229, 86538, 18945, 17353, 31737, 23839, 83123, 28209]"
116773,"[83331, 12755, 32915, 26914, 47403, 38428, 47364, 32305, 44065, 62391]"
116774,"[47750, 88188, 27982, 108310, 24386, 51712, 99654, 27408, 57946, 21926]"
116775,"[104870, 26352, 6352, 10876, 66083, 98051, 103402, 55686, 73429, 31891]"
116776,"[41111, 80103, 21677, 17262, 12965, 17797, 1738, 53945, 81896, 56586]"
116777,"[107379, 69414, 89154, 57798, 102200, 38429, 10428, 78223, 94363, 47625]"
116778,"[104084, 21028, 108005, 98282, 12430, 54816, 5281, 42060, 57837, 104019]"
116779,"[68470, 14867, 49218, 37595, 86855, 51185, 84053, 101626, 13363, 16152]"
116780,"[53818, 62403, 61866, 54546, 96874, 96003, 19112, 46310, 53636, 56256]"
116781,"[33120, 103490, 50964, 49546, 103262, 52817, 60769, 39817, 80163, 9915]"
116782,"[61996, 26257, 105202, 44039, 99423, 12765, 60468, 9722, 79341, 67109]"
116783,"[473, 107371, 37463, 95412, 23846, 74985, 97955, 43708, 60041, 81062]"
116784,"[96124, 1994, 52342, 29555, 4195, 67144, 70468, 93937, 19658, 6101]"
116785,"[73375, 75763, 70825, 79029, 18926, 68519, 27492, 45744, 99820, 25038]"
116786,"[46891, 39542, 43325, 95936, 13619, 103886, 3991, 85829, 62838, 15025]"
116787,"[84020, 34204, 78071, 93156, 24416, 83140, 38081, 79309, 84208, 31604]"
116788,"[100905, 98808, 38940, 47404, 48119, 53801, 89095, 63256, 575, 105187]"
116789,"[45480, 54639, 108198, 56687, 71590, 28986, 78598, 40757, 86802, 4517]"
116790,"[104292, 89356, 47105, 61006, 2232, 85207, 102352, 11197, 99610, 58276]"
116791,"[59102, 33600, 54178, 105127, 3939, 99369, 105380, 64573, 37882, 31771]"
116792,"[913, 83160, 9020, 18524, 44961, 99464, 16741, 79020, 23522, 89952]"
116793,"[76788, 45437, 43281, 84617, 30008, 55553, 63644, 73216, 22621, 16161]"
116794,"[37413, 80630, 26630, 9999, 63354, 18969, 51560, 53347, 12736, 63338]"
116795,"[58576, 105834, 56149, 52331, 53035, 78713, 88076, 41678, 25480, 60905]"
116796,"[87900, 16498, 37786, 35100, 109372, 38860, 52381, 5687, 6753, 66916]"
116797,"[8180, 22854, 108288, 34495, 52842, 42151, 5376, 105987, 69119, 39470]"
116798,"[68962, 63959, 67896, 109503, 81914, 83936, 36415, 49763, 26004, 84982]"
116799,"[57153, 34605, 68193, 14793, 88244, 11273, 57544, 31419, 9109, 52546]"
116800,"[84243, 13590, 4875, 39329, 32129, 75219, 108199, 36591, 6795, 41834]"
116801,"[30600, 31007, 66821, 6658, 87052, 27985, 56295, 38829, 76934, 56738]"
116802,"[91633, 89769, 19549, 99823, 97754, 7170, 90263, 99732, 15721, 17097]"
116803,"[4394, 60152, 26794, 104157, 31072, 93148, 6935, 49206, 61955, 57227]"
116804,"[42446, 62971, 65557, 49488, 59921, 27280, 38028, 106670, 27298, 3839]"
116805,"[41166, 6783, 70194, 18736, 24288, 66295, 94811, 816, 95792, 82552]"
116806,"[1330, 29338, 41366, 52474, 24786, 40626, 1777, 15843, 54341, 51381]"
116807,"[85843, 91552, 44417, 104010, 59602, 34240, 89213, 12318, 16186, 66914]"
116808,"[44285, 50795, 48533, 103015, 1393, 96216, 51846, 42944, 80614, 71192]"
116809,"[95632, 24170, 107624, 96518, 57869, 70092, 55001, 108473, 30310, 97174]"
116810,"[78136, 40957, 90824, 4934, 91150, 54419, 55978, 79563, 108439, 107858]"
116811,"[2851, 25178, 74377, 14620, 73945, 32705, 101802, 48858, 88112, 12590]"
116812,"[68723, 8355, 5617, 83751, 8619, 54320, 13541, 89241, 32908, 10817]"
116813,"[11148, 100941, 58504, 105108, 71081, 66709, 83551, 3247, 27032, 43552]"
116814,"[32509, 81081, 108903, 108002, 56139, 18096, 6248, 31684, 43955, 70763]"
116815,"[51329, 67259, 2326, 49222, 5768, 22252, 34619, 85964, 79168, 67951]"
116816,"[108880, 95437, 23457, 47418, 94746, 2480, 79491, 13994, 73377, 56493]"
116817,"[59410, 56829, 5087, 26779, 13526, 59555, 59268, 72062, 20595, 21984]"
116818,"[24763, 97327, 73144, 99834, 25250, 11307, 55535, 28234, 29906, 82284]"
116819,"[89210, 22510, 93980, 37321, 39652, 8024, 5941, 88337, 19608, 41431]"
116820,"[59845, 8631, 14118, 57072, 39520, 89228, 34725, 87281, 27394, 74696]"
116821,"[74389, 64877, 12645, 61723, 7593, 87045, 8456, 100765, 32063, 91315]"
116822,"[77761, 96673, 11969, 27768, 77709, 56380, 76683, 61158, 81510, 97058]"
116823,"[63243, 106649, 93457, 46249, 86655, 38526, 102266, 51986, 78605, 89466]"
116824,"[35190, 5170, 89621, 76002, 73629, 33378, 70448, 35543, 10144, 66298]"
116825,"[104255, 28116, 22791, 48963, 109418, 100237, 98460, 13693, 3605, 103019]"
116826,"[40764, 21149, 9201, 85619, 26007, 22952, 107563, 96832, 98430, 99278]"
116827,"[20692, 69886, 39495, 13051, 72472, 43860, 63029, 71122, 98528, 75944]"
116828,"[5474, 18622, 103314, 84157, 57496, 54711, 36723, 38613, 15000, 16258]"
116829,"[108371, 5036, 13732, 86490, 76574, 59571, 107488, 23698, 44609, 101788]"
116830,"[100671, 32639, 21977, 61366, 38590, 46772, 77551, 79255, 54874, 18179]"
116831,"[33811, 61503, 12991, 30538, 2039, 88282, 15006, 1664, 93932, 81587]"
116832,"[7435, 73468, 91099, 33001, 109234, 28981, 2140, 79306, 37005, 98823]"
116833,"[72613, 11830, 42729, 61049, 30749, 24271, 104299, 44807, 58526, 44944]"
116834,"[523, 86909, 5499, 83799, 66712, 34364, 69256, 84162, 15433, 47826]"
116835,"[61760, 96995, 90407, 38175, 51477, 86075, 89103, 40217, 68796, 61126]"
116836,"[26625, 75503, 103773, 96076, 58187, 81334, 87753, 21736, 85699, 21762]"
116837,"[22993, 107711, 7865, 31906, 59257, 4091, 103244, 74133, 421, 21273]"
116838,"[31295, 108173, 53919, 9224, 34332, 36930, 106754, 11212, 6676, 10172]"
116839,"[89138, 100091, 67027, 69487, 29469, 93506, 86889, 28036, 75544, 55497]"
116840,"[99898, 102777, 65290, 108509, 85874, 3759, 36035, 30915, 36202, 22439]"
116841,"[96871, 66848, 108355, 29117, 29334, 10414, 40609, 14865, 103445, 88851]"
116842,"[19570, 54660, 1049, 51002, 83938, 23270, 99804, 51387, 88501, 49651]"
116843,"[43354, 36742, 21264, 50214, 104864, 36019, 30217, 56424, 95702, 19125]"
116844,"[78652, 77621, 76666, 99111, 96681, 10521, 96430, 40289, 106729, 57384]"
116845,"[59902, 36568, 9201, 39661, 46452, 89120, 11877, 28179, 24866, 82709]"
116846,"[47738, 34190, 79367, 38238, 63038, 27807, 5618, 61745, 12929, 63589]"
116847,"[17467, 109245, 102029, 19286, 40302, 95715, 80693, 52061, 7090, 59202]"
116848,"[87867, 109727, 46549, 8527, 27708, 52150, 41683, 56879, 81439, 97263]"
116849,"[43984, 13734, 8438, 31825, 9259, 54873, 79395, 15011, 83472, 83814]"
116850,"[2826, 66176, 5750, 2411, 66561, 58684, 79381, 81099, 53004, 93566]"
116851,"[87572, 34718, 102526, 46407, 49679, 52081, 42199, 41641, 29384, 38059]"
116852,"[76945, 91834, 104540, 2650, 10592, 13702, 62484, 53661, 22291, 65777]"
116853,"[12672, 85911, 59272, 104665, 95433, 78956, 40766, 15435, 90147, 33961]"
116854,"[66470, 44132, 22031, 31662, 3126, 36582, 7752, 3510, 30785, 104]"
116855,"[79167, 11985, 44230, 66711, 25588, 62211, 81449, 74231, 76445, 35029]"
116856,"[65365, 3860, 94866, 42643, 77459, 85541, 5943, 35979, 30436, 18350]"
116857,"[45561, 95444, 100142, 24650, 1469, 57682, 1430, 69690, 42454, 64978]"
116858,"[49433, 52387, 103589, 20496, 63124, 3994, 69779, 9417, 5702, 10890]"
116859,"[27398, 85286, 8823, 15207, 73605, 79807, 96541, 29713, 107830, 21039]"
116860,"[91400, 56182, 22822, 96956, 50541, 88272, 57530, 40045, 36621, 76868]"
116861,"[95238, 7096, 53447, 75319, 27415, 50713, 10092, 68857, 41870, 6809]"
116862,"[80255, 6383, 42029, 72395, 2018, 40596, 69407, 93091, 79018, 28181]"
116863,"[63657, 63180, 56308, 15014, 45341, 66573, 6734, 15035, 48432, 98288]"
116864,"[74632, 101425, 28573, 96768, 26415, 16057, 45901, 85072, 80909, 95504]"
116865,"[94363, 69414, 89534, 6501, 57028, 67946, 107379, 9846, 61991, 15576]"
116866,"[49266, 80163, 33120, 103490, 10897, 39817, 12610, 80338, 5883, 52352]"
116867,"[80959, 12801, 102541, 20289, 74232, 22591, 17027, 57312, 29314, 99367]"
116868,"[104980, 45735, 93739, 35643, 46515, 64522, 48995, 58882, 17251, 39682]"
116869,"[64440, 22468, 103613, 99647, 108769, 42141, 101490, 23842, 103161, 17740]"
116870,"[52006, 100604, 69207, 65998, 8547, 42041, 17116, 281, 68909, 63309]"
116871,"[51150, 32767, 56157, 35239, 76202, 41953, 5191, 83538, 87312, 45893]"
116872,"[44248, 18575, 37980, 63992, 51129, 53734, 54980, 87951, 64734, 50213]"
116873,"[70308, 51820, 62090, 106462, 2804, 32804, 42498, 45649, 50159, 1260]"
116874,"[63209, 20295, 33406, 85655, 108588, 30624, 38585, 10352, 65949, 97098]"
116875,"[56281, 84936, 54850, 103927, 43147, 78095, 101310, 26789, 46594, 48795]"
116876,"[21133, 3561, 9790, 49417, 22032, 3935, 5538, 12486, 17163, 28672]"
116877,"[4332, 28354, 35784, 22901, 92220, 31462, 41739, 43976, 53914, 36015]"
116878,"[12338, 105283, 17868, 4042, 1376, 66182, 38153, 102108, 14288, 23838]"
116879,"[27300, 47885, 30694, 83494, 92205, 81337, 52820, 20341, 26100, 70982]"
116880,"[109717, 36938, 9047, 80153, 94460, 3941, 66280, 37533, 17698, 21679]"
116881,"[57734, 7939, 12341, 104239, 88942, 32694, 34405, 49011, 19116, 90902]"
116882,"[103926, 1310, 47752, 61649, 65105, 87636, 77728, 41709, 34531, 82320]"
116883,"[46866, 53166, 44170, 20103, 75636, 82106, 72263, 42050, 12825, 90932]"
116884,"[98464, 98094, 67486, 69417, 100502, 25776, 3062, 66719, 83386, 6407]"
116885,"[6642, 24188, 55923, 107692, 36456, 108272, 90163, 60033, 95307, 84219]"
116886,"[56933, 63873, 62984, 98193, 15080, 102455, 98941, 50475, 21057, 93995]"
116887,"[74080, 49273, 83668, 22821, 48894, 54200, 7840, 999, 98711, 20404]"
116888,"[92462, 6955, 17979, 103173, 15315, 105628, 43546, 8442, 108312, 31014]"
116889,"[2175, 7068, 54119, 452, 100645, 89539, 62532, 98991, 7363, 75140]"
116890,"[90473, 9364, 96325, 33718, 87439, 58532, 2980, 14315, 37252, 84413]"
116891,"[70987, 96765, 83836, 93328, 1696, 61984, 94470, 36813, 10162, 108260]"
116892,"[68425, 98641, 81621, 96581, 15560, 52799, 50981, 109124, 82528, 101162]"
116893,"[47638, 102953, 16942, 21639, 41269, 70061, 105511, 83622, 69937, 87471]"
116894,"[107325, 92738, 86168, 75909, 94081, 36710, 76710, 49183, 64643, 97664]"
116895,"[81695, 66489, 9944, 33618, 61428, 102311, 55879, 69003, 68764, 73020]"
116896,"[78740, 78480, 10232, 59643, 59035, 4469, 95619, 100401, 105557, 13841]"
116897,"[27457, 91586, 11115, 76211, 45402, 53451, 12127, 60780, 87934, 27018]"
116898,"[42098, 22960, 27557, 25083, 39485, 56642, 7197, 32672, 106301, 54279]"
116899,"[96487, 83672, 84807, 29027, 9567, 36721, 34362, 74195, 103431, 63012]"
116900,"[105690, 104829, 77989, 82784, 19200, 33671, 81686, 79117, 68182, 16479]"
116901,"[60924, 98685, 20350, 36554, 89068, 15353, 11826, 42182, 31478, 59010]"
116902,"[94080, 98258, 15834, 56397, 89576, 92247, 105506, 93259, 93255, 31525]"
116903,"[90744, 71301, 66843, 8951, 41882, 29355, 94074, 70329, 48664, 49064]"
116904,"[6574, 49339, 27520, 8395, 43489, 84234, 25448, 95306, 65723, 106349]"
116905,"[82151, 48438, 47402, 51808, 54034, 80095, 66803, 56721, 104359, 98221]"
116906,"[82549, 62304, 73999, 16544, 36751, 95587, 3550, 21680, 86138, 104436]"
116907,"[59216, 75062, 46423, 65946, 27143, 60783, 91283, 96245, 80805, 23864]"
116908,"[61981, 26285, 108391, 43760, 53541, 19389, 47087, 74675, 94785, 59090]"
116909,"[39813, 33331, 65136, 47502, 41714, 4904, 35794, 5362, 17683, 46463]"
116910,"[56583, 107643, 48535, 18157, 11100, 67169, 105392, 85113, 54815, 31670]"
116911,"[84480, 88725, 73721, 52910, 84655, 11551, 103251, 28959, 4194, 8535]"
116912,"[8305, 88059, 46418, 91071, 74047, 75552, 55369, 83126, 57402, 69096]"
116913,"[17983, 82397, 44069, 94907, 101159, 81082, 81152, 60006, 21029, 103382]"
116914,"[18625, 82652, 80268, 57990, 15297, 32972, 46619, 57171, 31940, 29382]"
116915,"[52051, 15738, 15975, 16206, 103452, 90385, 82183, 26435, 88901, 60736]"
116916,"[49344, 74217, 72986, 106603, 80693, 19286, 104150, 109245, 68397, 38881]"
116917,"[23163, 58883, 24930, 37212, 30386, 63003, 87183, 73786, 51632, 50819]"
116918,"[76080, 5664, 70010, 25481, 78193, 30654, 87747, 75827, 20971, 24982]"
116919,"[67282, 18404, 46300, 87346, 28057, 40371, 30861, 12296, 86681, 91045]"
116920,"[52196, 96794, 3776, 52372, 53946, 7982, 84314, 47352, 50966, 7040]"
116921,"[24787, 73086, 80559, 69776, 86723, 97932, 84720, 20556, 82012, 17890]"
116922,"[68702, 45786, 21149, 82059, 45416, 75016, 35022, 98430, 44893, 26007]"
116923,"[15985, 54162, 84629, 33952, 38791, 22208, 7793, 28047, 103143, 96347]"
116924,"[48114, 58303, 19883, 47813, 23700, 16720, 36714, 55426, 25110, 106525]"
116925,"[33380, 3827, 43814, 87703, 21243, 51276, 40483, 80820, 8360, 15621]"
116926,"[13457, 104411, 87190, 55525, 106243, 46509, 66484, 8031, 4572, 7075]"
116927,"[79099, 23389, 83645, 106347, 36559, 105662, 44581, 98562, 16751, 6589]"
116928,"[2376, 66455, 68005, 79828, 9221, 54807, 24864, 100734, 90311, 20576]"
116929,"[18748, 21115, 8545, 31363, 94675, 28677, 10419, 108863, 82973, 39494]"
116930,"[30751, 90623, 92761, 49302, 2441, 11731, 29103, 82253, 70755, 28349]"
116931,"[88977, 76333, 34931, 90981, 76056, 45853, 33622, 66486, 76287, 78165]"
116932,"[52755, 85494, 83935, 442, 102885, 89833, 17463, 70036, 40601, 10589]"
116933,"[24265, 66612, 55959, 106438, 71165, 73602, 10896, 70302, 93852, 108918]"
116934,"[75158, 74494, 54688, 74837, 30379, 98030, 51957, 104564, 54216, 842]"
116935,"[21469, 63547, 79202, 84949, 62140, 69719, 85077, 98972, 35654, 27232]"
116936,"[10546, 45170, 86292, 72540, 14046, 55588, 66965, 37863, 17798, 28221]"
116937,"[22373, 96244, 83279, 24520, 44041, 32107, 59787, 64166, 11825, 63666]"
116938,"[37436, 53442, 95918, 24299, 2942, 58380, 37328, 17378, 15411, 20617]"
116939,"[40355, 71726, 71237, 65715, 3052, 78686, 74243, 45438, 68552, 101066]"
116940,"[8324, 23305, 1752, 5888, 83417, 101728, 8142, 60861, 92978, 109523]"
116941,"[30379, 97935, 24362, 64639, 100128, 105981, 27682, 94258, 19687, 42820]"
116942,"[35472, 68953, 59838, 22023, 70262, 64257, 101808, 91536, 98662, 69366]"
116943,"[36856, 5293, 10765, 54826, 59585, 75034, 91972, 58441, 35357, 25231]"
116944,"[103815, 97797, 37835, 32616, 96340, 18319, 85604, 89893, 90249, 97538]"
116945,"[14688, 67824, 53975, 60295, 21129, 27110, 70902, 87071, 3119, 19860]"
116946,"[31930, 105501, 31220, 94846, 76783, 62309, 68820, 85297, 13625, 20500]"
116947,"[5447, 92835, 90354, 67407, 31318, 2297, 79496, 75024, 38735, 87576]"
116948,"[91454, 7213, 104601, 81640, 15922, 61300, 16651, 61304, 6895, 47312]"
116949,"[1708, 24171, 32530, 3777, 95091, 106950, 4657, 97106, 14556, 40621]"
116950,"[404, 53569, 38140, 55383, 48740, 77263, 39678, 50309, 105114, 58458]"
116951,"[47550, 102110, 106672, 59196, 83270, 79904, 13376, 18282, 21123, 79091]"
116952,"[14235, 106927, 7206, 52158, 58192, 68163, 30977, 87964, 49090, 35717]"
116953,"[90176, 103967, 84662, 94312, 56877, 11253, 57406, 19011, 106300, 12531]"
116954,"[97097, 81917, 47135, 58374, 79060, 63797, 77031, 84631, 52381, 58159]"
116955,"[82870, 94471, 80922, 51480, 35651, 71084, 49171, 22485, 27217, 69337]"
116956,"[100834, 47536, 88797, 34645, 54992, 15542, 52521, 23496, 40156, 31811]"
116957,"[84700, 24770, 38532, 71295, 91677, 104842, 93090, 51691, 98589, 2682]"
116958,"[11707, 83089, 66654, 46983, 58483, 107948, 67138, 41820, 108688, 96154]"
116959,"[1448, 96046, 14123, 37116, 87493, 10605, 48163, 46185, 13763, 93449]"
116960,"[29378, 90692, 49580, 9911, 67919, 90589, 55415, 74093, 49688, 74513]"
116961,"[73233, 6581, 53728, 24108, 30144, 4406, 28052, 70949, 1476, 65563]"
116962,"[17956, 95568, 36973, 82030, 103700, 46342, 62696, 53336, 49690, 65430]"
116963,"[38424, 54409, 87682, 56750, 90763, 72127, 104799, 66880, 61319, 91152]"
116964,"[22622, 37168, 47084, 75912, 47584, 19533, 86784, 40264, 57489, 34173]"
116965,"[69352, 34581, 98560, 62026, 27070, 102146, 37263, 30058, 70555, 52344]"
116966,"[54717, 91771, 45049, 82253, 30671, 70755, 60135, 54785, 66298, 21627]"
116967,"[48081, 52122, 63657, 45260, 4516, 76013, 6734, 105293, 19716, 15014]"
116968,"[88116, 32245, 13849, 74943, 91550, 68050, 36357, 6463, 63647, 75147]"
116969,"[79657, 33504, 56765, 9258, 31477, 76877, 100750, 62324, 29946, 40300]"
116970,"[83352, 36328, 9199, 15632, 60935, 87584, 84536, 5579, 84226, 59686]"
116971,"[61831, 40703, 57009, 41312, 39146, 16861, 36352, 94354, 97564, 56518]"
116972,"[2695, 100369, 81629, 73610, 22053, 77349, 31595, 22008, 30917, 15422]"
116973,"[93158, 100666, 89970, 68541, 87065, 72090, 17475, 103441, 5184, 69799]"
116974,"[87219, 97020, 91743, 14090, 4369, 90526, 26768, 42975, 103220, 79834]"
116975,"[104822, 106223, 106756, 105391, 18161, 90097, 10394, 36703, 56588, 74065]"
116976,"[54157, 104199, 71981, 99118, 7313, 85387, 74149, 21953, 84097, 67081]"
116977,"[21358, 1353, 23653, 46093, 58948, 85733, 57491, 57041, 95751, 79136]"
116978,"[78993, 18062, 49972, 85836, 73451, 51585, 4873, 72370, 68652, 63520]"
116979,"[23975, 75987, 60782, 87899, 49188, 39461, 36894, 104784, 14827, 86513]"
116980,"[82191, 5800, 56668, 71260, 22241, 55823, 12988, 108041, 29002, 38618]"
116981,"[13112, 2765, 80130, 97554, 64320, 63404, 16826, 17900, 74934, 108945]"
116982,"[66769, 46734, 77378, 29702, 77279, 19050, 58805, 96912, 70275, 21702]"
116983,"[98134, 27358, 178, 82686, 74929, 50155, 18223, 40763, 59103, 47644]"
116984,"[87112, 53276, 58365, 25300, 102452, 81442, 35952, 43992, 18955, 30898]"
116985,"[58422, 101899, 60257, 35623, 69041, 51344, 20804, 25063, 100614, 77441]"
116986,"[22476, 87824, 41046, 34039, 37414, 5995, 59504, 81033, 85406, 62643]"
116987,"[73312, 12050, 22549, 7485, 26466, 65666, 36380, 11170, 46169, 108542]"
116988,"[20810, 37129, 93292, 42887, 106274, 52794, 63343, 50841, 58631, 28608]"
116989,"[55719, 74197, 90868, 58335, 39206, 48232, 59835, 50653, 67471, 38029]"
116990,"[97764, 56027, 106163, 56680, 108480, 96914, 4168, 63790, 83380, 64441]"
116991,"[97892, 67278, 72135, 51057, 78494, 92641, 85332, 203, 30692, 98996]"
116992,"[284, 62291, 27356, 60050, 96268, 87499, 40539, 96735, 58633, 17972]"
116993,"[8201, 70399, 28272, 109380, 96789, 11191, 69457, 67707, 16973, 90505]"
116994,"[45212, 106575, 13542, 53100, 78704, 61527, 7490, 2152, 45045, 16712]"
116995,"[24442, 109041, 48020, 47318, 2788, 46967, 53394, 42061, 84920, 5865]"
116996,"[42607, 2235, 108402, 64100, 21387, 59648, 94862, 19720, 9250, 11215]"
116997,"[62372, 1420, 95063, 79434, 97529, 1077, 30812, 85144, 30244, 62785]"
116998,"[18676, 65944, 106073, 55687, 25726, 81966, 24213, 42315, 42333, 97926]"
116999,"[28772, 90829, 10958, 37272, 40478, 69294, 30374, 100644, 82991, 84306]"
117000,"[55724, 5740, 49613, 101125, 8034, 10323, 61224, 48271, 46408, 23124]"
117001,"[68202, 101169, 106544, 8724, 18414, 26275, 29665, 54387, 8094, 42578]"
117002,"[57547, 54376, 2318, 9581, 88585, 87812, 2918, 76775, 92164, 7075]"
117003,"[58165, 58507, 24733, 22447, 5890, 58099, 9573, 87569, 58160, 18692]"
117004,"[8776, 74243, 76772, 92720, 105317, 82665, 19171, 66658, 40821, 100194]"
117005,"[61983, 34600, 2159, 88676, 89584, 101876, 41866, 2091, 84374, 78874]"
117006,"[54341, 77837, 36449, 33294, 22320, 59268, 94695, 29338, 824, 41366]"
117007,"[46816, 10196, 14395, 56379, 105547, 72147, 8983, 52318, 59093, 15404]"
117008,"[10856, 102927, 43846, 69591, 94060, 93835, 30654, 34685, 38919, 89618]"
117009,"[7981, 41768, 31191, 74185, 21400, 36506, 64414, 54581, 41231, 46549]"
117010,"[78475, 51305, 65901, 103796, 85653, 51353, 108908, 35154, 64014, 72754]"
117011,"[29168, 101539, 63509, 94029, 57357, 96405, 44645, 6794, 77072, 61710]"
117012,"[32241, 73058, 68331, 72093, 44260, 12587, 12713, 12600, 91829, 103553]"
117013,"[5783, 55248, 47711, 11970, 63788, 70569, 28079, 69359, 67508, 29943]"
117014,"[30528, 5856, 43269, 81467, 87364, 81937, 45540, 57224, 28513, 49513]"
117015,"[71208, 60243, 2958, 2539, 78944, 87655, 36727, 89244, 95821, 18170]"
117016,"[101456, 75874, 106970, 78842, 12747, 34172, 21954, 24394, 41392, 89934]"
117017,"[58689, 16632, 108635, 92230, 58307, 89452, 42855, 20811, 6206, 16968]"
117018,"[37420, 42576, 96831, 55523, 70525, 99056, 47410, 34618, 18549, 89881]"
117019,"[80569, 71410, 41459, 69720, 20563, 93884, 51497, 77662, 19848, 78122]"
117020,"[77301, 57936, 43376, 33663, 36620, 96702, 87430, 14322, 46828, 90509]"
117021,"[52893, 44941, 50294, 69691, 58756, 61101, 82226, 69224, 27597, 108461]"
117022,"[47748, 98216, 58524, 105545, 53812, 56284, 38602, 33132, 98425, 58681]"
117023,"[9199, 84536, 61441, 86431, 36328, 5579, 106822, 52878, 77328, 19993]"
117024,"[38080, 67222, 9918, 76756, 87168, 103728, 46506, 88664, 97421, 2526]"
117025,"[77339, 94591, 22883, 19693, 97562, 95207, 74672, 84762, 106017, 107687]"
117026,"[44932, 50663, 61101, 82226, 79448, 7733, 51520, 24433, 49893, 44222]"
117027,"[46732, 69845, 85666, 2001, 21354, 80927, 86471, 29966, 102464, 101487]"
117028,"[94971, 82731, 42212, 64189, 33186, 97578, 75132, 33922, 33614, 11597]"
117029,"[77006, 92006, 37505, 13662, 47556, 9820, 5777, 25467, 107913, 92812]"
117030,"[29390, 30326, 36178, 85861, 66399, 83147, 75655, 15532, 49414, 33090]"
117031,"[84581, 107579, 103987, 95531, 92393, 95395, 45366, 73691, 36608, 21582]"
117032,"[72100, 52364, 87670, 26771, 57393, 9330, 109425, 37713, 49905, 53873]"
117033,"[107917, 47090, 6784, 77553, 33588, 83123, 28209, 58745, 109346, 48289]"
117034,"[29912, 9814, 89500, 286, 85791, 38845, 15547, 39125, 23370, 81076]"
117035,"[9933, 99292, 101787, 28290, 78911, 39920, 68456, 5941, 31780, 70259]"
117036,"[13059, 57026, 60155, 75509, 48983, 61053, 15960, 87591, 25297, 66989]"
117037,"[44461, 87097, 4887, 48971, 54569, 31121, 3934, 42604, 10148, 7229]"
117038,"[68898, 22451, 10214, 15358, 109555, 75174, 47661, 80613, 54000, 88781]"
117039,"[21679, 72325, 19848, 5313, 80153, 3941, 94460, 37533, 11018, 105558]"
117040,"[24631, 27080, 44155, 43784, 40553, 22978, 63783, 27845, 102819, 85195]"
117041,"[27069, 52016, 34295, 37679, 27384, 84112, 62067, 11389, 94780, 96829]"
117042,"[48562, 38179, 51461, 42600, 96747, 81816, 81327, 70027, 39076, 108834]"
117043,"[57570, 30599, 50833, 16278, 34422, 16745, 28441, 46578, 2671, 71766]"
117044,"[74802, 16265, 49843, 74848, 48715, 19250, 103455, 3506, 15168, 106273]"
117045,"[5538, 9790, 22032, 81189, 21133, 3561, 12486, 17163, 18194, 91423]"
117046,"[42852, 5962, 15691, 102236, 109487, 107665, 16412, 107429, 32391, 5956]"
117047,"[37468, 1995, 56319, 70018, 32403, 99448, 100334, 31058, 12450, 36393]"
117048,"[45878, 27977, 85743, 55939, 57243, 30422, 25578, 58834, 58780, 67547]"
117049,"[66944, 41970, 43146, 107538, 43388, 76841, 71262, 59891, 29230, 71496]"
117050,"[80146, 85501, 61351, 50174, 49283, 17614, 49782, 102559, 82074, 30681]"
117051,"[88008, 16658, 71179, 14856, 68535, 54380, 12284, 33971, 22745, 22568]"
117052,"[83643, 39939, 71291, 97657, 93541, 88770, 18575, 24096, 65826, 92519]"
117053,"[169, 91151, 47228, 109267, 85337, 31937, 30613, 11297, 49896, 104560]"
117054,"[88653, 17161, 109668, 53971, 21144, 50058, 75645, 79746, 95670, 21159]"
117055,"[51459, 54406, 40191, 78537, 72481, 3381, 34620, 40967, 61290, 40869]"
117056,"[74656, 75305, 18034, 93717, 14220, 15885, 7187, 51425, 58321, 62787]"
117057,"[54950, 75044, 67675, 71577, 101625, 69175, 50941, 69936, 74336, 104454]"
117058,"[65191, 80173, 13914, 45454, 35508, 29834, 92019, 30042, 30463, 68664]"
117059,"[40700, 18032, 64389, 102614, 75051, 87863, 73508, 99896, 29274, 64086]"
117060,"[61909, 87411, 52754, 83844, 59932, 40970, 36216, 36526, 47629, 13461]"
117061,"[101316, 8059, 27240, 49361, 80701, 55622, 21604, 78375, 101521, 101600]"
117062,"[37241, 105068, 44589, 432, 82190, 106331, 26906, 53306, 31672, 75186]"
117063,"[8402, 83993, 108563, 24372, 26627, 72759, 9203, 58491, 5572, 109030]"
117064,"[27370, 37974, 63367, 107762, 78391, 7745, 90812, 35149, 75434, 107993]"
117065,"[96404, 11451, 56925, 2008, 11291, 100503, 92202, 105694, 12882, 47461]"
117066,"[62989, 9429, 10398, 32349, 107406, 2476, 95920, 37103, 104809, 108518]"
117067,"[10959, 7692, 109703, 106885, 9256, 17694, 221, 94284, 6418, 93197]"
117068,"[66231, 75850, 70201, 31865, 62629, 109028, 92260, 93022, 33519, 44562]"
117069,"[70177, 60096, 108352, 49048, 66269, 20870, 79356, 5302, 108643, 98935]"
117070,"[70343, 95150, 58730, 62880, 94895, 31508, 45676, 25083, 67901, 91141]"
117071,"[91350, 103632, 15987, 131, 36802, 26337, 2243, 41911, 33968, 67694]"
117072,"[56532, 33300, 78533, 89966, 47056, 14914, 58669, 21295, 50495, 31908]"
117073,"[33476, 48840, 73273, 39205, 99129, 59383, 4346, 96916, 9018, 101977]"
117074,"[64247, 95170, 84012, 88431, 32685, 108527, 54375, 45255, 59738, 59930]"
117075,"[11997, 24056, 96045, 10323, 26480, 5747, 51889, 15131, 99303, 82576]"
117076,"[81308, 44862, 98058, 22147, 28929, 23679, 21716, 34097, 68988, 107455]"
117077,"[66916, 29997, 71966, 98462, 75477, 27440, 104690, 3953, 82507, 24338]"
117078,"[2300, 55425, 17033, 75276, 91570, 34166, 24903, 59804, 23078, 68235]"
117079,"[22346, 52487, 58005, 20015, 93661, 104874, 81356, 12756, 44024, 45882]"
117080,"[37848, 21991, 94353, 107469, 67905, 66171, 11049, 45645, 87760, 102897]"
117081,"[96112, 33779, 36053, 87469, 35401, 67460, 96032, 56964, 54282, 54023]"
117082,"[58302, 96755, 109585, 15393, 17896, 53664, 40562, 38526, 64320, 79883]"
117083,"[21864, 105891, 33303, 81708, 51789, 81445, 69664, 51538, 44648, 52383]"
117084,"[31125, 66997, 56359, 35485, 64667, 88778, 16427, 45070, 82101, 52276]"
117085,"[72086, 84950, 11030, 23330, 93730, 59420, 99306, 24252, 105324, 38319]"
117086,"[28261, 25319, 8674, 91458, 99527, 5316, 46367, 19449, 104601, 40883]"
117087,"[65880, 77255, 29287, 71996, 4741, 65028, 65279, 2721, 97401, 34034]"
117088,"[15310, 3133, 16757, 64334, 67827, 48539, 50896, 103101, 34674, 62299]"
117089,"[60138, 83116, 62633, 87621, 84237, 106426, 89817, 64650, 28828, 38745]"
117090,"[41954, 15299, 89604, 65648, 22840, 359, 78957, 61446, 91394, 64242]"
117091,"[62842, 32082, 77487, 9482, 96869, 95890, 100461, 43756, 100053, 40930]"
117092,"[94722, 80346, 20164, 61920, 9616, 103023, 104882, 36737, 38106, 90209]"
117093,"[67462, 64294, 7428, 89365, 13847, 76353, 64453, 64027, 21448, 31862]"
117094,"[42808, 52012, 7873, 777, 18250, 6178, 84919, 66280, 50762, 24880]"
117095,"[13001, 67887, 58839, 49532, 60704, 32927, 81497, 89459, 39314, 54356]"
117096,"[48600, 69333, 42390, 50952, 107260, 29241, 52755, 102885, 33937, 85494]"
117097,"[69781, 94500, 109221, 86121, 64174, 91011, 69293, 86724, 12264, 66594]"
117098,"[79836, 94978, 94478, 77994, 21928, 28239, 76397, 59220, 2125, 78743]"
117099,"[30279, 90734, 87973, 61758, 59600, 83655, 30674, 21493, 70336, 79403]"
117100,"[92088, 91116, 19805, 97231, 57543, 2118, 88854, 28200, 42280, 24059]"
117101,"[34591, 56726, 93195, 22326, 5905, 19242, 35769, 31923, 93741, 62051]"
117102,"[77072, 2501, 17222, 104156, 59397, 63509, 80986, 103381, 103542, 49396]"
117103,"[45010, 6596, 7712, 103711, 89282, 61511, 30043, 46686, 97762, 57689]"
117104,"[47859, 74087, 59667, 3922, 73220, 87072, 1644, 53348, 9405, 96127]"
117105,"[67964, 2477, 19871, 33008, 79725, 79735, 86133, 82271, 1476, 50508]"
117106,"[100911, 54754, 26504, 94588, 61615, 56495, 76438, 68645, 76492, 83727]"
117107,"[30641, 7285, 9417, 66674, 2251, 75515, 103589, 19651, 93423, 80866]"
117108,"[101069, 60220, 39387, 53974, 84325, 62927, 98222, 87183, 100125, 109262]"
117109,"[75545, 12736, 33087, 81563, 62470, 4990, 98925, 48005, 86564, 934]"
117110,"[23660, 65384, 64460, 50721, 102920, 11156, 40238, 24806, 55267, 30962]"
117111,"[84291, 22457, 52850, 92607, 109162, 24760, 32637, 18043, 26859, 24201]"
117112,"[76244, 82514, 92356, 75327, 14102, 15965, 101533, 104670, 58243, 51745]"
117113,"[55653, 74597, 50383, 28121, 10921, 65295, 62611, 78447, 31378, 25455]"
117114,"[108132, 93502, 55250, 68025, 94481, 33181, 74757, 4357, 48829, 79614]"
117115,"[100939, 4486, 21021, 50601, 8715, 1336, 100070, 101295, 89901, 34111]"
117116,"[12329, 20416, 108128, 92174, 35492, 24489, 13899, 69375, 52885, 21475]"
117117,"[71314, 95884, 68815, 5874, 28933, 76867, 100781, 13583, 74823, 9893]"
117118,"[84113, 101802, 95962, 92633, 92816, 37816, 9105, 58210, 74377, 16769]"
117119,"[45849, 83115, 64750, 104095, 41295, 107181, 102460, 6267, 34967, 2082]"
117120,"[11836, 87094, 34051, 108148, 10276, 98534, 35329, 102320, 30637, 14668]"
117121,"[74392, 104990, 99128, 86977, 8908, 22824, 49735, 52718, 5459, 104527]"
117122,"[16791, 105917, 85783, 52489, 60129, 20896, 108105, 1462, 18429, 67900]"
117123,"[21292, 88356, 13701, 74554, 17411, 12653, 6817, 57822, 5422, 88795]"
117124,"[103507, 59992, 5480, 24835, 95633, 37794, 101467, 89021, 75424, 11071]"
117125,"[1369, 35894, 57347, 2845, 29151, 75145, 44745, 28645, 18047, 23444]"
117126,"[4368, 15469, 21100, 9899, 47923, 83332, 57637, 43017, 5349, 72503]"
117127,"[29711, 40976, 91095, 46082, 21561, 59860, 15551, 36720, 28755, 100106]"
117128,"[78502, 98257, 7903, 27082, 89695, 62047, 81581, 95114, 93555, 104674]"
117129,"[3074, 16021, 57133, 83961, 22624, 87554, 45930, 62962, 22127, 86102]"
117130,"[84724, 25755, 88300, 17534, 28776, 19356, 52399, 81204, 502, 94834]"
117131,"[103492, 53112, 41910, 94963, 82499, 33341, 65674, 4211, 45902, 99180]"
117132,"[49753, 99158, 41051, 18902, 86374, 59639, 85692, 65479, 34014, 99002]"
117133,"[72828, 19560, 97971, 75020, 30588, 99610, 95485, 7994, 74984, 96297]"
117134,"[88873, 48741, 68476, 34643, 50219, 46216, 10999, 109114, 68769, 2912]"
117135,"[58656, 3490, 30072, 41343, 29796, 74236, 33904, 42117, 69600, 49998]"
117136,"[64912, 25724, 20154, 76299, 30453, 22913, 17804, 4614, 86245, 4827]"
117137,"[95216, 43288, 106198, 37055, 2511, 70146, 25179, 63347, 58349, 19587]"
117138,"[95209, 13372, 87465, 99189, 107027, 19090, 67984, 103573, 69535, 87789]"
117139,"[75, 94819, 63937, 44738, 27410, 63056, 44601, 28606, 97740, 106551]"
117140,"[89637, 18372, 79200, 21045, 11773, 60119, 98088, 36099, 15904, 49631]"
117141,"[38807, 106397, 67988, 8726, 61668, 69443, 88683, 9574, 41850, 69321]"
117142,"[3532, 24653, 23391, 47298, 63778, 28898, 64074, 18549, 68238, 45533]"
117143,"[71694, 68653, 916, 95789, 95953, 78154, 35419, 100934, 79355, 55626]"
117144,"[90303, 63460, 49909, 61396, 106941, 14808, 72091, 11306, 19737, 29021]"
117145,"[38694, 80128, 35571, 21278, 41734, 101443, 81511, 57706, 82616, 31536]"
117146,"[46166, 23154, 68599, 90196, 61636, 63438, 60023, 100455, 55131, 56990]"
117147,"[64629, 58044, 82157, 55310, 84768, 5484, 109033, 84782, 106886, 66653]"
117148,"[37486, 85055, 65635, 84756, 107107, 61673, 83700, 67899, 44284, 89682]"
117149,"[48804, 15827, 63161, 7797, 48236, 30119, 33223, 16054, 44499, 71896]"
117150,"[74499, 92856, 631, 94081, 96972, 22797, 92876, 8775, 107368, 49306]"
117151,"[18058, 27198, 41657, 2876, 69099, 22535, 65301, 27259, 58755, 89080]"
117152,"[30145, 49278, 42970, 94270, 35333, 36157, 103726, 39648, 50042, 16297]"
117153,"[93426, 6147, 43072, 31132, 667, 4534, 39360, 67466, 78843, 50398]"
117154,"[86827, 58548, 85723, 44866, 34630, 55831, 38068, 8893, 23868, 108111]"
117155,"[7797, 63161, 71896, 87197, 95826, 58227, 13309, 89357, 71044, 71257]"
117156,"[66374, 6992, 26731, 53283, 59636, 77520, 28234, 29906, 95127, 47054]"
117157,"[18987, 43682, 107543, 39706, 11105, 17102, 107648, 78577, 99363, 42616]"
117158,"[33868, 79535, 23739, 91558, 94516, 51947, 48048, 59656, 47462, 5822]"
117159,"[93517, 55241, 82655, 31229, 86461, 48510, 19593, 57408, 62267, 54063]"
117160,"[30476, 43477, 72671, 27866, 60934, 87282, 68860, 65066, 18345, 9777]"
117161,"[44485, 7995, 81978, 76706, 24129, 23505, 12195, 98538, 58819, 96880]"
117162,"[7144, 59667, 74087, 15760, 2613, 74991, 76952, 46408, 32577, 61224]"
117163,"[2123, 96699, 34253, 61034, 32909, 10970, 25468, 86552, 90597, 82873]"
117164,"[71608, 41560, 82699, 48889, 8065, 24161, 103393, 50721, 72713, 105626]"
117165,"[7296, 74686, 49053, 11596, 94725, 24943, 20477, 87003, 31411, 80046]"
117166,"[61424, 49665, 5288, 79297, 45232, 56156, 87946, 36243, 9329, 4939]"
117167,"[57385, 92407, 7057, 39280, 46914, 77702, 43533, 69110, 4921, 72888]"
117168,"[41335, 4022, 9937, 37432, 74712, 92896, 22944, 66375, 37101, 4053]"
117169,"[44541, 5174, 19478, 97088, 81551, 20675, 66152, 55916, 47938, 81655]"
117170,"[62207, 62701, 52572, 32060, 11299, 91360, 99938, 109511, 31261, 17886]"
117171,"[109739, 79203, 51024, 107332, 12467, 10459, 56752, 72272, 79562, 26894]"
117172,"[62158, 48025, 16551, 35840, 36629, 88203, 24398, 33220, 62480, 84528]"
117173,"[93194, 15817, 13214, 16780, 97102, 52906, 42366, 79531, 6159, 18606]"
117174,"[51638, 101503, 79582, 53368, 70896, 51942, 23366, 46330, 19461, 35680]"
117175,"[32140, 23090, 20749, 48015, 9217, 76772, 67303, 79683, 49561, 32053]"
117176,"[12913, 63730, 42955, 22954, 19519, 9953, 48191, 95164, 88656, 63074]"
117177,"[85697, 68228, 104498, 10753, 31183, 768, 27571, 7947, 2886, 101564]"
117178,"[41993, 37076, 35783, 1221, 85199, 71576, 66755, 17464, 50156, 93604]"
117179,"[12038, 95558, 77199, 76053, 107997, 92885, 20905, 6921, 97513, 71986]"
117180,"[107470, 84660, 73420, 105866, 35165, 28001, 19361, 13057, 4397, 89928]"
117181,"[36081, 56606, 26553, 53860, 37294, 31587, 27390, 91010, 55394, 36852]"
117182,"[53258, 44655, 12947, 28279, 66692, 3377, 63382, 73645, 36163, 5075]"
117183,"[98495, 90511, 9469, 14868, 14087, 5667, 109100, 93228, 64196, 96431]"
117184,"[33410, 72433, 96690, 85817, 101805, 16711, 40075, 67313, 103450, 16865]"
117185,"[39, 41556, 107643, 39503, 50870, 75844, 80411, 44904, 12756, 39921]"
117186,"[57651, 76847, 45730, 43510, 91201, 69805, 70326, 63155, 37115, 78763]"
117187,"[76062, 62982, 1042, 84144, 48843, 48273, 31441, 49997, 59393, 91944]"
117188,"[68453, 29601, 80964, 99315, 25621, 76873, 66185, 48763, 30906, 99840]"
117189,"[33596, 29670, 78713, 91188, 8140, 63474, 101830, 33802, 47650, 93065]"
117190,"[56469, 64544, 106531, 57699, 100318, 20086, 14033, 48087, 34784, 51335]"
117191,"[9932, 74791, 104119, 109128, 27691, 108158, 43176, 5558, 81185, 63886]"
117192,"[419, 30261, 90098, 9584, 23031, 107268, 87110, 8540, 5448, 40049]"
117193,"[9802, 72908, 80359, 32962, 7458, 64258, 80392, 22129, 8979, 9545]"
117194,"[49263, 80788, 65935, 75515, 19651, 82416, 80069, 100439, 104279, 86385]"
117195,"[19198, 40125, 12141, 27369, 69867, 97205, 35198, 70639, 14568, 67293]"
117196,"[101110, 87863, 14671, 91898, 40700, 109419, 72200, 48928, 35496, 95112]"
117197,"[62734, 76106, 83408, 33537, 96689, 50300, 27589, 40886, 31418, 10429]"
117198,"[5129, 9749, 19778, 7475, 87496, 15917, 93024, 11280, 3162, 33312]"
117199,"[107104, 32680, 52415, 106363, 58992, 69696, 35281, 107965, 108429, 44052]"
117200,"[48066, 77010, 18602, 88944, 35642, 82092, 31770, 6634, 23101, 12122]"
117201,"[52949, 62857, 31060, 62227, 51370, 98770, 77319, 56935, 32404, 5445]"
117202,"[93655, 25630, 23119, 39716, 89074, 64158, 55457, 67684, 54582, 42485]"
117203,"[95673, 92416, 99798, 21915, 95697, 83588, 46114, 61496, 101127, 59996]"
117204,"[11498, 85071, 48040, 89967, 92038, 108739, 96291, 80182, 33169, 69451]"
117205,"[109114, 77840, 46216, 68476, 34643, 2912, 50219, 67598, 10999, 65078]"
117206,"[13504, 93814, 22413, 79005, 107740, 92903, 10711, 94643, 105024, 61491]"
117207,"[80333, 90849, 54659, 67218, 93157, 91972, 29731, 51746, 95371, 59578]"
117208,"[89662, 45919, 4899, 1819, 97278, 26797, 86122, 78294, 88681, 49137]"
117209,"[8177, 64074, 106693, 79431, 24559, 83248, 59556, 42183, 58656, 108190]"
117210,"[90894, 72826, 89203, 36747, 63887, 34964, 72764, 12745, 63079, 7812]"
117211,"[106555, 99463, 15294, 41351, 97735, 31164, 51204, 106861, 39845, 48850]"
117212,"[67853, 67475, 3536, 70535, 246, 43163, 39735, 9183, 19890, 20126]"
117213,"[19027, 70346, 103704, 46193, 7426, 18467, 39844, 78493, 76391, 103166]"
117214,"[87573, 3573, 77802, 51721, 56368, 76496, 21121, 74164, 35195, 13638]"
117215,"[32960, 64455, 80570, 109326, 5634, 66154, 4134, 4244, 699, 37310]"
117216,"[61882, 51060, 23664, 28367, 57221, 43512, 43555, 98314, 61457, 27734]"
117217,"[35944, 91269, 48136, 7257, 11604, 35000, 42992, 70846, 22803, 2386]"
117218,"[3083, 76061, 84929, 12881, 38641, 84063, 8118, 66837, 96031, 73363]"
117219,"[67486, 6599, 90137, 90153, 83159, 74295, 29399, 4531, 81801, 51261]"
117220,"[70809, 80538, 84110, 18498, 13445, 62759, 109651, 48086, 20819, 104057]"
117221,"[27269, 35185, 55933, 2247, 67025, 34744, 3943, 77778, 13432, 7351]"
117222,"[22170, 74764, 26361, 73381, 38376, 57582, 22134, 29508, 101183, 21630]"
117223,"[24166, 20223, 99740, 98307, 92948, 57790, 965, 43228, 94650, 81663]"
117224,"[67326, 13519, 3077, 89664, 57293, 99914, 80277, 13774, 98582, 30574]"
117225,"[13375, 40722, 82420, 54085, 67924, 38314, 17144, 29359, 5244, 101137]"
117226,"[96809, 89296, 63536, 94171, 66467, 29850, 23619, 17669, 26217, 2725]"
117227,"[79079, 86291, 76369, 11661, 95757, 18861, 106637, 13280, 98466, 35381]"
117228,"[68711, 8206, 61273, 27540, 105211, 15446, 19984, 93456, 75699, 45461]"
117229,"[36064, 46723, 56044, 77060, 100961, 49676, 65137, 78065, 35937, 17658]"
117230,"[68517, 90274, 60573, 89191, 71580, 32118, 33732, 80689, 69532, 45976]"
117231,"[25747, 51950, 24036, 7329, 41548, 83226, 28724, 26156, 72705, 62607]"
117232,"[85793, 56029, 44227, 62544, 2236, 28053, 49293, 81960, 73763, 56465]"
117233,"[37853, 94269, 36860, 8903, 107009, 35584, 86297, 49759, 21981, 82328]"
117234,"[86512, 68296, 62665, 104878, 51934, 106595, 80644, 83333, 24775, 12898]"
117235,"[32547, 106107, 39101, 109744, 23695, 60653, 15960, 107396, 78657, 12330]"
117236,"[45139, 81249, 27014, 18371, 94823, 74013, 102423, 84541, 32112, 53377]"
117237,"[86071, 104542, 69941, 54696, 64521, 54528, 68797, 22064, 66775, 1383]"
117238,"[73502, 53924, 44250, 103692, 69847, 62691, 76898, 58761, 26229, 98513]"
117239,"[37912, 58036, 3264, 40322, 91472, 33826, 92602, 71715, 23047, 81036]"
117240,"[5958, 44414, 95225, 48976, 101179, 4216, 29153, 101407, 108776, 52781]"
117241,"[74381, 35947, 8197, 95834, 68411, 22818, 12309, 31297, 5615, 65912]"
117242,"[20535, 75451, 24370, 64322, 104983, 54386, 103525, 70621, 15782, 39233]"
117243,"[59590, 89652, 4418, 1093, 77119, 55215, 2238, 31757, 84875, 76835]"
117244,"[40732, 56550, 46510, 32587, 2765, 52102, 7011, 5300, 53664, 50728]"
117245,"[61001, 14627, 105923, 21230, 42819, 17374, 79446, 44705, 107581, 83804]"
117246,"[44643, 38037, 14434, 85911, 106372, 46445, 43420, 33961, 57872, 87331]"
117247,"[41809, 31078, 56701, 9966, 41618, 56091, 35387, 10959, 18007, 78662]"
117248,"[6120, 21025, 93192, 46202, 3320, 1351, 73205, 10117, 46076, 104527]"
117249,"[67808, 101357, 93263, 66808, 63798, 33021, 32183, 17413, 32373, 97184]"
117250,"[72147, 28642, 76590, 88933, 77205, 109349, 39386, 2367, 49318, 37133]"
117251,"[88042, 35950, 68440, 38415, 50065, 81711, 28576, 28417, 109729, 29527]"
117252,"[1116, 67792, 93980, 32916, 14149, 14103, 84310, 47668, 85391, 5941]"
117253,"[61862, 64109, 19782, 16214, 83014, 77431, 89046, 49481, 25964, 107630]"
117254,"[48886, 106762, 63991, 85527, 63388, 79048, 11167, 105679, 67339, 48121]"
117255,"[102246, 33521, 21365, 43509, 68570, 1670, 29480, 53052, 32991, 53232]"
117256,"[15015, 41447, 61013, 101373, 97296, 39030, 87020, 103044, 27802, 57542]"
117257,"[55950, 4914, 99308, 63294, 38710, 82781, 81997, 98790, 67101, 63286]"
117258,"[74436, 99461, 47057, 95485, 72585, 77000, 53888, 81528, 62406, 23439]"
117259,"[33593, 34896, 105130, 39089, 26259, 2945, 102595, 32036, 104794, 54746]"
117260,"[24042, 8949, 36131, 84544, 33745, 42577, 15243, 43670, 14345, 48878]"
117261,"[83257, 89081, 102949, 30175, 19206, 35774, 13913, 65736, 27805, 44580]"
117262,"[17392, 364, 82741, 37662, 50568, 86554, 7311, 47828, 9302, 109505]"
117263,"[15363, 4662, 106018, 5684, 53838, 50050, 50500, 35590, 31575, 36846]"
117264,"[47136, 7321, 43523, 73540, 58178, 11588, 32230, 42481, 9270, 46133]"
117265,"[103418, 47728, 61735, 4764, 100634, 79735, 47247, 93346, 24401, 83337]"
117266,"[20278, 92747, 10026, 16142, 98220, 76712, 104158, 19684, 23715, 97083]"
117267,"[13730, 33769, 91246, 61009, 109057, 17097, 46960, 4314, 70752, 5993]"
117268,"[10342, 67697, 45942, 99409, 46328, 54772, 75579, 37919, 48795, 59311]"
117269,"[81995, 103229, 107758, 1208, 108265, 108700, 109146, 78886, 61669, 82048]"
117270,"[79111, 56463, 68792, 96133, 48368, 84884, 18499, 5844, 70407, 95644]"
117271,"[73105, 72936, 5720, 74084, 33505, 102872, 102249, 107694, 10640, 74728]"
117272,"[93050, 109160, 82951, 27636, 56838, 529, 92045, 107069, 37956, 63114]"
117273,"[660, 68631, 72839, 1624, 106517, 90471, 8442, 64963, 39655, 2462]"
117274,"[58420, 104953, 44108, 97924, 75604, 23005, 97986, 85221, 9111, 48660]"
117275,"[57908, 22976, 59831, 33934, 83753, 29897, 43307, 106015, 59934, 88805]"
117276,"[73338, 63517, 74355, 47959, 94065, 6144, 8135, 742, 29347, 13063]"
117277,"[95019, 2841, 108996, 96429, 99327, 22949, 109277, 74542, 103682, 32955]"
117278,"[68766, 38730, 48094, 12551, 39202, 14985, 29235, 59834, 77765, 57907]"
117279,"[105140, 1792, 6385, 47111, 38631, 70462, 45660, 82935, 96761, 96695]"
117280,"[65116, 72968, 8948, 85838, 108526, 5523, 13523, 1629, 103782, 76345]"
117281,"[7799, 88519, 32563, 31079, 55492, 48788, 489, 83344, 60692, 77295]"
117282,"[36891, 33761, 24698, 85013, 227, 45608, 99209, 22230, 80575, 70464]"
117283,"[93965, 96503, 79843, 61493, 19441, 109357, 108973, 96012, 102631, 102315]"
117284,"[84764, 1228, 95104, 90418, 36668, 54535, 19867, 40812, 82580, 57094]"
117285,"[82882, 68002, 4085, 108826, 45067, 46094, 76435, 68425, 69402, 25325]"
117286,"[64078, 85955, 43094, 23595, 87529, 53392, 51363, 71402, 74984, 42602]"
117287,"[50399, 69988, 31114, 63528, 20009, 36831, 72180, 41234, 24868, 9681]"
117288,"[78729, 101956, 63002, 88493, 77804, 30520, 69386, 62345, 57916, 30732]"
117289,"[35997, 65233, 11575, 60370, 72726, 67036, 74101, 54233, 100456, 98173]"
117290,"[38078, 15169, 85896, 106589, 41451, 19845, 67478, 16502, 25656, 41733]"
117291,"[8680, 94484, 92237, 96336, 81440, 81794, 21108, 30773, 27702, 97342]"
117292,"[108102, 48479, 32027, 85511, 80281, 12255, 106089, 105608, 103754, 52241]"
117293,"[55922, 96012, 21041, 35054, 16296, 12575, 82100, 10542, 36403, 66417]"
117294,"[42511, 30839, 67705, 22253, 14052, 84439, 24065, 4076, 28850, 32108]"
117295,"[32067, 47302, 20085, 106086, 22500, 65554, 39388, 83933, 101969, 615]"
117296,"[74454, 102816, 71713, 41513, 94500, 91011, 56633, 96797, 64174, 14286]"
117297,"[57153, 108553, 69576, 88244, 13844, 26851, 100733, 109746, 6746, 11273]"
117298,"[868, 10656, 31662, 40548, 29143, 44996, 30637, 102792, 45943, 24835]"
117299,"[36961, 82448, 78186, 53770, 95069, 26185, 11518, 40092, 59747, 76125]"
117300,"[43225, 60710, 55774, 85062, 81899, 16166, 90620, 69610, 88831, 96375]"
117301,"[60654, 79267, 82282, 47337, 47682, 47267, 51325, 105302, 42592, 7212]"
117302,"[19061, 80350, 94432, 86500, 60201, 51757, 106885, 20044, 53269, 16916]"
117303,"[21660, 65690, 96698, 26785, 32889, 74432, 10766, 26119, 32519, 63497]"
117304,"[27111, 24038, 22028, 63609, 28294, 40998, 10241, 67504, 83467, 65082]"
117305,"[6613, 19877, 56401, 18874, 34571, 50265, 34021, 81358, 75995, 46363]"
117306,"[75784, 47563, 35837, 61923, 33697, 93737, 108099, 62095, 40907, 76517]"
117307,"[66079, 2228, 92785, 8068, 99241, 65001, 85043, 23296, 64370, 14327]"
117308,"[65173, 78836, 74056, 27018, 31760, 51819, 60780, 12371, 100799, 102388]"
117309,"[12359, 6426, 7821, 75289, 47950, 37222, 91340, 59464, 14539, 86765]"
117310,"[46894, 16305, 25703, 20710, 45124, 1577, 92376, 59933, 54025, 109772]"
117311,"[91675, 99001, 62914, 17289, 10201, 48618, 104610, 102513, 333, 80099]"
117312,"[32249, 26919, 105725, 70066, 4043, 50664, 108469, 2032, 99969, 71833]"
117313,"[63140, 5813, 29066, 87699, 9692, 1145, 79588, 98235, 36748, 29931]"
117314,"[73774, 47249, 64003, 76324, 69865, 57543, 1668, 33078, 59519, 56597]"
117315,"[28108, 31646, 105330, 108667, 58646, 21508, 47335, 48627, 72456, 45266]"
117316,"[55689, 7781, 62586, 11755, 75077, 94072, 20595, 26779, 29452, 8675]"
117317,"[34025, 28576, 45562, 33455, 81776, 109729, 43857, 78060, 32570, 5471]"
117318,"[99895, 24205, 60866, 78117, 54317, 48876, 46334, 46591, 53921, 24530]"
117319,"[50916, 6290, 51062, 105955, 73639, 27632, 90470, 24444, 13919, 45975]"
117320,"[54177, 55865, 45287, 73579, 90048, 87337, 25414, 9263, 107390, 11405]"
117321,"[37771, 55407, 37227, 106912, 101827, 31404, 97730, 15673, 68052, 108274]"
117322,"[29141, 37444, 95730, 38757, 25247, 95464, 38302, 29164, 100303, 53757]"
117323,"[37341, 15176, 67250, 109037, 11054, 7518, 56672, 92939, 3694, 72647]"
117324,"[55308, 5643, 88122, 55396, 54269, 213, 1932, 49598, 62321, 93767]"
117325,"[20733, 100620, 36277, 20656, 108542, 87542, 8516, 34118, 16886, 23668]"
117326,"[20269, 48317, 90695, 2946, 192, 22757, 60445, 11832, 4300, 98768]"
117327,"[56180, 62560, 101353, 89384, 53583, 8334, 7169, 19218, 46864, 61102]"
117328,"[67500, 21314, 47272, 107437, 86825, 54947, 66726, 34727, 41894, 96980]"
117329,"[100488, 44329, 108628, 71695, 99522, 109157, 81472, 99708, 39001, 39032]"
117330,"[80038, 28919, 70737, 39296, 88044, 105208, 66952, 86648, 103661, 41655]"
117331,"[34920, 35176, 108708, 97481, 41493, 15414, 36854, 39170, 10199, 77489]"
117332,"[35355, 18921, 21323, 47685, 96251, 90398, 45407, 65948, 104885, 78638]"
117333,"[9583, 60929, 60771, 71435, 41553, 5860, 94563, 69702, 34068, 22556]"
117334,"[40105, 109199, 69596, 71131, 86347, 100270, 17809, 3743, 107089, 57302]"
117335,"[76062, 86897, 3179, 10554, 26339, 96083, 63979, 62982, 37875, 1042]"
117336,"[62819, 18525, 92640, 73269, 68665, 99528, 33827, 35887, 102021, 16809]"
117337,"[18994, 4435, 43875, 67813, 14024, 46632, 96475, 104807, 20481, 64811]"
117338,"[62125, 108185, 35347, 5355, 715, 36832, 92214, 37165, 105023, 11014]"
117339,"[28430, 83823, 44859, 55631, 109544, 93202, 66600, 76660, 15580, 33032]"
117340,"[89579, 10651, 92183, 79253, 70429, 10994, 78388, 43537, 30899, 62385]"
117341,"[59110, 6313, 97836, 61952, 38638, 35827, 40772, 24151, 97741, 28445]"
117342,"[38896, 107777, 60692, 102329, 79702, 66770, 51393, 63126, 65649, 79793]"
117343,"[75224, 103172, 13767, 40457, 15387, 57329, 92764, 100906, 42308, 39375]"
117344,"[75088, 21033, 52340, 71676, 11361, 93550, 44634, 64788, 81703, 94923]"
117345,"[6987, 57752, 88663, 14524, 99894, 67238, 90265, 95529, 30104, 69354]"
117346,"[108090, 50880, 91238, 46169, 32488, 78845, 34131, 42294, 103482, 50140]"
117347,"[81998, 7590, 78012, 74601, 47526, 39376, 19863, 7968, 20341, 103273]"
117348,"[95415, 27272, 20226, 108478, 10526, 29752, 67585, 72431, 55886, 16042]"
117349,"[1253, 21290, 93414, 55077, 100715, 26675, 24660, 16528, 67911, 82905]"
117350,"[47082, 4750, 79788, 92416, 107143, 104042, 21915, 109067, 43305, 108061]"
117351,"[31206, 77660, 108504, 103459, 63408, 106668, 13252, 36832, 92214, 16161]"
117352,"[42120, 83104, 50153, 40842, 41968, 44060, 19077, 66008, 53738, 102498]"
117353,"[84944, 49962, 87116, 59926, 47849, 41751, 74258, 99872, 81226, 81742]"
117354,"[69263, 37293, 32198, 88028, 11812, 53173, 91830, 45402, 33071, 3849]"
117355,"[109361, 85242, 41428, 87675, 84375, 29923, 20616, 22703, 27504, 73489]"
117356,"[19034, 66440, 62783, 27079, 41670, 23261, 49576, 99913, 16662, 70780]"
117357,"[39671, 21026, 36175, 77536, 50622, 60590, 28689, 59281, 53497, 47029]"
117358,"[17992, 11392, 8482, 53105, 22521, 38647, 15130, 34629, 89720, 57782]"
117359,"[13653, 50324, 95532, 32405, 105288, 52267, 86663, 50409, 73965, 22145]"
117360,"[27317, 17337, 89948, 85046, 38869, 53905, 22705, 72575, 97368, 35005]"
117361,"[73545, 90721, 27793, 54, 78499, 18244, 51404, 6504, 43148, 22145]"
117362,"[27269, 102891, 103951, 100657, 103990, 79391, 109145, 101613, 36378, 2712]"
117363,"[34590, 24868, 49568, 20078, 10230, 5455, 63489, 58319, 9681, 64111]"
117364,"[72968, 68824, 1629, 27294, 56762, 50891, 57527, 13530, 38142, 39830]"
117365,"[9120, 28, 87352, 14045, 103861, 72800, 19736, 1844, 107071, 637]"
117366,"[64968, 81511, 27679, 64178, 79750, 41734, 88078, 30888, 75855, 61153]"
117367,"[107075, 33067, 5801, 52887, 34835, 74921, 14764, 37442, 102786, 69812]"
117368,"[23908, 78539, 32909, 76622, 76812, 22298, 13832, 13688, 17627, 14750]"
117369,"[11631, 109525, 92485, 35330, 92225, 69757, 71427, 61270, 70508, 24007]"
117370,"[50963, 44557, 10836, 37300, 85350, 102574, 93347, 97995, 52476, 72888]"
117371,"[92569, 508, 13061, 97050, 77509, 103615, 74998, 104735, 94452, 33174]"
117372,"[84946, 74607, 15639, 93299, 20940, 25309, 13412, 7260, 30565, 61576]"
117373,"[59170, 61433, 68456, 33574, 100029, 78811, 28646, 73696, 5659, 89040]"
117374,"[50659, 64239, 39294, 76349, 33171, 51191, 11398, 80338, 49266, 80163]"
117375,"[42685, 31567, 86172, 59791, 37450, 62501, 5926, 42069, 58843, 101534]"
117376,"[54346, 32432, 107702, 11192, 103472, 60570, 39800, 92314, 109738, 87874]"
117377,"[60937, 37010, 23732, 43706, 72257, 75247, 87258, 33879, 67259, 86283]"
117378,"[62443, 54461, 38163, 2626, 104121, 28920, 81346, 37699, 65225, 45770]"
117379,"[101622, 45307, 60728, 56957, 41911, 37479, 13403, 102787, 39391, 12812]"
117380,"[66675, 31013, 71869, 103652, 65829, 104069, 48251, 74156, 91269, 58701]"
117381,"[19258, 98770, 52949, 56935, 32404, 5445, 31060, 91956, 108117, 32052]"
117382,"[98082, 7421, 69300, 51517, 58388, 72089, 32262, 18471, 84693, 65914]"
117383,"[59318, 14584, 24705, 54220, 87577, 65458, 16649, 22893, 8625, 65617]"
117384,"[37406, 67308, 31838, 18443, 32727, 54785, 108304, 49926, 21836, 109252]"
117385,"[17383, 248, 99593, 30009, 79154, 827, 2911, 75073, 15036, 40374]"
117386,"[69226, 36061, 42767, 108442, 55497, 39540, 81290, 2662, 51313, 49503]"
117387,"[39018, 8764, 106296, 27248, 60414, 24790, 53153, 72883, 63276, 69839]"
117388,"[71528, 47286, 79745, 57709, 91875, 73592, 49924, 49411, 41139, 44848]"
117389,"[71293, 18120, 5280, 53067, 69912, 91547, 79858, 74959, 53654, 73119]"
117390,"[38038, 5075, 64027, 17443, 12947, 67462, 64294, 66692, 62859, 103225]"
117391,"[68291, 35773, 66466, 7624, 59456, 64588, 28582, 28905, 45903, 55744]"
117392,"[81744, 106715, 4442, 18908, 19837, 105243, 82545, 43766, 24585, 878]"
117393,"[108028, 56303, 87488, 95573, 6806, 73826, 52561, 60809, 88629, 107236]"
117394,"[67989, 7689, 42931, 107184, 97933, 103657, 14420, 5310, 81807, 11742]"
117395,"[84247, 43393, 14582, 84761, 70405, 22541, 6032, 70385, 22799, 20048]"
117396,"[33394, 3464, 24924, 37887, 88232, 56091, 86594, 35387, 78662, 26572]"
117397,"[105501, 78274, 13011, 69094, 103302, 37937, 62707, 44128, 74773, 95193]"
117398,"[61895, 21549, 12925, 67911, 71000, 7423, 49159, 82636, 48303, 2569]"
117399,"[5697, 28956, 40220, 35799, 83075, 11959, 36099, 56009, 10607, 3518]"
117400,"[100355, 56235, 81941, 17311, 23212, 106007, 91030, 26517, 35891, 55337]"
117401,"[76691, 51987, 21580, 62675, 70322, 1864, 3043, 65692, 51767, 89723]"
117402,"[63283, 33929, 90912, 76351, 49794, 9951, 91029, 2110, 39075, 77931]"
117403,"[97299, 32078, 1279, 90419, 109127, 28463, 91987, 18285, 96182, 49618]"
117404,"[87461, 49975, 40910, 57010, 59607, 12993, 3129, 17450, 45381, 50803]"
117405,"[9011, 56275, 53222, 29615, 51492, 53119, 77758, 39976, 34308, 38719]"
117406,"[11734, 92992, 47595, 98040, 68036, 44723, 92255, 9734, 105468, 10781]"
117407,"[55350, 45916, 27041, 81107, 7621, 32190, 51707, 84326, 51220, 45446]"
117408,"[100236, 70723, 88791, 15892, 64773, 56367, 59635, 108964, 86891, 9316]"
117409,"[92850, 5078, 67457, 96850, 12866, 44808, 90906, 60673, 4898, 41321]"
117410,"[44596, 48244, 108271, 46360, 23766, 32579, 26668, 43939, 14407, 91613]"
117411,"[59430, 87479, 19810, 78925, 2664, 73158, 30248, 80513, 28631, 69852]"
117412,"[94462, 88456, 73799, 47051, 74689, 58195, 95168, 56595, 23237, 50654]"
117413,"[51852, 27232, 64042, 78184, 5070, 53297, 23901, 18684, 65302, 98561]"
117414,"[54872, 43655, 93667, 24299, 96910, 3111, 91564, 20617, 88279, 10713]"
117415,"[11857, 29671, 34621, 108712, 42295, 92720, 38352, 2892, 4946, 28696]"
117416,"[77221, 105005, 106949, 13310, 87046, 11503, 105910, 97466, 79347, 52823]"
117417,"[47614, 71566, 100147, 25888, 14929, 1579, 89862, 82806, 16801, 16776]"
117418,"[29782, 46658, 69800, 48647, 100439, 10890, 85469, 70600, 3994, 44535]"
117419,"[49564, 18428, 7760, 53572, 94213, 32831, 80309, 98269, 70765, 91457]"
117420,"[76828, 30568, 81523, 85626, 2070, 44118, 36346, 37228, 37324, 17447]"
117421,"[33329, 73428, 63143, 31032, 1118, 58641, 72411, 34438, 44128, 67588]"
117422,"[78472, 33580, 6090, 73910, 76146, 53694, 74262, 7603, 37123, 60478]"
117423,"[16884, 60970, 1941, 40079, 42243, 80654, 71465, 14444, 51706, 51361]"
117424,"[61175, 61081, 6836, 41098, 93317, 84116, 80627, 64118, 74901, 77898]"
117425,"[51568, 5990, 80326, 8730, 5465, 93345, 13459, 69295, 44863, 2220]"
117426,"[30828, 82442, 67518, 48786, 44551, 7009, 23565, 38187, 210, 29495]"
117427,"[85962, 73565, 5197, 10366, 72421, 70798, 72794, 71871, 102001, 4006]"
117428,"[7095, 55351, 70100, 13813, 87929, 20655, 4858, 7832, 101504, 94335]"
117429,"[78293, 28135, 46539, 105101, 109596, 84000, 86204, 94899, 47174, 102340]"
117430,"[36909, 69379, 12515, 108713, 105436, 85130, 19182, 60248, 22415, 100290]"
117431,"[3566, 33839, 74831, 21394, 35830, 102177, 105938, 81861, 15129, 57814]"
117432,"[41256, 33278, 3732, 24243, 26511, 3319, 108277, 102351, 47406, 101497]"
117433,"[39561, 74028, 8162, 24406, 55892, 68420, 18716, 109451, 55933, 75320]"
117434,"[79095, 43255, 91019, 4659, 17499, 108004, 51482, 76744, 44737, 77357]"
117435,"[106262, 2236, 48972, 104859, 47802, 107731, 11695, 94889, 39946, 92005]"
117436,"[38834, 95424, 17027, 101706, 62834, 76905, 14642, 27359, 90555, 13010]"
117437,"[22699, 90182, 43468, 76795, 8863, 78807, 29462, 36770, 103400, 66285]"
117438,"[64095, 13327, 92501, 88195, 93800, 41912, 12414, 37144, 90604, 57920]"
117439,"[49019, 68748, 41699, 95578, 59532, 105141, 18986, 67631, 2442, 67562]"
117440,"[64443, 4621, 13748, 97539, 88935, 83118, 15937, 32355, 31059, 12177]"
117441,"[64857, 99161, 37770, 73429, 98051, 41315, 66083, 54592, 107967, 93063]"
117442,"[20425, 70433, 50489, 4618, 89533, 68335, 92572, 31577, 70223, 15536]"
117443,"[107103, 70917, 97389, 57422, 21070, 38355, 18932, 33185, 51892, 30193]"
117444,"[39790, 77140, 39563, 12792, 49194, 104861, 13096, 100417, 79972, 5500]"
117445,"[21017, 11580, 40257, 15814, 42177, 61307, 66472, 91821, 56715, 51902]"
117446,"[260, 7000, 102474, 15194, 83905, 13085, 56399, 25783, 61314, 36906]"
117447,"[52938, 70641, 48044, 27066, 54291, 6711, 36774, 25636, 28157, 83980]"
117448,"[40084, 41274, 4093, 20691, 30351, 39025, 13210, 106707, 68043, 97891]"
117449,"[104754, 45181, 47473, 14949, 32820, 25542, 20027, 96418, 107752, 80347]"
117450,"[97906, 31274, 48769, 61057, 108512, 59115, 14338, 14410, 36180, 95511]"
117451,"[68000, 38541, 11259, 99064, 33966, 76396, 57047, 77796, 78207, 65740]"
117452,"[13430, 65800, 78089, 85958, 86567, 86842, 31473, 70169, 87102, 27984]"
117453,"[88620, 66347, 95511, 5038, 3940, 58809, 59964, 88372, 22158, 12592]"
117454,"[73161, 32116, 23818, 48585, 34252, 68834, 75541, 98017, 86451, 75856]"
117455,"[75708, 22908, 102541, 38714, 13744, 26159, 79537, 1291, 104100, 80448]"
117456,"[87112, 53276, 58365, 25300, 102452, 81442, 35952, 43992, 18955, 30898]"
117457,"[77601, 93064, 54986, 44503, 27801, 107114, 88325, 23595, 33521, 13521]"
117458,"[53168, 33919, 44622, 42490, 94233, 29626, 78033, 79356, 29662, 36751]"
117459,"[11725, 2829, 60117, 41723, 96867, 35860, 97108, 55810, 15287, 67515]"
117460,"[29318, 61317, 22931, 56547, 100614, 72595, 63374, 40310, 11329, 13227]"
117461,"[58773, 56223, 37051, 2685, 97033, 66457, 90435, 16510, 103361, 68689]"
117462,"[70523, 2142, 79013, 1516, 56888, 11066, 11219, 68218, 61045, 89809]"
117463,"[9199, 19993, 84536, 95639, 36328, 15632, 72579, 81628, 59686, 106822]"
117464,"[32801, 85845, 89042, 70255, 51795, 101141, 7331, 41551, 7566, 76354]"
117465,"[106337, 47730, 92599, 531, 36162, 50675, 26386, 80915, 53685, 90228]"
117466,"[106788, 7515, 81566, 22290, 91668, 79772, 58336, 67749, 62129, 37116]"
117467,"[45212, 78704, 2152, 45045, 16712, 85769, 106575, 53100, 13542, 16883]"
117468,"[105010, 64098, 20399, 14883, 54690, 4102, 85142, 40754, 89734, 8284]"
117469,"[26603, 105404, 93440, 58116, 18080, 70901, 91703, 37461, 78059, 29293]"
117470,"[44929, 25108, 22304, 87795, 29355, 84410, 40494, 92422, 19949, 91885]"
117471,"[78888, 70886, 56219, 1011, 57734, 60369, 90902, 85706, 54204, 101658]"
117472,"[73309, 4909, 105451, 41988, 35754, 45457, 109216, 19520, 100681, 97511]"
117473,"[59069, 96603, 97726, 82583, 5101, 100736, 82069, 15957, 87244, 11196]"
117474,"[90245, 103432, 108415, 96563, 84550, 36456, 108272, 95307, 6642, 68672]"
117475,"[75989, 17532, 2181, 44758, 100660, 68667, 68237, 40596, 79018, 35643]"
117476,"[60752, 47631, 61134, 32029, 45327, 78362, 75965, 106530, 83606, 20707]"
117477,"[32909, 65726, 76812, 51644, 86552, 69909, 13832, 25468, 55527, 10970]"
117478,"[26512, 70313, 82088, 77527, 102017, 8741, 10591, 95710, 90793, 31788]"
117479,"[20726, 83874, 88121, 73561, 88980, 96594, 17671, 16687, 102554, 99816]"
117480,"[61165, 8570, 32877, 6587, 77956, 59272, 78590, 57872, 60108, 71088]"
117481,"[11977, 98257, 7903, 78502, 34686, 103476, 83448, 52372, 41928, 31629]"
117482,"[76407, 79955, 99639, 62146, 66902, 44534, 5860, 105251, 42264, 36744]"
117483,"[44208, 35772, 28934, 14920, 1522, 23403, 45486, 51776, 66493, 89710]"
117484,"[51813, 6221, 95764, 7153, 31226, 76841, 46317, 61234, 18314, 24758]"
117485,"[51860, 19213, 84888, 64206, 40533, 106513, 54095, 48560, 32243, 15935]"
117486,"[105359, 2054, 38568, 79128, 19257, 46566, 36421, 77491, 73779, 9371]"
117487,"[64090, 23417, 54047, 86368, 49451, 100914, 63639, 101420, 3004, 80009]"
117488,"[109424, 81583, 51560, 98216, 39046, 64028, 58681, 67098, 50134, 45184]"
117489,"[83153, 42819, 21230, 17374, 88701, 14627, 85729, 41463, 107581, 27464]"
117490,"[26743, 51080, 38395, 72604, 46801, 5492, 62341, 48035, 85477, 41288]"
117491,"[31310, 71420, 83796, 39345, 97520, 92642, 33266, 75889, 13281, 9143]"
117492,"[19703, 17505, 48013, 72805, 101648, 75058, 48609, 9754, 15826, 96337]"
117493,"[60059, 68849, 40330, 58868, 20637, 87365, 13586, 39878, 39123, 5207]"
117494,"[10635, 17484, 103434, 9827, 7811, 17408, 55163, 60809, 61648, 33336]"
117495,"[1456, 75494, 80846, 91617, 45623, 17621, 17951, 61248, 64326, 91514]"
117496,"[68326, 91871, 83235, 26331, 62682, 37411, 103039, 3112, 12835, 54626]"
117497,"[7433, 27223, 95795, 17687, 48328, 55015, 106020, 45695, 56321, 99112]"
117498,"[82067, 82275, 76023, 69569, 32398, 88147, 86775, 8676, 85984, 11824]"
117499,"[20279, 90921, 97349, 56508, 43803, 57008, 20102, 91659, 75903, 30465]"
117500,"[43693, 19838, 40316, 26738, 47619, 42227, 65954, 55709, 57910, 41863]"
117501,"[39912, 498, 43317, 32182, 91324, 22111, 45862, 76180, 67533, 98278]"
117502,"[106075, 45066, 41905, 104572, 69821, 35980, 9797, 34682, 59358, 86986]"
117503,"[53112, 82499, 65674, 4211, 54794, 47305, 9212, 88953, 103492, 76124]"
117504,"[72143, 11773, 68377, 86072, 17880, 100, 22160, 57053, 35988, 17531]"
117505,"[14469, 13673, 105183, 87863, 13786, 92246, 87880, 77200, 4289, 16150]"
117506,"[60037, 46003, 28821, 85904, 83952, 61406, 104833, 2440, 1618, 71369]"
117507,"[8801, 82273, 68751, 29293, 109644, 79069, 26956, 18080, 11541, 51868]"
117508,"[72207, 9770, 107807, 70230, 29935, 18392, 76501, 99818, 99888, 109378]"
117509,"[49771, 66033, 86246, 53240, 22948, 1348, 107871, 64897, 72052, 105218]"
117510,"[82862, 55254, 42320, 22377, 41323, 54755, 7335, 29265, 80827, 30331]"
117511,"[100277, 69543, 20594, 79836, 56483, 29676, 21928, 37567, 93163, 38788]"
117512,"[52863, 20172, 33214, 86145, 105712, 1735, 64789, 85713, 83579, 64965]"
117513,"[90363, 32818, 767, 82229, 78196, 78527, 22605, 8801, 106037, 22939]"
117514,"[75601, 109418, 96036, 95285, 31881, 21388, 11074, 29632, 10816, 94699]"
117515,"[22377, 61259, 35853, 55254, 42320, 56239, 20197, 3332, 60669, 27114]"
117516,"[5758, 29030, 29914, 38853, 29091, 108722, 52056, 65598, 10343, 48973]"
117517,"[54062, 50590, 8494, 67324, 58305, 56121, 6680, 108595, 103119, 107847]"
117518,"[30272, 35930, 46683, 93076, 28171, 16063, 88906, 91447, 16410, 31321]"
117519,"[21823, 4490, 78702, 6897, 98821, 31197, 2802, 903, 19975, 46723]"
117520,"[67943, 26246, 81401, 32498, 26600, 83121, 60554, 23659, 74825, 15016]"
117521,"[43257, 82503, 77987, 39834, 73757, 19701, 84834, 88316, 98586, 5396]"
117522,"[49848, 65182, 98240, 68022, 83096, 75331, 98204, 31786, 24441, 28654]"
117523,"[94447, 22968, 103009, 1728, 52266, 6755, 31366, 56069, 47593, 70077]"
117524,"[65061, 86184, 59400, 99984, 32852, 3190, 18299, 81382, 48999, 65388]"
117525,"[64507, 65034, 20646, 32102, 78995, 13361, 87831, 106790, 22548, 84014]"
117526,"[33023, 109506, 49649, 5039, 27235, 10923, 87927, 25546, 5730, 51714]"
117527,"[80149, 90579, 78241, 6168, 108416, 101449, 9027, 92546, 9945, 5700]"
117528,"[60705, 83273, 101172, 92698, 19702, 35601, 66238, 51817, 18085, 44218]"
117529,"[84969, 36217, 26013, 10123, 42147, 51969, 106901, 105960, 4715, 26840]"
117530,"[45339, 77774, 61932, 58291, 33789, 85073, 23863, 106391, 39176, 21472]"
117531,"[31024, 50799, 82356, 584, 38673, 23426, 48276, 137, 7914, 26167]"
117532,"[84770, 69774, 18123, 78382, 53767, 49696, 92560, 92001, 12988, 64044]"
117533,"[101205, 34910, 43996, 50023, 72781, 50647, 91792, 14618, 95372, 59985]"
117534,"[45352, 20249, 16961, 92451, 2687, 63865, 33447, 30786, 19924, 93249]"
117535,"[89743, 7450, 3134, 39404, 48841, 49562, 35230, 70560, 7757, 45007]"
117536,"[62388, 60181, 7379, 94818, 24227, 89536, 31160, 15802, 83214, 67600]"
117537,"[4331, 31768, 69921, 26228, 68486, 55642, 80573, 2428, 47394, 16121]"
117538,"[74353, 64138, 34667, 93426, 532, 88539, 28301, 93075, 80691, 99095]"
117539,"[40369, 94257, 104265, 80912, 100767, 14037, 58659, 83324, 97780, 37713]"
117540,"[81426, 84293, 59769, 61683, 86650, 11258, 105180, 85572, 18008, 56130]"
117541,"[80325, 107986, 36047, 2755, 86411, 24322, 40811, 43656, 3466, 65972]"
117542,"[107247, 2021, 24801, 87294, 29830, 53055, 58190, 87381, 72016, 88093]"
117543,"[84047, 86077, 26860, 10374, 17270, 1633, 103813, 20867, 20820, 96361]"
117544,"[20707, 28845, 70073, 53023, 15264, 11465, 102379, 61134, 104952, 46023]"
117545,"[81894, 43473, 40619, 53086, 17203, 105933, 109517, 86555, 73205, 46076]"
117546,"[42942, 43940, 37183, 88996, 24700, 106939, 83083, 82270, 45008, 58039]"
117547,"[36595, 54340, 57429, 86564, 52867, 52565, 58557, 79457, 50715, 89708]"
117548,"[33116, 68375, 88119, 25652, 29964, 57129, 19195, 62565, 2343, 21]"
117549,"[89819, 52098, 28119, 99767, 42248, 77392, 12389, 60803, 8426, 30124]"
117550,"[86760, 84083, 71345, 78379, 839, 46329, 104348, 94381, 37667, 39081]"
117551,"[47083, 31025, 11841, 56383, 35672, 26996, 83016, 107708, 24779, 47850]"
117552,"[21773, 98336, 13804, 81314, 55359, 85398, 30268, 66246, 4727, 2330]"
117553,"[107722, 101113, 50061, 49739, 53332, 22794, 47003, 84290, 90168, 10684]"
117554,"[28204, 53862, 98313, 19824, 51960, 8082, 56082, 105353, 9189, 106992]"
117555,"[102730, 27585, 83349, 85887, 78996, 50929, 39580, 55023, 96197, 11846]"
117556,"[100626, 15954, 81985, 3625, 97766, 82521, 4345, 63486, 10823, 93101]"
117557,"[43729, 32146, 83305, 15435, 26967, 33961, 41410, 37232, 9557, 92817]"
117558,"[2864, 58273, 48410, 42939, 48426, 101528, 20106, 62418, 108612, 46399]"
117559,"[47093, 86736, 51266, 35960, 35912, 103169, 95154, 23890, 100858, 97518]"
117560,"[36627, 105473, 19822, 46162, 99892, 43476, 51618, 56184, 49567, 60213]"
117561,"[8756, 28966, 25478, 23505, 52511, 71480, 107641, 31017, 83076, 4829]"
117562,"[40856, 108057, 10780, 7775, 48376, 33894, 61865, 13278, 108453, 88017]"
117563,"[69183, 107511, 104391, 71720, 47596, 106841, 72740, 87876, 60035, 53063]"
117564,"[104176, 32668, 90591, 82695, 18347, 26129, 102569, 30470, 85892, 28016]"
117565,"[61959, 73747, 29953, 58751, 49006, 59333, 79124, 79250, 77264, 85150]"
117566,"[84754, 23257, 1968, 101420, 80111, 64331, 104607, 40261, 66105, 36671]"
117567,"[16159, 29728, 1366, 55782, 55493, 22319, 80804, 15304, 54441, 66221]"
117568,"[30281, 74028, 61406, 24406, 7852, 91546, 46003, 39561, 89213, 67025]"
117569,"[41427, 85218, 72474, 101106, 38025, 57996, 7359, 80229, 99755, 22560]"
117570,"[42890, 10161, 2167, 48215, 23592, 100216, 18202, 19826, 105240, 16706]"
117571,"[59696, 699, 91387, 75741, 20821, 45382, 32960, 109298, 84906, 50396]"
117572,"[49551, 64082, 6009, 19207, 53328, 94486, 8241, 7675, 98345, 19736]"
117573,"[57087, 76576, 36206, 84356, 61630, 88981, 62650, 16529, 67161, 68643]"
117574,"[44404, 53041, 86343, 10698, 4308, 94238, 18012, 39304, 53303, 18770]"
117575,"[26263, 107239, 20747, 4573, 106279, 99729, 76457, 69566, 90094, 57959]"
117576,"[103126, 83469, 23434, 75575, 102418, 107324, 48222, 103449, 50219, 89796]"
117577,"[94777, 48402, 55140, 7091, 8807, 55382, 17749, 68269, 22406, 12674]"
117578,"[16938, 11457, 39063, 52999, 34857, 82188, 108650, 108955, 100936, 94700]"
117579,"[58875, 17345, 87208, 14967, 57381, 68636, 11491, 95779, 70722, 45796]"
117580,"[32862, 77436, 73986, 11209, 74108, 90864, 97013, 35499, 50860, 83756]"
117581,"[89604, 22840, 65648, 22400, 24390, 15299, 81665, 39942, 41954, 47581]"
117582,"[9893, 15678, 107112, 53765, 79523, 65637, 75901, 39336, 47475, 71314]"
117583,"[45801, 97381, 81997, 7841, 94687, 3632, 104088, 46410, 58779, 1226]"
117584,"[46475, 87345, 80470, 29870, 23099, 63576, 87538, 91808, 92892, 41183]"
117585,"[18535, 102754, 50288, 65005, 80845, 23962, 66322, 83570, 24031, 44333]"
117586,"[45040, 46742, 95834, 50364, 8197, 20386, 89583, 35947, 37471, 104627]"
117587,"[91083, 93141, 61960, 83181, 22928, 3421, 34169, 61825, 16150, 36911]"
117588,"[58406, 69149, 27071, 55430, 85081, 35468, 74420, 32830, 85837, 97278]"
117589,"[18342, 5457, 5220, 9365, 96221, 102549, 96227, 77697, 15548, 31638]"
117590,"[85313, 77166, 62280, 89830, 38759, 22662, 11583, 73427, 87201, 26115]"
117591,"[55589, 4105, 77836, 68890, 93907, 34513, 80168, 76069, 99927, 31701]"
117592,"[27432, 83302, 55947, 56273, 9051, 30484, 33113, 64878, 18491, 71362]"
117593,"[14047, 31720, 24650, 56160, 87918, 71693, 79861, 104227, 45561, 31414]"
117594,"[57727, 65102, 54492, 77500, 4470, 1571, 42166, 35367, 37759, 89485]"
117595,"[81597, 92328, 21088, 78163, 96346, 7210, 31150, 70396, 75983, 88728]"
117596,"[69171, 9182, 99075, 62725, 52882, 46677, 29379, 107660, 65474, 53012]"
117597,"[84715, 86572, 21964, 59567, 71954, 57101, 90459, 33054, 12666, 19300]"
117598,"[108746, 31457, 37329, 63602, 52393, 101245, 52469, 93279, 62187, 51272]"
117599,"[20938, 18256, 14458, 12372, 85186, 52161, 69582, 98236, 5543, 71962]"
117600,"[65571, 94248, 20509, 27500, 23420, 78417, 15248, 6609, 39300, 106810]"
117601,"[88949, 61212, 55976, 42827, 96453, 105504, 30358, 70961, 82000, 87790]"
117602,"[6438, 45228, 64921, 58264, 99657, 7626, 82567, 8279, 40540, 24033]"
117603,"[85159, 9570, 13508, 59467, 94400, 41040, 45097, 25394, 71233, 17742]"
117604,"[58066, 81594, 24265, 25473, 70302, 93852, 95299, 108918, 54576, 5291]"
117605,"[66336, 36104, 96135, 81671, 102157, 58924, 31412, 121, 5299, 3436]"
117606,"[31870, 26424, 83084, 34858, 104830, 71744, 28565, 46532, 8080, 54331]"
117607,"[44006, 77507, 64882, 44674, 70270, 92022, 3766, 55434, 20524, 71055]"
117608,"[13071, 62569, 109169, 87371, 51215, 16083, 71654, 47968, 41387, 14418]"
117609,"[80221, 16915, 69348, 95075, 8314, 28256, 4261, 48310, 12671, 22589]"
117610,"[46982, 108540, 53728, 77766, 68842, 86133, 82271, 40325, 49320, 30949]"
117611,"[75778, 31398, 56812, 82833, 8318, 39891, 107715, 84937, 21849, 75710]"
117612,"[95136, 74584, 23720, 80381, 63434, 54433, 61020, 91409, 97469, 91103]"
117613,"[68551, 108383, 5154, 72363, 59894, 51569, 8224, 98174, 44158, 46636]"
117614,"[55898, 13833, 60517, 29961, 2475, 6959, 11860, 10788, 46615, 86834]"
117615,"[40344, 91441, 91155, 6629, 77534, 75490, 49810, 25224, 106859, 9714]"
117616,"[81786, 72770, 59624, 95663, 105067, 47346, 3085, 24508, 20381, 59236]"
117617,"[35820, 63241, 86096, 98018, 109719, 897, 95346, 91239, 53248, 30745]"
117618,"[49108, 108234, 36650, 73635, 65796, 34635, 28386, 23513, 59304, 2717]"
117619,"[30208, 100368, 104296, 56708, 43124, 59136, 29682, 25691, 34578, 104535]"
117620,"[71242, 5933, 17123, 13714, 918, 9363, 28891, 78439, 8907, 108523]"
117621,"[65411, 29473, 65970, 46182, 103311, 50690, 9063, 49971, 3637, 56212]"
117622,"[80969, 100664, 104691, 86854, 5955, 27354, 6620, 58087, 37397, 15060]"
117623,"[99167, 57968, 66890, 16622, 15688, 21636, 27424, 54432, 2078, 48196]"
117624,"[83005, 99923, 3644, 22778, 95951, 62953, 73458, 73596, 103614, 9562]"
117625,"[13186, 101542, 52963, 67125, 278, 36591, 24156, 59640, 76984, 101793]"
117626,"[76395, 88443, 59119, 89170, 45321, 6173, 3150, 30062, 3054, 4217]"
117627,"[72384, 59831, 23791, 14379, 50823, 97642, 5506, 69358, 56908, 57908]"
117628,"[21736, 96076, 68379, 58187, 87753, 93934, 43151, 101679, 18577, 81334]"
117629,"[26534, 107014, 69608, 84954, 16496, 1230, 57796, 47861, 79770, 85279]"
117630,"[107846, 31038, 89690, 56325, 6181, 106967, 109743, 37645, 72852, 60431]"
117631,"[84680, 6916, 107283, 44680, 25597, 100072, 95828, 65360, 94217, 102347]"
117632,"[38555, 86589, 78402, 33310, 40675, 64942, 100200, 41143, 103584, 82682]"
117633,"[50338, 16693, 84836, 36978, 98113, 11526, 25882, 63944, 104583, 46759]"
117634,"[88083, 21760, 52105, 45809, 77780, 71979, 58492, 78824, 96402, 39802]"
117635,"[105559, 29154, 5826, 40846, 34282, 109499, 99695, 65050, 97017, 29593]"
117636,"[68014, 74888, 21989, 19229, 59906, 99019, 29747, 18678, 69519, 38076]"
117637,"[86595, 77854, 12851, 84781, 19723, 26940, 46880, 14648, 2635, 22062]"
117638,"[35866, 101893, 14490, 47149, 93401, 40521, 102229, 34752, 18911, 55188]"
117639,"[52199, 30601, 4430, 37484, 11017, 97559, 65887, 4005, 44599, 27423]"
117640,"[88869, 98293, 94483, 25176, 66540, 4204, 106013, 739, 100974, 79409]"
117641,"[45457, 8861, 27529, 59749, 11785, 653, 43182, 50822, 69228, 36878]"
117642,"[45028, 65440, 6084, 52287, 75124, 29267, 44773, 34761, 109108, 70096]"
117643,"[40809, 20716, 33493, 79585, 87125, 94010, 93564, 69343, 99101, 31193]"
117644,"[70077, 66564, 101879, 14887, 42790, 43481, 58059, 22968, 105503, 56950]"
117645,"[48460, 65676, 77429, 47266, 80835, 79052, 57783, 76017, 108468, 96177]"
117646,"[32942, 27899, 77447, 29952, 25001, 54260, 11623, 68484, 66822, 16618]"
117647,"[27888, 104550, 63475, 103603, 61183, 46888, 35368, 32984, 17941, 49333]"
117648,"[53672, 78940, 47176, 36246, 90582, 923, 19190, 62652, 52221, 88269]"
117649,"[49283, 56137, 63836, 42480, 72485, 61351, 83251, 46191, 20746, 58471]"
117650,"[67086, 25318, 15210, 83165, 100659, 83710, 86008, 3427, 4154, 22988]"
117651,"[77817, 17858, 11527, 81719, 61196, 67374, 62303, 70325, 19387, 2522]"
117652,"[57453, 19934, 28879, 91848, 63715, 48806, 74692, 40869, 38635, 108425]"
117653,"[36187, 11638, 68018, 77448, 38442, 106775, 77622, 66737, 88756, 54360]"
117654,"[90265, 95529, 88663, 99894, 42723, 30104, 54411, 925, 48353, 59146]"
117655,"[22229, 54699, 99551, 44882, 93145, 24756, 51163, 59494, 58919, 62153]"
117656,"[107967, 101387, 88852, 51802, 59299, 7315, 49290, 25547, 34817, 90313]"
117657,"[41048, 3043, 51767, 39098, 48126, 12023, 29296, 89688, 103842, 29273]"
117658,"[91162, 24896, 53331, 57415, 11025, 78645, 106182, 22195, 49163, 818]"
117659,"[85600, 30315, 25938, 66294, 58369, 69855, 21800, 22327, 78949, 32989]"
117660,"[57593, 61888, 16205, 89533, 53323, 68229, 70433, 20425, 4618, 84681]"
117661,"[37860, 21365, 82871, 4019, 40089, 14078, 48360, 11197, 108646, 42860]"
117662,"[25615, 72636, 28355, 67358, 61599, 73920, 22306, 63793, 10664, 86767]"
117663,"[63719, 33717, 63707, 98369, 20849, 100958, 25533, 22220, 34160, 38200]"
117664,"[10877, 57738, 90037, 34376, 31635, 87016, 17016, 66580, 83804, 48507]"
117665,"[103848, 51324, 8000, 76591, 86493, 3215, 12844, 75588, 37671, 5778]"
117666,"[105792, 86786, 54760, 45936, 738, 72858, 72161, 33610, 107529, 25391]"
117667,"[36480, 33087, 12096, 4990, 62470, 35637, 84657, 57429, 75092, 106545]"
117668,"[14130, 79126, 42015, 83508, 34996, 45314, 36670, 21501, 17661, 12635]"
117669,"[78743, 109375, 63935, 73949, 32782, 79836, 93163, 28239, 42187, 56483]"
117670,"[65034, 31342, 86505, 50712, 22548, 64507, 55774, 27353, 36098, 82908]"
117671,"[81756, 66804, 46608, 76816, 41540, 25470, 86092, 78440, 16321, 58226]"
117672,"[22217, 56790, 6950, 103274, 631, 20803, 37257, 87810, 43817, 18710]"
117673,"[15673, 31880, 94057, 31506, 67328, 105090, 70205, 46438, 34632, 105502]"
117674,"[6476, 52032, 78206, 30526, 36625, 84818, 70720, 49585, 66224, 68386]"
117675,"[15165, 42910, 107466, 46775, 98929, 97394, 7789, 4721, 35569, 35711]"
117676,"[65077, 40686, 69410, 82552, 84408, 59699, 53517, 109106, 55110, 84671]"
117677,"[73293, 17475, 26937, 84289, 69390, 100737, 86421, 86719, 33500, 99640]"
117678,"[79047, 30121, 36178, 12138, 43593, 68417, 40212, 87807, 7505, 48326]"
117679,"[71104, 3235, 84643, 78624, 55914, 70408, 80908, 26942, 38484, 56618]"
117680,"[14589, 83095, 1960, 26787, 67707, 66560, 70136, 27150, 14798, 8201]"
117681,"[88660, 52213, 90850, 19203, 21032, 62049, 96254, 69767, 57404, 23390]"
117682,"[49169, 27838, 46567, 2522, 77731, 92143, 78611, 67954, 19892, 67059]"
117683,"[2477, 83337, 19871, 46048, 6780, 105859, 99574, 37967, 65021, 59793]"
117684,"[38703, 41167, 9781, 7207, 8413, 34113, 71428, 30095, 66498, 103691]"
117685,"[53628, 54062, 74554, 13701, 6548, 14248, 63397, 52043, 69786, 10417]"
117686,"[35561, 104081, 102870, 32337, 12281, 39938, 88940, 71005, 42289, 80888]"
117687,"[74626, 9604, 106406, 10055, 85010, 54529, 95178, 43574, 61198, 1076]"
117688,"[4457, 36281, 30714, 108964, 83610, 101365, 9858, 67499, 86891, 101403]"
117689,"[52816, 15317, 61243, 108289, 55793, 45166, 19514, 5428, 33592, 91094]"
117690,"[12308, 99112, 43056, 15305, 73743, 66740, 73918, 22851, 93788, 33972]"
117691,"[10450, 18357, 25305, 25920, 52982, 99873, 94789, 35806, 12474, 74462]"
117692,"[1719, 89376, 55437, 73862, 45850, 89822, 81262, 21999, 471, 60361]"
117693,"[49555, 66733, 53905, 44495, 62942, 23170, 3553, 57631, 30089, 3426]"
117694,"[45992, 95849, 38946, 84745, 58011, 29076, 18465, 85599, 4318, 52479]"
117695,"[6879, 66456, 102763, 104578, 88850, 18562, 26462, 81895, 23785, 26470]"
117696,"[45637, 50866, 11384, 53426, 17396, 1675, 91792, 10493, 22878, 55846]"
117697,"[58238, 97311, 78121, 34613, 61647, 30964, 14765, 72476, 21256, 51341]"
117698,"[40584, 15601, 24183, 79277, 20709, 95349, 76095, 67558, 11576, 88730]"
117699,"[101817, 67043, 79621, 55639, 1820, 67907, 107885, 57541, 95881, 20012]"
117700,"[9360, 31465, 23017, 92612, 51553, 73933, 62575, 38798, 54388, 29652]"
117701,"[78911, 65459, 100029, 9933, 28290, 96891, 99292, 50730, 10568, 99169]"
117702,"[45697, 41463, 104145, 65272, 19583, 89517, 71404, 54636, 85729, 30922]"
117703,"[60086, 31119, 7157, 17692, 43721, 20286, 45420, 64335, 73215, 8931]"
117704,"[70140, 96543, 62252, 21134, 29089, 80497, 75860, 20717, 78370, 85467]"
117705,"[24920, 94879, 90586, 59884, 15768, 106974, 49672, 107189, 25525, 70985]"
117706,"[80571, 30115, 58925, 63230, 17082, 22056, 45950, 97524, 52319, 16930]"
117707,"[29819, 105001, 55432, 34015, 8773, 7439, 51572, 105911, 108206, 3808]"
117708,"[101500, 29048, 45116, 83385, 83546, 53533, 48146, 98413, 15271, 63264]"
117709,"[1833, 106282, 33403, 75636, 104187, 78684, 99764, 5487, 42050, 46866]"
117710,"[60607, 3539, 52599, 68779, 80047, 19416, 10680, 93499, 8166, 68974]"
117711,"[19257, 9371, 73779, 96122, 75740, 46156, 48039, 21042, 45620, 82612]"
117712,"[51366, 98016, 63293, 60060, 77997, 88380, 98423, 87285, 67986, 7660]"
117713,"[88305, 29389, 98521, 32064, 76226, 66525, 26552, 35487, 9991, 36876]"
117714,"[49036, 5161, 2896, 15481, 70697, 10678, 91603, 31074, 25959, 42034]"
117715,"[30713, 107690, 69512, 70887, 64358, 2338, 94109, 51696, 12099, 74405]"
117716,"[7879, 11795, 63858, 46021, 94726, 38857, 61245, 16446, 20350, 36554]"
117717,"[85999, 23750, 15554, 66025, 28229, 28225, 81777, 56456, 96936, 99698]"
117718,"[72711, 102164, 32606, 94141, 94906, 49418, 86554, 82741, 109211, 8651]"
117719,"[16447, 14366, 28092, 81305, 7668, 61464, 8898, 30047, 37969, 99396]"
117720,"[39095, 71344, 108414, 102152, 658, 26423, 83396, 18367, 59751, 28926]"
117721,"[59471, 70323, 5921, 72404, 57813, 36083, 49221, 78972, 81774, 57151]"
117722,"[71208, 99739, 74454, 52806, 54034, 18170, 66594, 65631, 24327, 102756]"
117723,"[56483, 29676, 20594, 79836, 100277, 97248, 30830, 4727, 59220, 44491]"
117724,"[5192, 391, 11391, 13612, 35448, 107117, 87307, 88640, 45673, 61608]"
117725,"[37972, 65589, 102881, 48706, 5, 16287, 44010, 31564, 30102, 100889]"
117726,"[13363, 83620, 52665, 107090, 51423, 34951, 88933, 31486, 106414, 28642]"
117727,"[68090, 10149, 54355, 74576, 98680, 20367, 105499, 24545, 84636, 94468]"
117728,"[6999, 107901, 12529, 79625, 21801, 55132, 7686, 25023, 29056, 6129]"
117729,"[20037, 109246, 25509, 89649, 96588, 102567, 13147, 63828, 96785, 49005]"
117730,"[31886, 79452, 31314, 39838, 20451, 54252, 101640, 49031, 60587, 96572]"
117731,"[97827, 38572, 101388, 78623, 11357, 85952, 89299, 96827, 109066, 70648]"
117732,"[54338, 32190, 70227, 92889, 38953, 3734, 41815, 20788, 74081, 45500]"
117733,"[71184, 29720, 71924, 99684, 2123, 31113, 59522, 84723, 25202, 103066]"
117734,"[26146, 87043, 25348, 63781, 17278, 105811, 16113, 40544, 21066, 105713]"
117735,"[49235, 40175, 85128, 98071, 7712, 93623, 31680, 83336, 23360, 89069]"
117736,"[107361, 16346, 4514, 69252, 27439, 62378, 50084, 38799, 96693, 88011]"
117737,"[102192, 108699, 108882, 16035, 69930, 98155, 105762, 19372, 13243, 61138]"
117738,"[42412, 36548, 97502, 101131, 51904, 30576, 8183, 32981, 106745, 98012]"
117739,"[41974, 101771, 97077, 82618, 55119, 22915, 6938, 96890, 108332, 68264]"
117740,"[2014, 102296, 66694, 102202, 102473, 23624, 48651, 40722, 107582, 53989]"
117741,"[23798, 14331, 38596, 34847, 106277, 81006, 84993, 35186, 15521, 18558]"
117742,"[108271, 46360, 17268, 81231, 72611, 84041, 71827, 44596, 6880, 1443]"
117743,"[10014, 96019, 13426, 100008, 23230, 104614, 8001, 69718, 29695, 56552]"
117744,"[99746, 2952, 3350, 94698, 99942, 101278, 54382, 5851, 14294, 64456]"
117745,"[86027, 23308, 24452, 17949, 52249, 8914, 6290, 44779, 62194, 100851]"
117746,"[108054, 79078, 36769, 6495, 33253, 39754, 45005, 96599, 55858, 17391]"
117747,"[143, 49672, 97200, 60790, 94166, 21248, 45997, 15768, 36337, 101367]"
117748,"[61803, 73533, 75674, 30227, 34613, 109149, 78121, 30964, 72065, 79280]"
117749,"[51185, 86855, 24454, 83514, 90856, 98739, 50919, 78055, 82848, 18418]"
117750,"[57311, 84280, 1526, 1499, 6143, 106502, 67104, 6305, 102105, 3765]"
117751,"[87697, 100614, 74939, 54571, 85644, 63249, 29318, 76909, 105693, 82432]"
117752,"[55244, 77360, 73074, 93646, 97319, 27416, 109344, 77836, 86938, 72970]"
117753,"[8882, 50987, 76432, 20398, 21367, 82529, 71485, 96703, 78969, 6892]"
117754,"[20163, 102222, 102523, 12281, 92735, 92739, 103014, 54065, 94482, 35561]"
117755,"[34610, 61538, 12376, 44424, 24874, 13237, 58149, 65907, 3278, 88168]"
117756,"[11412, 42532, 62020, 54684, 18979, 65170, 73098, 84601, 34224, 83889]"
117757,"[36648, 5949, 28327, 10337, 52365, 45254, 53185, 9156, 98185, 35254]"
117758,"[93348, 92915, 97875, 53299, 63697, 38094, 43891, 52450, 98681, 84846]"
117759,"[95798, 51004, 8513, 66178, 24539, 28436, 12149, 45643, 89274, 108800]"
117760,"[39159, 11614, 71810, 61383, 35844, 98004, 99821, 17230, 53264, 28345]"
117761,"[97558, 84226, 21239, 50861, 77720, 82845, 90574, 16175, 20442, 20302]"
117762,"[100359, 38622, 67570, 106833, 26520, 13602, 19270, 2406, 102545, 41819]"
117763,"[27443, 29645, 67399, 6380, 56222, 11207, 26452, 89984, 101965, 57437]"
117764,"[52405, 85215, 14325, 81449, 5756, 3469, 84280, 102105, 77465, 84084]"
117765,"[32760, 89682, 109549, 28032, 38913, 28810, 42342, 57283, 86453, 63510]"
117766,"[74585, 47088, 30549, 60813, 10338, 79795, 69422, 73223, 4154, 83710]"
117767,"[65244, 56485, 49877, 44043, 91338, 79221, 8952, 30743, 33662, 14764]"
117768,"[103471, 100269, 57834, 84335, 33471, 17140, 69452, 56774, 19859, 48783]"
117769,"[27242, 8534, 102652, 21996, 58584, 54947, 62044, 81109, 66583, 34727]"
117770,"[56899, 64594, 8707, 103731, 52907, 34811, 6759, 65415, 75270, 58468]"
117771,"[11472, 90269, 98548, 37676, 20734, 89236, 25347, 51127, 103147, 28982]"
117772,"[50843, 88210, 19846, 71231, 7181, 47613, 17306, 81123, 18977, 30824]"
117773,"[74510, 47857, 25949, 83612, 82462, 24870, 79043, 36521, 9674, 37913]"
117774,"[78814, 36351, 108982, 82888, 12395, 11759, 85115, 98342, 23783, 61850]"
117775,"[96413, 44851, 88087, 49816, 72166, 25052, 56874, 91267, 81224, 78253]"
117776,"[35062, 7216, 69025, 83461, 42348, 22232, 53496, 30396, 37648, 43533]"
117777,"[59481, 35077, 90186, 56593, 37912, 23296, 85043, 76698, 71715, 81920]"
117778,"[94807, 93340, 21454, 76378, 41919, 91732, 74213, 4025, 106501, 69252]"
117779,"[61912, 29814, 41276, 94524, 13164, 104262, 87131, 12473, 105488, 90606]"
117780,"[95757, 85604, 93863, 17413, 33021, 90249, 101105, 29402, 47736, 73209]"
117781,"[96772, 104009, 67639, 42014, 66977, 51113, 62100, 20206, 32284, 17760]"
117782,"[84348, 7133, 108155, 68055, 72434, 11658, 73447, 2843, 8976, 109251]"
117783,"[58281, 61442, 76365, 30952, 34257, 41144, 13374, 19881, 21782, 56315]"
117784,"[95094, 5083, 75294, 43750, 8535, 101921, 11474, 33314, 67698, 64663]"
117785,"[50962, 95389, 82107, 59945, 14631, 60745, 87978, 12631, 13795, 27225]"
117786,"[4586, 21693, 92176, 41894, 70280, 33762, 27313, 71219, 79116, 109639]"
117787,"[34620, 27065, 6235, 65317, 95906, 103678, 37219, 92490, 105074, 12330]"
117788,"[1711, 109116, 36423, 5186, 71433, 41846, 5295, 66376, 94066, 29180]"
117789,"[25920, 52982, 72733, 3904, 106618, 49341, 72076, 21119, 18357, 71185]"
117790,"[58080, 46633, 57973, 75128, 89058, 11716, 86991, 4341, 61796, 29098]"
117791,"[4772, 101599, 23934, 34762, 101347, 69998, 43500, 31630, 71411, 97972]"
117792,"[2037, 89543, 78073, 26208, 26160, 88138, 107529, 33744, 104070, 4201]"
117793,"[38363, 87370, 49977, 62746, 60763, 43730, 89241, 45021, 69411, 24573]"
117794,"[98846, 10214, 12370, 93371, 21111, 55707, 27905, 3594, 59062, 17947]"
117795,"[96399, 76117, 102592, 34496, 18933, 5259, 23149, 22755, 42962, 37236]"
117796,"[47097, 35918, 107597, 34148, 24660, 63831, 86808, 93013, 74037, 13459]"
117797,"[72230, 107599, 74565, 81974, 1037, 106164, 94599, 63757, 53965, 27589]"
117798,"[3339, 80837, 76403, 50700, 5357, 17147, 35088, 82578, 21186, 92265]"
117799,"[31455, 89437, 42971, 17963, 48175, 23581, 78065, 102035, 16594, 87730]"
117800,"[30676, 89934, 60038, 64766, 36574, 90749, 49245, 6478, 91608, 16471]"
117801,"[8445, 91686, 87485, 28736, 5235, 25779, 72153, 63927, 85041, 88907]"
117802,"[16315, 20472, 46621, 9909, 68601, 30455, 81239, 38092, 106485, 74879]"
117803,"[72553, 75763, 51757, 60197, 94564, 91933, 28792, 54606, 24574, 96512]"
117804,"[28338, 61374, 23184, 27501, 42283, 99535, 33704, 33007, 47430, 97649]"
117805,"[86863, 7991, 18311, 23004, 37438, 93666, 101004, 93982, 84490, 83929]"
117806,"[29721, 47414, 12535, 6289, 90499, 82690, 57588, 45742, 59444, 5496]"
117807,"[81895, 103908, 58511, 18514, 84221, 79281, 26462, 33245, 18562, 104402]"
117808,"[41131, 98980, 80635, 83978, 105523, 89627, 44735, 58700, 30108, 107535]"
117809,"[36473, 65572, 51703, 7917, 27580, 61625, 2536, 82506, 99372, 100765]"
117810,"[21141, 99719, 77484, 65423, 109021, 54587, 76748, 7882, 24751, 35209]"
117811,"[31266, 47110, 49065, 24958, 11446, 48367, 92190, 53914, 36015, 51967]"
117812,"[36363, 78045, 11754, 12761, 85371, 85217, 37486, 42090, 71100, 41947]"
117813,"[76326, 25971, 76009, 60379, 63575, 30994, 93505, 65712, 35382, 54012]"
117814,"[39687, 27808, 50981, 101162, 96789, 45926, 44180, 45490, 52271, 40829]"
117815,"[101768, 12766, 59648, 23859, 11215, 69612, 12251, 87480, 94092, 88284]"
117816,"[106505, 57333, 65490, 80818, 26955, 65771, 4661, 271, 4524, 28905]"
117817,"[51375, 81795, 74320, 78597, 55992, 11667, 14834, 4723, 90635, 54423]"
117818,"[1660, 67689, 86731, 27810, 43831, 79081, 76315, 43066, 97220, 103034]"
117819,"[15210, 12824, 1647, 62485, 72383, 73115, 15709, 10416, 51282, 81053]"
117820,"[8031, 45183, 77820, 95719, 94332, 101445, 18297, 81155, 86370, 57701]"
117821,"[102978, 23892, 8808, 42103, 78578, 15065, 72521, 59224, 66321, 18208]"
117822,"[91565, 48410, 48426, 62418, 42939, 37067, 88219, 88344, 92507, 5111]"
117823,"[85091, 42255, 27549, 92943, 65852, 106136, 49543, 101947, 63148, 63144]"
117824,"[31754, 101544, 88862, 61451, 68433, 23453, 74139, 85051, 86892, 9431]"
117825,"[43548, 73653, 1333, 90215, 77203, 41409, 74874, 91202, 85690, 20156]"
117826,"[25725, 25118, 66875, 21278, 41734, 38694, 89977, 93132, 86044, 81519]"
117827,"[40599, 48914, 108151, 56789, 69362, 9234, 1303, 6807, 92695, 86334]"
117828,"[76341, 37792, 78984, 44367, 89767, 31397, 106224, 29139, 83302, 62004]"
117829,"[15510, 72206, 1152, 35216, 98375, 78373, 45834, 45718, 88919, 81952]"
117830,"[63070, 40472, 94101, 84480, 70145, 10589, 13621, 93268, 3164, 80509]"
117831,"[95369, 42609, 22845, 53177, 99783, 82593, 75737, 78430, 82212, 12903]"
117832,"[66714, 53246, 16720, 58303, 69757, 109214, 72546, 29079, 73470, 89369]"
117833,"[26384, 39145, 105626, 33135, 54911, 106629, 100823, 24860, 8219, 50721]"
117834,"[94419, 2929, 15094, 431, 20842, 13124, 107302, 31290, 25830, 109470]"
117835,"[4418, 1093, 89652, 25105, 31757, 105721, 82380, 77946, 54817, 96499]"
117836,"[13310, 64862, 8820, 19498, 11035, 21840, 77821, 82053, 17044, 106949]"
117837,"[91194, 106200, 59818, 29397, 76412, 103713, 60734, 105176, 76690, 82745]"
117838,"[64251, 22591, 7591, 9208, 62188, 61387, 34241, 53622, 7710, 15146]"
117839,"[93340, 5181, 65305, 80826, 64154, 1112, 94807, 60016, 14878, 97400]"
117840,"[95895, 97789, 70895, 50724, 23900, 43236, 19996, 54263, 48482, 65611]"
117841,"[7390, 103969, 63231, 10838, 5440, 54937, 13519, 93432, 51620, 13054]"
117842,"[21465, 8020, 96752, 37971, 61897, 15004, 19704, 5246, 54619, 34119]"
117843,"[94184, 37718, 67672, 88057, 67446, 53100, 51230, 47580, 15044, 9149]"
117844,"[7103, 64026, 31788, 93022, 69831, 26512, 31865, 82088, 62629, 60799]"
117845,"[47133, 106680, 103598, 60690, 15895, 105756, 109237, 97471, 23662, 73371]"
117846,"[89620, 54005, 44662, 54259, 39105, 45879, 58649, 42791, 3802, 76224]"
117847,"[9163, 47771, 28363, 33850, 79093, 20447, 102645, 87523, 70640, 107577]"
117848,"[67305, 11939, 19021, 69465, 6027, 100565, 25363, 25758, 3171, 64675]"
117849,"[28212, 46840, 65393, 46466, 34932, 106592, 90362, 88099, 46318, 108496]"
117850,"[81899, 39726, 86505, 31342, 96375, 53217, 85960, 59092, 97165, 67550]"
117851,"[56499, 13714, 25179, 87710, 37086, 6000, 9363, 8752, 55534, 102376]"
117852,"[66450, 101025, 103404, 12727, 45662, 46280, 41545, 108872, 98085, 21632]"
117853,"[77326, 77142, 3686, 38451, 8586, 90163, 23790, 104145, 36555, 44488]"
117854,"[97955, 106803, 38135, 107466, 16853, 60865, 18985, 35711, 22983, 15165]"
117855,"[70760, 7442, 100036, 94333, 100188, 87054, 109426, 20211, 91091, 34532]"
117856,"[32206, 23137, 23735, 36323, 13951, 60995, 61626, 55021, 33191, 102213]"
117857,"[10132, 105578, 80816, 109453, 95511, 18245, 54006, 102185, 15821, 25239]"
117858,"[61053, 97211, 49064, 48983, 29860, 39663, 84379, 65317, 97534, 105278]"
117859,"[54082, 104372, 63342, 84258, 3495, 43282, 27477, 70863, 88591, 5571]"
117860,"[17171, 3066, 82569, 18531, 104910, 50530, 46957, 55980, 24582, 99090]"
117861,"[97354, 48985, 44105, 106584, 93446, 4863, 42817, 268, 73882, 48733]"
117862,"[75814, 47477, 74155, 94398, 98054, 76291, 25712, 109726, 74071, 106504]"
117863,"[34783, 64950, 70145, 94101, 70166, 75010, 13191, 68745, 108018, 68651]"
117864,"[84270, 10770, 48216, 5416, 61765, 22721, 34936, 104444, 2582, 69914]"
117865,"[39950, 71430, 8560, 102751, 30333, 97403, 75489, 50382, 41218, 4954]"
117866,"[95065, 95684, 52812, 10953, 89868, 82771, 92976, 73752, 46858, 57620]"
117867,"[67015, 79350, 23977, 81323, 108279, 77426, 58417, 76988, 84491, 48265]"
117868,"[84883, 33635, 13624, 4592, 28575, 94366, 14787, 46464, 65636, 35294]"
117869,"[70138, 12304, 83716, 10248, 48991, 54874, 62535, 79255, 61366, 3515]"
117870,"[45098, 188, 35978, 22129, 80392, 64258, 7458, 68365, 9545, 73654]"
117871,"[1014, 24540, 35550, 16787, 70695, 39917, 433, 96895, 73785, 26718]"
117872,"[95918, 42010, 98602, 77318, 98429, 103638, 25870, 88279, 108805, 55171]"
117873,"[47821, 50771, 84057, 11480, 24144, 59646, 17555, 63555, 106704, 86946]"
117874,"[87930, 64910, 42872, 15279, 64870, 74930, 48110, 3745, 5496, 86649]"
117875,"[90681, 7053, 26549, 31517, 106426, 23802, 64650, 100129, 86097, 38745]"
117876,"[70364, 97603, 103624, 100792, 18347, 44019, 21282, 70763, 3835, 2400]"
117877,"[46178, 22362, 67947, 80777, 94817, 59115, 97906, 38381, 30092, 29524]"
117878,"[84536, 5927, 22584, 9199, 106986, 79053, 45027, 82845, 77328, 97558]"
117879,"[39094, 49211, 11575, 5151, 64266, 31258, 56526, 25074, 98173, 21293]"
117880,"[102464, 101487, 34371, 85666, 74416, 20058, 106220, 101733, 16627, 92023]"
117881,"[19734, 46949, 68495, 63207, 89050, 94167, 20942, 94245, 6261, 38644]"
117882,"[6691, 66002, 92230, 60206, 46173, 108209, 36698, 35183, 10572, 25931]"
117883,"[21885, 25921, 95752, 62193, 69170, 97485, 42081, 53013, 93743, 46298]"
117884,"[51764, 5460, 3223, 108401, 42515, 30406, 24137, 72552, 109638, 20064]"
117885,"[9485, 97722, 63220, 58971, 65277, 99759, 40058, 543, 109771, 44163]"
117886,"[38182, 82612, 28791, 19717, 19257, 75740, 75142, 3192, 2211, 62820]"
117887,"[102287, 3318, 69965, 106811, 32431, 8401, 34054, 53370, 66188, 38554]"
117888,"[96662, 23695, 21135, 106126, 90583, 40305, 97569, 16582, 49253, 65214]"
117889,"[16288, 32860, 13282, 78641, 108592, 5903, 7172, 18461, 63464, 54113]"
117890,"[22600, 22416, 7023, 44094, 87436, 6660, 17597, 32286, 50317, 50416]"
117891,"[29809, 12477, 73198, 12760, 98246, 59453, 85884, 108460, 105810, 50835]"
117892,"[109561, 17585, 45796, 106568, 11820, 8548, 61320, 79204, 51697, 45654]"
117893,"[36264, 10948, 86488, 78416, 79857, 73399, 30468, 75307, 39084, 20194]"
117894,"[29157, 62155, 75283, 17916, 74238, 24087, 84189, 107194, 83932, 12403]"
117895,"[87535, 98500, 49034, 103513, 77259, 40776, 5534, 45591, 70809, 80538]"
117896,"[28825, 54555, 50000, 53705, 72118, 15678, 71314, 36345, 17211, 19139]"
117897,"[103913, 66732, 78239, 55699, 64383, 42358, 87980, 70605, 108308, 4032]"
117898,"[103463, 88236, 91979, 66351, 31633, 57731, 62765, 52784, 19381, 7149]"
117899,"[15018, 26621, 20845, 6480, 46630, 57687, 98604, 99946, 70732, 63150]"
117900,"[11572, 16646, 87786, 90898, 4744, 106977, 66101, 32845, 63745, 45198]"
117901,"[102100, 85929, 87497, 31905, 25429, 45101, 90376, 96473, 59183, 26861]"
117902,"[6987, 42031, 20763, 77378, 108130, 96644, 8307, 93689, 45193, 66382]"
117903,"[55472, 102091, 19525, 14866, 59217, 69770, 102614, 72884, 42988, 29274]"
117904,"[90577, 93954, 56226, 44945, 49251, 9065, 36657, 17260, 52679, 33562]"
117905,"[24335, 77231, 99171, 56362, 108697, 101373, 88169, 13, 75182, 88422]"
117906,"[43043, 107791, 21817, 59139, 7522, 68169, 37126, 77590, 78386, 101360]"
117907,"[15822, 17093, 18410, 43995, 17141, 52993, 72473, 11793, 13604, 106957]"
117908,"[15299, 41954, 65648, 22840, 89604, 72017, 94441, 9509, 83288, 2697]"
117909,"[32599, 79444, 100395, 12394, 67811, 16825, 58717, 44358, 1190, 80591]"
117910,"[40016, 45171, 109098, 66935, 14543, 46512, 83074, 40432, 28597, 20504]"
117911,"[50935, 25743, 109020, 70548, 82345, 42823, 21578, 87783, 4058, 24594]"
117912,"[68751, 95847, 56416, 85756, 67010, 14200, 32818, 767, 82273, 8801]"
117913,"[28463, 76493, 55441, 2810, 51268, 82116, 27357, 71198, 31375, 25506]"
117914,"[9862, 43634, 15001, 97700, 72466, 2101, 98145, 33876, 37665, 34914]"
117915,"[3497, 51752, 60132, 9127, 98788, 74973, 98982, 71798, 53547, 84061]"
117916,"[13531, 105213, 97352, 106624, 34850, 47429, 40838, 101061, 39433, 91690]"
117917,"[85366, 19169, 7076, 48844, 14304, 23055, 25946, 37032, 53589, 34626]"
117918,"[33425, 49704, 51455, 20119, 31697, 15554, 5742, 44302, 45348, 88723]"
117919,"[64992, 47385, 42340, 103182, 52969, 50887, 42504, 62707, 108561, 52189]"
117920,"[84403, 53696, 108134, 89770, 100793, 60472, 88458, 95405, 52838, 18172]"
117921,"[80376, 7948, 91504, 18603, 18225, 82841, 104559, 74782, 80718, 99089]"
117922,"[83584, 19722, 100561, 45033, 47734, 99005, 24267, 90975, 106179, 84274]"
117923,"[94235, 1041, 48292, 50921, 16208, 70789, 71878, 67183, 301, 35278]"
117924,"[38483, 88229, 40431, 6765, 78425, 36142, 24477, 39642, 27083, 65357]"
117925,"[1950, 27851, 93862, 26473, 80281, 60664, 5444, 11705, 25596, 36776]"
117926,"[390, 54789, 82077, 45541, 30911, 105350, 42771, 39439, 66456, 65071]"
117927,"[86978, 56110, 78599, 49491, 96634, 31161, 37006, 932, 85343, 40182]"
117928,"[61817, 82363, 54546, 48621, 50117, 106434, 53088, 65444, 13959, 68292]"
117929,"[71551, 83532, 54641, 26206, 84827, 20579, 52062, 74929, 59349, 40926]"
117930,"[30710, 3269, 64442, 106794, 60455, 13615, 2456, 98612, 64059, 45972]"
117931,"[60497, 101094, 40397, 11288, 86593, 36853, 17899, 8885, 20791, 17920]"
117932,"[90052, 47716, 1904, 52883, 93135, 10703, 11468, 35094, 2645, 39257]"
117933,"[44242, 82657, 34218, 62809, 69916, 96762, 21759, 100884, 60949, 52203]"
117934,"[69668, 88629, 21361, 73826, 6806, 5327, 28804, 6942, 108028, 42588]"
117935,"[96694, 35626, 59943, 42521, 96445, 54151, 20559, 89826, 415, 89859]"
117936,"[28154, 6985, 43064, 82341, 9239, 34047, 18025, 8254, 99824, 109394]"
117937,"[99858, 103958, 44652, 41840, 30401, 18669, 49512, 49190, 17053, 40748]"
117938,"[106228, 89408, 8764, 9052, 33032, 80383, 52752, 23548, 20972, 101946]"
117939,"[42782, 36300, 28049, 23028, 87109, 13194, 70310, 96541, 32268, 80810]"
117940,"[88078, 69953, 44544, 93441, 107593, 64968, 81511, 21437, 78258, 107443]"
117941,"[11779, 101513, 93422, 96049, 61178, 8219, 109503, 32921, 48778, 76276]"
117942,"[61274, 29696, 24743, 53798, 16084, 83785, 63109, 93226, 33354, 11543]"
117943,"[70721, 69810, 71596, 73910, 29012, 76827, 7938, 27182, 96559, 68188]"
117944,"[92430, 102451, 26882, 64500, 56953, 97075, 63760, 85438, 69863, 10295]"
117945,"[6380, 29645, 66852, 67399, 77366, 67444, 46440, 90092, 63135, 109199]"
117946,"[69272, 96120, 109701, 8687, 84132, 46458, 104566, 876, 21190, 5033]"
117947,"[44054, 9604, 87838, 92077, 81214, 67662, 19545, 43574, 59763, 60693]"
117948,"[3017, 63170, 5976, 84088, 26380, 29257, 84631, 84695, 91399, 65810]"
117949,"[102196, 55590, 27229, 9987, 103930, 88135, 64950, 9574, 27979, 54272]"
117950,"[38406, 106952, 101004, 77980, 34388, 67445, 10161, 12400, 68557, 42890]"
117951,"[13974, 64358, 74405, 30713, 26819, 49722, 103293, 72343, 66948, 36293]"
117952,"[31213, 28555, 22644, 85841, 30499, 48967, 15607, 16355, 50291, 62243]"
117953,"[68580, 62387, 71280, 14365, 86367, 36086, 79941, 84080, 74600, 59473]"
117954,"[19022, 98558, 60571, 55892, 83858, 43366, 24406, 66145, 104151, 36378]"
117955,"[9950, 68164, 64710, 29263, 2792, 57842, 74751, 108176, 21055, 11249]"
117956,"[64091, 54410, 162, 74201, 55364, 68775, 54286, 34163, 43741, 60710]"
117957,"[100197, 41711, 107515, 28674, 84440, 55013, 92671, 92574, 80280, 87893]"
117958,"[29109, 9819, 69736, 34061, 35043, 33844, 95048, 102029, 43799, 95530]"
117959,"[61593, 15656, 105565, 52500, 104854, 22280, 12268, 62952, 102584, 95498]"
117960,"[75752, 47422, 37911, 92780, 53778, 57720, 57904, 47270, 81579, 84404]"
117961,"[33196, 4202, 40503, 24306, 66977, 62523, 50125, 23445, 25237, 37735]"
117962,"[32828, 53754, 70815, 40617, 33401, 32881, 106712, 92041, 53986, 53571]"
117963,"[76451, 56283, 69217, 48637, 101782, 108516, 85341, 81893, 50643, 86403]"
117964,"[7073, 51105, 4031, 67828, 87960, 104242, 44177, 56142, 105125, 71307]"
117965,"[93913, 78659, 97503, 108589, 7020, 88212, 22215, 88070, 49941, 39747]"
117966,"[1375, 72181, 14743, 39482, 57710, 1446, 107111, 45561, 46486, 90147]"
117967,"[22523, 25196, 32357, 14058, 91079, 103020, 91026, 95277, 43089, 32098]"
117968,"[65296, 62424, 24778, 16839, 97765, 9283, 37561, 29872, 40743, 67795]"
117969,"[85828, 49277, 96165, 23300, 61805, 16128, 99236, 85545, 8011, 104903]"
117970,"[101745, 42136, 50750, 107398, 100085, 30943, 47081, 52962, 105613, 109674]"
117971,"[93118, 75201, 1011, 69416, 34405, 93, 96867, 58574, 88942, 78888]"
117972,"[44344, 52697, 99550, 38307, 1801, 52659, 57045, 18860, 20836, 154]"
117973,"[82324, 101284, 21320, 72435, 17607, 2398, 48173, 39491, 21344, 14452]"
117974,"[48840, 4346, 16970, 39205, 56446, 26135, 96916, 39746, 99129, 42271]"
117975,"[96459, 25766, 19380, 82238, 6611, 17175, 8837, 83565, 60852, 17692]"
117976,"[3514, 6188, 14704, 94620, 11561, 591, 76079, 35206, 48936, 75133]"
117977,"[61678, 90046, 72162, 2615, 69642, 94650, 24388, 63860, 30385, 30128]"
117978,"[50202, 50131, 2265, 84352, 76513, 74944, 103949, 29225, 67767, 80943]"
117979,"[92568, 30475, 59606, 49482, 25457, 61121, 63460, 39859, 22019, 106728]"
117980,"[92849, 78061, 103935, 60292, 107433, 86654, 81050, 79296, 62043, 45722]"
117981,"[1892, 9491, 30338, 90737, 91446, 57167, 88734, 63441, 90694, 86554]"
117982,"[62318, 58509, 14834, 79914, 88158, 61711, 48631, 71993, 46694, 9040]"
117983,"[105591, 103488, 35759, 23808, 25508, 59997, 38542, 30865, 3276, 63868]"
117984,"[85432, 39344, 2300, 39690, 22401, 98164, 90496, 75859, 21878, 58768]"
117985,"[101754, 4347, 10843, 21993, 5296, 41486, 2704, 103916, 73556, 11121]"
117986,"[104276, 9235, 88901, 51157, 41953, 108443, 21989, 26435, 36439, 41998]"
117987,"[10498, 817, 6065, 78103, 97606, 22612, 60403, 86865, 60652, 32075]"
117988,"[45206, 62649, 84589, 81132, 13095, 51496, 26022, 77643, 66168, 89999]"
117989,"[46188, 101750, 95003, 65904, 35059, 85525, 69852, 94992, 60905, 49957]"
117990,"[49909, 732, 28391, 52931, 100444, 93171, 72091, 27748, 2442, 82376]"
117991,"[87550, 30027, 28979, 56028, 80025, 56526, 60628, 46744, 30861, 82234]"
117992,"[16937, 60701, 94151, 35669, 12277, 55251, 905, 75629, 10000, 76310]"
117993,"[103903, 42919, 75395, 57321, 43037, 101531, 42513, 23188, 1547, 87718]"
117994,"[29164, 74992, 97500, 101292, 107426, 82957, 72321, 54962, 38302, 4054]"
117995,"[99784, 51058, 20439, 76673, 38409, 98807, 47876, 39701, 48415, 105289]"
117996,"[44172, 66727, 60228, 30172, 108865, 45067, 100958, 103180, 72972, 8507]"
117997,"[13446, 102182, 63169, 4855, 11108, 87352, 56778, 104374, 44739, 24895]"
117998,"[33714, 19335, 37299, 20785, 79014, 14907, 40168, 55673, 51685, 75667]"
117999,"[17690, 40262, 34614, 13507, 88017, 83839, 83191, 10780, 108212, 28056]"
118000,"[66227, 22692, 6672, 87023, 58937, 25990, 5335, 17240, 56725, 58538]"
118001,"[6572, 101437, 50706, 79948, 11043, 10189, 87332, 9988, 3780, 63796]"
118002,"[25500, 39139, 3468, 34085, 47020, 37441, 24203, 64214, 108577, 96410]"
118003,"[6574, 49339, 14291, 27520, 43143, 95306, 74443, 83192, 73864, 91889]"
118004,"[23748, 18914, 43277, 18103, 107064, 43687, 55418, 89383, 9277, 29808]"
118005,"[16771, 80041, 8997, 5306, 92609, 24730, 32562, 35485, 104178, 52276]"
118006,"[95423, 43979, 48603, 25810, 47647, 71816, 6812, 46522, 26414, 34197]"
118007,"[36454, 99297, 25776, 98464, 23795, 98094, 6407, 6869, 99787, 85936]"
118008,"[21757, 33941, 90629, 44504, 57956, 98674, 71352, 49824, 18276, 27086]"
118009,"[42363, 95120, 31093, 10577, 85161, 17386, 78912, 55760, 32192, 35486]"
118010,"[71890, 79132, 59523, 8937, 82837, 75904, 51968, 17955, 87215, 74127]"
118011,"[106730, 40834, 99848, 22797, 20866, 6950, 56790, 107368, 90156, 82237]"
118012,"[17891, 4389, 24239, 7738, 68317, 85695, 108390, 94110, 99435, 87634]"
118013,"[70624, 42664, 84867, 60385, 75813, 47121, 83279, 39066, 14070, 31445]"
118014,"[92134, 20582, 33715, 18021, 50371, 34077, 70515, 6067, 13283, 39666]"
118015,"[16408, 35381, 105120, 27984, 46559, 35549, 76369, 30193, 88824, 54188]"
118016,"[39887, 41908, 58437, 82530, 53912, 17708, 58064, 59935, 41148, 46226]"
118017,"[46652, 57181, 17935, 50333, 53317, 35762, 40244, 18129, 72599, 55588]"
118018,"[18114, 62408, 1440, 31400, 71054, 40147, 78641, 90252, 29902, 73102]"
118019,"[14105, 95348, 98021, 59687, 51073, 6175, 71215, 15531, 2120, 54318]"
118020,"[17344, 77444, 105365, 4884, 104847, 77134, 4677, 90611, 57675, 51152]"
118021,"[63490, 69342, 13696, 81715, 31936, 26274, 43778, 68455, 21117, 97329]"
118022,"[105955, 38270, 82039, 84780, 11178, 50916, 76667, 105316, 51062, 53641]"
118023,"[51549, 49882, 38424, 98335, 48675, 102396, 54466, 13691, 60725, 68038]"
118024,"[53936, 79065, 92354, 26850, 85567, 91322, 34914, 107332, 66158, 58504]"
118025,"[1567, 58781, 85896, 15169, 81409, 97771, 108890, 64198, 34424, 25656]"
118026,"[89017, 91983, 68154, 40550, 68855, 95641, 107414, 32901, 104314, 82813]"
118027,"[17668, 78551, 85036, 4947, 60477, 65688, 75213, 9018, 101763, 90224]"
118028,"[2209, 8189, 12876, 2198, 18786, 11223, 55108, 7635, 7542, 45841]"
118029,"[108522, 38855, 60102, 55490, 57392, 14715, 94940, 31589, 78596, 97921]"
118030,"[92729, 51756, 53103, 18111, 3063, 15116, 91329, 10043, 86974, 101794]"
118031,"[90422, 4637, 5663, 46454, 64624, 79755, 100050, 71881, 60695, 97030]"
118032,"[2018, 103590, 1929, 55596, 72395, 79946, 74481, 40632, 89432, 87819]"
118033,"[86846, 70652, 1443, 4101, 43883, 46360, 17268, 26959, 34224, 108271]"
118034,"[19199, 54680, 14790, 18989, 67485, 47841, 23786, 16514, 28322, 94311]"
118035,"[74530, 40680, 1483, 81510, 93640, 88794, 7934, 6115, 64277, 23298]"
118036,"[5964, 76799, 32089, 108246, 77842, 81026, 76295, 87734, 72749, 29305]"
118037,"[104100, 26159, 79537, 67843, 41542, 75708, 44095, 22908, 50832, 35922]"
118038,"[36306, 70795, 57441, 32166, 30581, 35461, 71635, 539, 57403, 75280]"
118039,"[39836, 9046, 80378, 35075, 50982, 2339, 99396, 33695, 89403, 103466]"
118040,"[96656, 88754, 59342, 91264, 60438, 15285, 8552, 72511, 87526, 72780]"
118041,"[40696, 51722, 104444, 10757, 70547, 4813, 63543, 55151, 7953, 102333]"
118042,"[78630, 80811, 71048, 87150, 37031, 39507, 64022, 23430, 95220, 94108]"
118043,"[20833, 43951, 11774, 49330, 13086, 96770, 61170, 23028, 32309, 35378]"
118044,"[95932, 98096, 7270, 21105, 49250, 25344, 69176, 57405, 79425, 104629]"
118045,"[52717, 21833, 100115, 15079, 66254, 70734, 105958, 17688, 46336, 76528]"
118046,"[102468, 109204, 47690, 53465, 63577, 100609, 86247, 83854, 38561, 7669]"
118047,"[19753, 66496, 61172, 32402, 79376, 59233, 97532, 21068, 92464, 66009]"
118048,"[107645, 15534, 8090, 25769, 90058, 86446, 17384, 91448, 58275, 65476]"
118049,"[22786, 7248, 92073, 33334, 39691, 61726, 59715, 84154, 42005, 43180]"
118050,"[99712, 89663, 12474, 35806, 12758, 32910, 105588, 52673, 55616, 21671]"
118051,"[64886, 7623, 74509, 88671, 15751, 104957, 76066, 41378, 88296, 94017]"
118052,"[80177, 62445, 61680, 41774, 35536, 53811, 18681, 37339, 85556, 41460]"
118053,"[28154, 6985, 43064, 9239, 82341, 34047, 73562, 18025, 109394, 74249]"
118054,"[26347, 43539, 12980, 38744, 40227, 21292, 68504, 97378, 79738, 15664]"
118055,"[11475, 14985, 75580, 94065, 83496, 8135, 85105, 96854, 93086, 6360]"
118056,"[71948, 66972, 12498, 49545, 14121, 44919, 9140, 104643, 106727, 30904]"
118057,"[27156, 64546, 7721, 71594, 109312, 42559, 55538, 90738, 38035, 5047]"
118058,"[52128, 97744, 4137, 77316, 106613, 26732, 74604, 8856, 94121, 57294]"
118059,"[75919, 100729, 79070, 9746, 96330, 84522, 45498, 100067, 97714, 13641]"
118060,"[16055, 24962, 89492, 66239, 8995, 102221, 76127, 33207, 56128, 83706]"
118061,"[92108, 55613, 1622, 67366, 30800, 53181, 108363, 37281, 106302, 77016]"
118062,"[40170, 54918, 97831, 64997, 60082, 29067, 30329, 104831, 16384, 35966]"
118063,"[95155, 19755, 86237, 61114, 22975, 19614, 22196, 60131, 13188, 37635]"
118064,"[29342, 48464, 12084, 54633, 21266, 8565, 22191, 69647, 88908, 81389]"
118065,"[99942, 55984, 101278, 19346, 55935, 32530, 24171, 9286, 69801, 24504]"
118066,"[35753, 79088, 89623, 92795, 25564, 98851, 73925, 93732, 7246, 44353]"
118067,"[63480, 74018, 33812, 78820, 62164, 88597, 1939, 79767, 102917, 53851]"
118068,"[17309, 91762, 45166, 106971, 39657, 18138, 25078, 19795, 66376, 109094]"
118069,"[55621, 49448, 106612, 82697, 39837, 52437, 66589, 38692, 5882, 76492]"
118070,"[101859, 9892, 7477, 33658, 13921, 58121, 31447, 11287, 27998, 75611]"
118071,"[3627, 27966, 6538, 78355, 27040, 23367, 11236, 104939, 86039, 54179]"
118072,"[79510, 33620, 36717, 90021, 54312, 7278, 80483, 93769, 82606, 13703]"
118073,"[3275, 67586, 1197, 18754, 24515, 98059, 76060, 18718, 79315, 48776]"
118074,"[11669, 46446, 29599, 58392, 39619, 8423, 34639, 37833, 54740, 38202]"
118075,"[85857, 56489, 73517, 92443, 44642, 108827, 70843, 28173, 43878, 13707]"
118076,"[50700, 51801, 75629, 10150, 90643, 81745, 24362, 3339, 61195, 92265]"
118077,"[16893, 9386, 21298, 14250, 82797, 89610, 65621, 61186, 16867, 38861]"
118078,"[72835, 88101, 73674, 17657, 90731, 28946, 88932, 99863, 76873, 99840]"
118079,"[32900, 65426, 90677, 57183, 37721, 11952, 18139, 47559, 39723, 27538]"
118080,"[31979, 71393, 23350, 57222, 54485, 88804, 71508, 88643, 10581, 23326]"
118081,"[73940, 5379, 40170, 41499, 30022, 17308, 58581, 106747, 69450, 64997]"
118082,"[26940, 20038, 33318, 24081, 77854, 46880, 93927, 60313, 61693, 33763]"
118083,"[60613, 89207, 59291, 90145, 37691, 47829, 78631, 60, 83852, 44502]"
118084,"[34835, 102786, 4837, 67448, 73681, 90732, 109323, 107075, 88334, 27890]"
118085,"[27058, 38958, 106259, 75070, 49430, 103054, 64378, 107299, 81206, 103457]"
118086,"[28502, 40623, 54500, 61053, 45276, 39441, 94074, 16836, 2679, 96634]"
118087,"[31532, 80945, 95821, 55142, 36727, 87655, 100256, 89137, 21444, 89244]"
118088,"[10084, 82802, 62777, 105032, 109194, 594, 87424, 38108, 61235, 63402]"
118089,"[4856, 26856, 29416, 44687, 80962, 87740, 98950, 13410, 102689, 97361]"
118090,"[48689, 74752, 51042, 40779, 68170, 71749, 45085, 49106, 63675, 86491]"
118091,"[42303, 14462, 35589, 63938, 76320, 98855, 103865, 20166, 83436, 31645]"
118092,"[50123, 69653, 58587, 62172, 47421, 102533, 3962, 86791, 85219, 98777]"
118093,"[107694, 10640, 50414, 5720, 102249, 29423, 101814, 27240, 79287, 67762]"
118094,"[99673, 56520, 33893, 105459, 51468, 15696, 8031, 6728, 108046, 29719]"
118095,"[19720, 27631, 83782, 1712, 94442, 16276, 7724, 58733, 19715, 23536]"
118096,"[2549, 39783, 32097, 7724, 67212, 65995, 91479, 96855, 27533, 52390]"
118097,"[34476, 94558, 89530, 106232, 13564, 64055, 99523, 9313, 60467, 10701]"
118098,"[72612, 19492, 17840, 17807, 5905, 82343, 34591, 2104, 44112, 19692]"
118099,"[97262, 74617, 50224, 31707, 73653, 1333, 90215, 61189, 69823, 49173]"
118100,"[32393, 24355, 65286, 84807, 83672, 68887, 46208, 76926, 29027, 36721]"
118101,"[35052, 61394, 102270, 41178, 21808, 31459, 90999, 53372, 6422, 91563]"
118102,"[40444, 54110, 81886, 36583, 1506, 25431, 7015, 61783, 26152, 60651]"
118103,"[16817, 34254, 35683, 19407, 78695, 38516, 16119, 5557, 25195, 58409]"
118104,"[72874, 37779, 108763, 20781, 15704, 68156, 9007, 25076, 6988, 69033]"
118105,"[45539, 104249, 60916, 33499, 106941, 106339, 82740, 90303, 100444, 25101]"
118106,"[94487, 39197, 6357, 23072, 16720, 103654, 37195, 80954, 80320, 15655]"
118107,"[45303, 17304, 38219, 6021, 86443, 48322, 104500, 72056, 108456, 38154]"
118108,"[52972, 98927, 64879, 55218, 108101, 25568, 9791, 19643, 69266, 85977]"
118109,"[7326, 3722, 53477, 77771, 74201, 55364, 85182, 54331, 80368, 22140]"
118110,"[51804, 2594, 682, 99390, 105579, 105419, 31800, 5947, 33709, 46713]"
118111,"[83760, 3604, 53414, 99241, 65679, 41238, 51856, 91216, 90347, 86666]"
118112,"[98498, 81030, 3462, 78452, 46511, 49744, 74396, 93293, 13351, 109019]"
118113,"[27191, 5945, 80482, 5698, 102457, 96739, 6336, 15888, 36918, 23467]"
118114,"[74162, 48192, 42528, 96967, 67511, 63184, 66334, 5681, 42118, 26708]"
118115,"[6968, 92647, 25994, 70189, 56022, 62968, 53712, 55197, 25622, 35660]"
118116,"[42986, 13042, 16916, 53269, 84156, 5229, 31507, 10926, 45377, 25173]"
118117,"[94099, 90978, 35207, 10598, 100706, 96377, 82807, 98629, 103790, 85244]"
118118,"[26566, 25223, 64814, 10649, 26763, 83884, 14323, 81670, 12749, 41788]"
118119,"[97776, 98180, 89805, 9963, 93179, 47580, 13542, 1832, 8878, 7490]"
118120,"[61459, 44103, 12039, 108866, 10235, 98789, 59735, 64591, 73021, 105218]"
118121,"[11467, 66524, 28695, 87856, 19159, 91122, 39982, 35244, 79922, 42269]"
118122,"[74225, 96575, 41375, 101529, 99857, 80231, 15866, 85361, 64919, 37112]"
118123,"[20803, 22797, 54989, 631, 103274, 44683, 46399, 97731, 97664, 94081]"
118124,"[104474, 100448, 39062, 24678, 10644, 44895, 39590, 62071, 18486, 47575]"
118125,"[42245, 106374, 12692, 31424, 39230, 11691, 44464, 81779, 66718, 75391]"
118126,"[42392, 72773, 71389, 25067, 37471, 68974, 50658, 36995, 42663, 102544]"
118127,"[42008, 88047, 65638, 16558, 108808, 63234, 37315, 38379, 30736, 7235]"
118128,"[75062, 67219, 94499, 80805, 96245, 38412, 62894, 85927, 17241, 70709]"
118129,"[74563, 49615, 84610, 104837, 60326, 16240, 98359, 70623, 100256, 89137]"
118130,"[54243, 55012, 17690, 13507, 83091, 78424, 20690, 95298, 43562, 47563]"
118131,"[27889, 85815, 90576, 43585, 50782, 71923, 63179, 25753, 81946, 8066]"
118132,"[6771, 90843, 83530, 56719, 8133, 86907, 2489, 1568, 75191, 30491]"
118133,"[73852, 55087, 44645, 43603, 60067, 107333, 85779, 22875, 46296, 70355]"
118134,"[68680, 52145, 44482, 79456, 77505, 15054, 67618, 102832, 5858, 68996]"
118135,"[10777, 63975, 39624, 26082, 57836, 63373, 48368, 15703, 107851, 43418]"
118136,"[44560, 48497, 108925, 69961, 29389, 3305, 19148, 101649, 90613, 35487]"
118137,"[21184, 16053, 72689, 11005, 101137, 106147, 107656, 10758, 32467, 46535]"
118138,"[25670, 30205, 78457, 96630, 45712, 84872, 104062, 37274, 2712, 63465]"
118139,"[91683, 63005, 50739, 43432, 70183, 11689, 2666, 99162, 85227, 25870]"
118140,"[80293, 97366, 84437, 82285, 15813, 90193, 44399, 8505, 103668, 57157]"
118141,"[77416, 32488, 42294, 78845, 103482, 69753, 55507, 43478, 99720, 34131]"
118142,"[60890, 28531, 73331, 32101, 36553, 60012, 3633, 43172, 75294, 3621]"
118143,"[55091, 47168, 23141, 109447, 41457, 79481, 108118, 84588, 46136, 11796]"
118144,"[98045, 28095, 99864, 3343, 68908, 67721, 68745, 54559, 104037, 13126]"
118145,"[13388, 54834, 7017, 44801, 72956, 51290, 95843, 23605, 83009, 68845]"
118146,"[93146, 46501, 31907, 59742, 83793, 807, 89798, 81364, 11428, 53466]"
118147,"[63279, 20365, 11386, 20101, 41037, 54078, 48134, 37543, 562, 29724]"
118148,"[30320, 24200, 49154, 45717, 53551, 19368, 86324, 21086, 109650, 11662]"
118149,"[33096, 85888, 104290, 15008, 100986, 35928, 17328, 28021, 4357, 97151]"
118150,"[21551, 87308, 54786, 57494, 80259, 98719, 67519, 41990, 38616, 77923]"
118151,"[74012, 12504, 5280, 103725, 28134, 58448, 94733, 48018, 91174, 60606]"
118152,"[27235, 5039, 66532, 10923, 87927, 69851, 54503, 77640, 11038, 9013]"
118153,"[6996, 20299, 93489, 29248, 83157, 91671, 45904, 22706, 97056, 24713]"
118154,"[68800, 24479, 88151, 22751, 88201, 855, 62435, 19841, 6613, 83663]"
118155,"[90640, 71207, 53736, 62617, 58146, 78569, 99476, 59382, 13941, 78969]"
118156,"[108085, 39275, 67529, 55195, 50767, 52532, 42720, 81809, 27738, 82390]"
118157,"[76600, 31085, 99852, 75048, 12686, 52866, 25283, 884, 8705, 43808]"
118158,"[81109, 3847, 6518, 31302, 27242, 108197, 80881, 101285, 59649, 51396]"
118159,"[26031, 38264, 42492, 70645, 83708, 9186, 63874, 63775, 108798, 7537]"
118160,"[42600, 25848, 51461, 90759, 75036, 41679, 5930, 57931, 18377, 38752]"
118161,"[11216, 73487, 45118, 104772, 89609, 92888, 66012, 10969, 16501, 38049]"
118162,"[61025, 4700, 15792, 33229, 32454, 38493, 4595, 70304, 98957, 88446]"
118163,"[52889, 43682, 87472, 81460, 28366, 10030, 11105, 78577, 60557, 83765]"
118164,"[55515, 107494, 22237, 76943, 93801, 90518, 59441, 72523, 83714, 102035]"
118165,"[95610, 69564, 69077, 73013, 47327, 46784, 11748, 104872, 5972, 87417]"
118166,"[72391, 82063, 45077, 60287, 63112, 46373, 104808, 99715, 82458, 68008]"
118167,"[73508, 99896, 21155, 18032, 37855, 75051, 74313, 36911, 77191, 80300]"
118168,"[57046, 36557, 61429, 75209, 6331, 81595, 13748, 107874, 21065, 99438]"
118169,"[58661, 16956, 76100, 4385, 71280, 15391, 45033, 44611, 74600, 47734]"
118170,"[55210, 106936, 28786, 70643, 683, 81283, 26723, 38504, 100007, 101151]"
118171,"[19929, 64048, 23976, 64820, 47385, 39854, 19598, 23329, 15503, 8947]"
118172,"[85089, 90524, 49574, 14950, 105041, 43118, 82084, 85662, 42435, 96668]"
118173,"[49990, 98196, 99379, 82246, 47147, 94507, 35108, 106570, 58724, 93815]"
118174,"[25156, 96770, 93992, 46317, 71360, 105039, 78775, 73371, 106680, 84844]"
118175,"[74277, 22919, 89150, 857, 32955, 12873, 83395, 105818, 21203, 47919]"
118176,"[46938, 25776, 83374, 23795, 87810, 6869, 104790, 20073, 58856, 91105]"
118177,"[10529, 75422, 83284, 76047, 29889, 87796, 85342, 108972, 749, 51071]"
118178,"[82630, 62289, 2435, 24798, 53632, 61836, 2658, 4925, 72107, 44602]"
118179,"[68732, 83765, 87472, 86754, 67656, 13824, 13831, 39199, 68918, 10030]"
118180,"[106273, 72919, 19250, 96472, 49843, 87234, 43032, 74802, 11205, 3174]"
118181,"[87907, 20600, 28941, 100313, 68589, 15760, 26112, 77603, 16344, 14112]"
118182,"[70567, 91823, 15071, 1099, 69504, 18331, 69252, 104936, 69496, 14137]"
118183,"[102399, 80237, 67730, 79884, 6340, 71287, 57164, 43046, 4100, 41447]"
118184,"[30239, 67734, 106435, 32814, 33878, 49652, 44120, 80552, 82242, 83130]"
118185,"[106726, 90229, 6653, 68238, 59386, 8915, 13248, 34520, 38620, 80767]"
118186,"[66192, 47564, 99133, 92790, 89775, 57453, 19934, 99329, 63715, 72616]"
118187,"[28952, 41602, 95560, 34990, 61126, 82729, 80888, 85635, 88737, 90286]"
118188,"[37943, 77747, 28600, 6752, 15530, 69915, 14031, 14538, 6819, 109083]"
118189,"[79564, 58025, 105330, 12849, 94802, 106425, 108121, 73659, 22569, 26010]"
118190,"[18962, 1764, 9347, 64179, 49751, 77793, 80607, 24091, 12271, 19919]"
118191,"[43892, 37850, 73239, 41619, 19956, 72840, 103105, 57454, 48845, 8167]"
118192,"[15827, 3777, 10111, 38708, 49329, 76854, 26142, 107093, 16881, 90195]"
118193,"[24901, 69693, 10033, 82936, 50747, 45136, 90040, 16016, 67785, 82837]"
118194,"[83302, 29139, 88019, 76341, 76942, 70266, 95999, 27432, 24078, 71078]"
118195,"[38780, 34951, 84976, 49318, 47288, 58530, 109349, 94763, 107090, 70303]"
118196,"[30168, 106641, 58616, 60383, 13019, 16402, 14389, 29228, 4413, 8577]"
118197,"[74256, 73553, 70227, 3734, 20968, 92889, 73911, 106208, 80351, 24149]"
118198,"[27370, 90812, 19019, 78391, 78994, 75434, 83940, 107993, 7698, 45612]"
118199,"[38409, 55735, 95549, 51058, 99784, 39701, 20439, 76673, 48084, 8120]"
118200,"[46611, 108340, 61626, 67689, 75106, 86731, 81852, 97207, 6359, 67187]"
118201,"[51156, 25690, 54385, 3630, 106553, 74298, 32420, 54737, 17159, 33319]"
118202,"[52513, 17570, 48388, 61396, 30955, 40776, 99769, 81851, 43841, 95991]"
118203,"[20271, 95871, 83446, 76671, 63649, 89751, 10965, 73770, 25936, 18255]"
118204,"[44678, 31540, 29559, 33062, 37818, 53859, 11136, 86080, 40450, 591]"
118205,"[98520, 79059, 74410, 109217, 27787, 4866, 102363, 58274, 36428, 15698]"
118206,"[102855, 29155, 93482, 86702, 107087, 3384, 46308, 92591, 107587, 84501]"
118207,"[105239, 18074, 27779, 106162, 11642, 68035, 40818, 15039, 51407, 57444]"
118208,"[61471, 96959, 20244, 43103, 73175, 48540, 97888, 10243, 102747, 44583]"
118209,"[27065, 37957, 57052, 52598, 103678, 54536, 37006, 37286, 52548, 86457]"
118210,"[55336, 91339, 55440, 22474, 20843, 14213, 69846, 52992, 1313, 44765]"
118211,"[60379, 63775, 108798, 26031, 94006, 40831, 25275, 9071, 93505, 73739]"
118212,"[105478, 47669, 83965, 79921, 3374, 49757, 20557, 75256, 7336, 89978]"
118213,"[61964, 64684, 97061, 40464, 58910, 20128, 107421, 3626, 53967, 81846]"
118214,"[69943, 95559, 80979, 33814, 23720, 77828, 60350, 73875, 66191, 46499]"
118215,"[49402, 41996, 55266, 91857, 74029, 47586, 71347, 55273, 38876, 12600]"
118216,"[63700, 101132, 23215, 15418, 73958, 21691, 96705, 83840, 76873, 99840]"
118217,"[33589, 36492, 78964, 49424, 7840, 24984, 15249, 93261, 52162, 80587]"
118218,"[89646, 16373, 56827, 74555, 40518, 73299, 67309, 13218, 92630, 72500]"
118219,"[49415, 48937, 90055, 71380, 69968, 40614, 37081, 11652, 30627, 79285]"
118220,"[22371, 65699, 89852, 23166, 75933, 103413, 17089, 107861, 22288, 3293]"
118221,"[28081, 104885, 90398, 47685, 106981, 63232, 51838, 99753, 50062, 4064]"
118222,"[92300, 30546, 60375, 99966, 89596, 61430, 105716, 84025, 26274, 100542]"
118223,"[73487, 62651, 77629, 82129, 66012, 71930, 109276, 95816, 32172, 54117]"
118224,"[57176, 35192, 41774, 34083, 41581, 90772, 96413, 33729, 48583, 43854]"
118225,"[49016, 73409, 42471, 95419, 52727, 72624, 65176, 555, 36590, 81644]"
118226,"[57208, 57891, 91675, 59279, 106087, 100062, 104983, 96590, 28324, 41475]"
118227,"[84985, 30656, 60423, 88100, 73024, 21235, 8206, 55680, 92030, 6809]"
118228,"[93997, 7295, 106581, 1890, 61441, 7944, 30572, 86794, 53089, 10759]"
118229,"[23613, 8416, 3978, 90964, 77200, 48584, 41620, 63223, 108725, 49331]"
118230,"[89621, 35190, 109336, 5170, 66298, 1556, 29289, 52138, 21627, 108509]"
118231,"[89592, 87584, 82845, 72579, 81628, 11612, 106986, 85159, 32119, 44465]"
118232,"[1514, 108333, 105290, 63666, 1489, 73162, 95959, 22122, 57620, 9660]"
118233,"[4398, 34148, 2220, 63166, 23621, 65680, 103040, 60408, 51568, 47097]"
118234,"[38304, 37923, 3708, 10517, 63454, 95518, 51666, 20501, 30693, 45512]"
118235,"[27020, 81658, 100361, 93433, 67979, 33643, 62490, 66127, 20553, 97269]"
118236,"[20853, 9981, 45923, 2676, 49600, 57376, 91879, 72952, 72717, 97247]"
118237,"[6454, 32210, 92436, 97573, 30865, 34407, 78981, 94748, 25014, 28575]"
118238,"[53523, 80956, 72559, 12888, 28785, 24079, 50354, 17330, 11332, 57191]"
118239,"[99313, 69057, 109618, 67822, 19472, 58350, 39990, 34850, 70253, 16559]"
118240,"[58457, 82727, 72116, 35229, 84213, 104489, 3115, 37998, 15668, 92357]"
118241,"[53592, 45839, 45225, 38609, 63721, 36847, 27962, 59219, 83798, 12248]"
118242,"[68843, 27964, 85676, 29854, 82427, 31879, 41478, 32074, 98985, 11781]"
118243,"[54884, 103202, 33387, 37401, 53902, 103745, 101726, 36348, 100495, 91297]"
118244,"[61122, 75534, 52406, 78810, 85598, 44996, 12932, 30637, 94474, 75448]"
118245,"[58482, 71581, 31925, 91967, 96576, 73505, 58900, 78445, 10540, 57095]"
118246,"[47741, 26485, 52328, 108758, 46729, 51069, 13459, 5416, 1590, 11062]"
118247,"[20558, 104162, 52695, 34902, 51241, 80372, 56662, 107699, 9961, 49825]"
118248,"[67899, 46901, 68715, 37486, 66291, 41947, 89682, 107107, 7307, 67032]"
118249,"[35422, 88169, 88422, 94318, 101317, 23216, 42352, 19108, 20593, 72605]"
118250,"[37607, 23661, 77298, 91556, 73465, 49270, 47453, 88989, 68704, 12297]"
118251,"[98304, 25963, 41431, 53363, 11346, 67792, 40291, 90511, 34642, 99084]"
118252,"[67077, 58521, 6612, 30500, 60248, 64281, 72971, 89043, 1123, 1142]"
118253,"[40958, 96656, 64636, 52180, 50834, 67539, 35872, 62218, 35201, 74644]"
118254,"[20643, 14592, 52882, 81860, 50160, 109721, 102330, 75068, 10617, 71893]"
118255,"[51416, 35736, 101798, 10435, 78839, 57104, 98791, 50402, 56704, 68376]"
118256,"[36967, 105958, 92990, 66575, 77583, 3584, 29457, 69505, 75934, 48852]"
118257,"[40036, 49000, 30432, 6003, 56125, 30605, 97397, 7613, 29316, 22215]"
118258,"[17899, 106985, 23893, 72731, 14012, 11700, 9580, 20732, 70625, 55681]"
118259,"[101155, 59184, 2062, 104718, 42203, 103488, 90011, 7354, 37511, 25204]"
118260,"[68827, 30149, 32388, 52776, 66810, 87830, 76966, 32521, 46663, 28848]"
118261,"[59759, 53150, 57156, 91189, 93828, 27288, 92913, 29480, 31558, 107767]"
118262,"[36602, 34712, 38063, 46163, 51207, 109322, 24344, 49602, 25271, 28569]"
118263,"[84046, 1487, 79065, 53795, 66158, 21794, 33876, 67853, 66645, 97213]"
118264,"[88084, 49860, 107665, 79853, 24959, 6535, 62081, 59923, 61906, 63407]"
118265,"[50962, 41483, 60122, 12631, 13795, 27859, 109470, 5895, 38563, 96313]"
118266,"[34515, 20272, 37457, 50991, 49867, 88055, 99865, 46854, 96895, 4673]"
118267,"[45976, 69532, 13497, 60573, 71580, 66217, 68517, 56565, 28247, 73687]"
118268,"[31490, 28698, 64881, 90777, 108195, 56229, 54050, 24093, 6566, 92643]"
118269,"[29217, 68528, 6861, 54832, 50848, 69626, 29102, 82660, 58363, 62733]"
118270,"[35702, 96149, 30664, 8654, 58400, 100530, 36486, 107874, 5864, 85203]"
118271,"[17510, 83513, 81451, 48616, 42323, 17921, 67693, 16046, 34900, 17060]"
118272,"[87639, 41683, 19240, 57890, 13758, 102841, 49908, 86816, 106699, 80016]"
118273,"[32808, 28992, 31268, 90087, 57558, 37345, 30228, 109502, 44314, 86392]"
118274,"[24680, 23823, 12469, 96555, 88711, 72686, 12497, 108668, 52963, 18649]"
118275,"[4970, 26243, 99217, 85349, 15893, 4390, 3130, 37708, 10873, 33670]"
118276,"[85375, 71978, 53842, 62895, 58570, 89078, 90728, 97121, 65431, 75876]"
118277,"[51836, 8559, 77913, 43628, 35698, 66014, 71162, 104868, 56557, 61449]"
118278,"[16891, 59481, 81920, 16354, 92160, 82060, 58366, 90186, 85070, 2028]"
118279,"[59063, 24574, 82061, 7919, 83984, 52060, 64464, 22489, 53615, 61743]"
118280,"[78412, 20944, 3441, 108068, 53204, 107663, 67006, 36220, 106933, 56072]"
118281,"[77440, 19862, 10895, 64091, 54410, 102160, 43225, 34163, 27353, 36098]"
118282,"[11387, 34394, 44579, 52101, 87384, 94900, 85852, 87885, 30237, 23064]"
118283,"[95943, 100361, 93433, 67979, 109589, 13525, 42527, 52927, 27020, 81755]"
118284,"[48376, 95298, 10780, 7775, 40856, 24414, 88710, 83091, 33772, 38824]"
118285,"[16006, 14657, 88325, 53150, 6477, 16901, 7994, 54986, 21748, 33037]"
118286,"[5851, 64369, 81639, 88148, 88686, 58342, 56984, 101099, 13875, 59479]"
118287,"[41493, 81323, 94773, 24885, 103765, 99919, 77764, 14895, 31436, 98239]"
118288,"[69543, 15841, 72255, 101195, 81840, 77410, 105715, 67935, 85029, 81271]"
118289,"[100499, 17919, 81093, 54461, 55463, 80398, 72210, 2626, 76882, 1877]"
118290,"[83961, 87554, 45930, 62962, 66687, 93492, 35272, 26149, 92885, 22624]"
118291,"[84873, 80008, 60340, 29510, 46140, 26039, 97671, 4786, 62402, 55785]"
118292,"[73243, 74859, 40521, 28798, 103575, 92087, 41312, 39146, 24777, 91090]"
118293,"[104359, 52560, 15772, 80095, 66803, 64163, 98221, 46110, 95821, 65500]"
118294,"[83959, 59091, 24721, 55466, 62334, 98646, 90847, 87106, 85163, 21767]"
118295,"[10519, 102843, 4190, 47237, 94030, 98267, 78998, 23986, 1622, 36390]"
118296,"[90560, 79945, 59012, 6573, 27484, 24071, 4931, 85975, 43699, 46130]"
118297,"[102601, 109553, 80300, 12378, 108707, 79958, 35129, 67732, 66050, 82944]"
118298,"[38443, 78689, 38867, 46540, 27292, 8297, 82123, 82487, 37151, 57854]"
118299,"[87413, 87520, 57303, 75059, 55694, 63813, 82805, 2873, 63158, 65402]"
118300,"[108872, 95135, 46280, 66450, 41545, 106272, 24748, 57950, 98085, 60165]"
118301,"[26631, 108407, 26901, 79380, 104980, 5884, 15451, 90397, 99553, 41368]"
118302,"[26212, 19564, 48707, 83123, 107917, 6784, 23839, 39794, 86039, 78355]"
118303,"[81885, 17752, 39490, 96452, 84492, 88033, 88226, 1869, 46735, 70807]"
118304,"[103007, 43288, 93766, 25179, 78439, 26809, 54457, 106198, 83683, 102651]"
118305,"[37879, 24210, 25741, 34327, 50089, 335, 65117, 50285, 37976, 744]"
118306,"[90358, 104724, 87228, 74512, 87557, 6177, 101476, 54442, 30750, 5519]"
118307,"[36023, 108878, 85797, 61825, 48928, 89579, 10651, 36911, 102426, 35496]"
118308,"[30081, 101836, 57386, 17645, 98354, 51318, 97500, 55196, 105099, 108369]"
118309,"[27691, 59169, 28594, 27304, 42573, 99943, 38634, 351, 34588, 89988]"
118310,"[8703, 2471, 19919, 8330, 92476, 22007, 18564, 48384, 71989, 29821]"
118311,"[11650, 32161, 32071, 107350, 56634, 95138, 55049, 70251, 34102, 44108]"
118312,"[9257, 62872, 66595, 75055, 47058, 38088, 65823, 72539, 76410, 77210]"
118313,"[9318, 40304, 94766, 54677, 98933, 73936, 75099, 35984, 16892, 11747]"
118314,"[37255, 99706, 84407, 62084, 37651, 53784, 84999, 102606, 25254, 68064]"
118315,"[104389, 97541, 13707, 95866, 40567, 87945, 40919, 28173, 50377, 107140]"
118316,"[17953, 1741, 34838, 47712, 12241, 30897, 15593, 20154, 56563, 7455]"
118317,"[10904, 104681, 5552, 48747, 99546, 27328, 6630, 61876, 47922, 25795]"
118318,"[76870, 4639, 32118, 30486, 27975, 13155, 56650, 89191, 49969, 68517]"
118319,"[80983, 101492, 86024, 69246, 19394, 17673, 54399, 35746, 81750, 5157]"
118320,"[102523, 102222, 74103, 92739, 94482, 90286, 103014, 88737, 34990, 17704]"
118321,"[1860, 105503, 8083, 100803, 14849, 13005, 20727, 69115, 85542, 6663]"
118322,"[86620, 62862, 31618, 80629, 39602, 79041, 40616, 74184, 162, 97996]"
118323,"[57624, 93493, 91747, 108411, 41359, 62919, 70318, 94134, 40069, 92104]"
118324,"[87121, 106225, 2879, 6546, 19744, 57371, 71841, 64680, 100683, 24281]"
118325,"[85540, 9257, 32572, 73130, 19305, 97076, 42592, 47267, 10513, 47058]"
118326,"[45224, 11992, 56566, 75792, 101951, 1098, 84404, 54408, 105610, 34767]"
118327,"[14507, 3443, 31641, 74126, 29774, 71039, 84232, 15429, 1057, 64516]"
118328,"[44900, 85592, 30581, 72950, 54649, 75280, 57403, 57380, 25730, 94818]"
118329,"[56208, 62141, 70943, 90009, 66372, 95776, 80594, 7411, 78438, 45997]"
118330,"[92681, 75597, 99117, 80682, 45676, 50521, 14441, 31508, 52115, 101729]"
118331,"[37666, 15822, 11974, 17093, 18410, 40650, 59278, 24206, 96389, 108736]"
118332,"[16065, 91851, 10739, 100571, 55882, 96365, 61361, 27411, 95838, 65833]"
118333,"[52532, 43065, 39275, 18769, 108085, 33934, 78359, 27738, 82390, 45663]"
118334,"[34372, 68555, 78793, 83001, 4337, 60256, 7304, 10320, 306, 98348]"
118335,"[14489, 89217, 9414, 81539, 81333, 18556, 17290, 35538, 40715, 8569]"
118336,"[65240, 41201, 102286, 9454, 12190, 25065, 63290, 102065, 36351, 96572]"
118337,"[38469, 92309, 99317, 33273, 78797, 80006, 107800, 105365, 4884, 18598]"
118338,"[27084, 85705, 46773, 43590, 8629, 19600, 105257, 52776, 101056, 90179]"
118339,"[17426, 8427, 3395, 66035, 11753, 27603, 109105, 482, 86711, 55932]"
118340,"[69500, 102502, 81764, 90298, 47039, 30669, 46705, 10825, 34495, 14322]"
118341,"[99445, 23824, 59317, 88591, 69854, 21861, 41019, 23443, 19473, 39416]"
118342,"[47780, 37227, 50314, 30565, 91467, 29585, 68634, 31506, 66137, 10811]"
118343,"[16765, 10763, 50677, 47463, 100470, 45956, 22859, 52687, 57676, 90262]"
118344,"[104459, 56360, 31148, 27745, 71199, 83909, 22354, 62874, 1742, 86286]"
118345,"[98674, 32733, 101580, 18276, 49593, 35961, 4369, 63431, 15502, 44504]"
118346,"[87254, 94972, 28875, 52928, 89269, 34151, 72757, 72058, 24643, 3727]"
118347,"[88702, 53323, 19996, 75004, 89012, 66219, 68229, 34136, 107318, 64568]"
118348,"[59820, 22758, 32905, 52969, 109328, 27561, 36511, 53643, 9741, 40997]"
118349,"[8845, 29806, 58654, 48496, 25999, 76279, 79401, 31097, 23113, 59094]"
118350,"[101868, 28760, 460, 98264, 13929, 40022, 23376, 93017, 19298, 32689]"
118351,"[53064, 72691, 98803, 20900, 23835, 45095, 22185, 1905, 48319, 77491]"
118352,"[96014, 21788, 20621, 68078, 43195, 49966, 99524, 34320, 106097, 42354]"
118353,"[615, 100493, 23608, 106086, 38806, 11153, 53569, 64118, 53028, 18387]"
118354,"[90739, 45239, 27968, 54036, 96439, 95286, 47460, 102841, 53214, 15984]"
118355,"[83087, 65542, 67474, 91263, 33775, 36311, 23077, 23782, 79460, 81518]"
118356,"[55392, 29051, 67609, 69118, 47723, 37868, 71868, 30035, 71395, 11683]"
118357,"[102229, 83870, 52977, 97001, 70206, 44554, 47149, 38375, 35866, 101893]"
118358,"[82917, 13030, 26899, 35067, 97419, 55656, 60252, 91989, 26429, 51449]"
118359,"[51334, 60208, 56430, 82703, 30764, 63877, 14363, 19962, 17412, 62860]"
118360,"[104171, 8810, 19953, 64219, 59912, 104274, 9755, 61295, 55476, 92774]"
118361,"[90152, 15190, 33736, 13115, 85715, 30005, 70665, 56823, 79866, 57598]"
118362,"[73174, 34234, 66313, 10910, 45725, 32539, 73092, 57060, 22077, 60341]"
118363,"[317, 9659, 59459, 68477, 68297, 81880, 49102, 27790, 99406, 24623]"
118364,"[14550, 57750, 57030, 16255, 10953, 3009, 46858, 89159, 22373, 32218]"
118365,"[27785, 104695, 62290, 47361, 59241, 17398, 8053, 19360, 58830, 104181]"
118366,"[21025, 93192, 44843, 81894, 49099, 73205, 10117, 46076, 104527, 2344]"
118367,"[5874, 75901, 9893, 39336, 47475, 71114, 60622, 75632, 16933, 109726]"
118368,"[72527, 58542, 78483, 90648, 80161, 88022, 62724, 52135, 22029, 45393]"
118369,"[70119, 75128, 52543, 64249, 39880, 80858, 32704, 30340, 14767, 95688]"
118370,"[77978, 74661, 16339, 58143, 97493, 63412, 104201, 33549, 11510, 96842]"
118371,"[39215, 72779, 102671, 87588, 26195, 37797, 45687, 4635, 103701, 76811]"
118372,"[83175, 80637, 60756, 14483, 55252, 21509, 58949, 7432, 90215, 28855]"
118373,"[964, 85282, 62451, 19838, 26738, 73624, 35396, 54358, 1450, 43693]"
118374,"[19138, 75244, 1819, 26797, 56635, 17176, 109364, 13326, 109605, 19280]"
118375,"[20778, 31449, 82187, 51675, 55749, 82664, 2280, 59147, 42706, 89264]"
118376,"[15951, 103187, 90062, 28702, 90344, 23288, 27341, 55936, 12161, 80135]"
118377,"[91840, 871, 1626, 38759, 89444, 85657, 41557, 93952, 48481, 78553]"
118378,"[30474, 24623, 73771, 9145, 87090, 18166, 39866, 105457, 49591, 20772]"
118379,"[75830, 27991, 85828, 20705, 20134, 1135, 80377, 53473, 23719, 24649]"
118380,"[21734, 90439, 18832, 58318, 105738, 20059, 13616, 45391, 100504, 102991]"
118381,"[94568, 14438, 32333, 83992, 18321, 72522, 58162, 15413, 79421, 79461]"
118382,"[71765, 100035, 104337, 98362, 28059, 19909, 39376, 50911, 18611, 100353]"
118383,"[52203, 97880, 70092, 82657, 34218, 62809, 44242, 32691, 21759, 96762]"
118384,"[88652, 28630, 18340, 43287, 66383, 80619, 96089, 62221, 2456, 54735]"
118385,"[2714, 10240, 66947, 29651, 63204, 28723, 68627, 50611, 65029, 2898]"
118386,"[34432, 97657, 37103, 37475, 104809, 28288, 5408, 75972, 72701, 58460]"
118387,"[85486, 52398, 69192, 37700, 102648, 13552, 77937, 90569, 80605, 109008]"
118388,"[102536, 102551, 94409, 104515, 11892, 10055, 91311, 54529, 107257, 57833]"
118389,"[26585, 78386, 25475, 79067, 48475, 67019, 46141, 80377, 76661, 45874]"
118390,"[10483, 38738, 43498, 81947, 35534, 105729, 99500, 674, 105392, 85113]"
118391,"[11041, 2490, 99791, 59798, 8475, 1767, 17062, 17388, 93585, 21906]"
118392,"[23924, 92680, 12704, 7136, 28624, 66151, 48478, 12982, 9658, 26777]"
118393,"[15708, 13439, 40254, 32550, 39457, 44900, 373, 95523, 38893, 97163]"
118394,"[35327, 78844, 28601, 104038, 63331, 79432, 71449, 81312, 19616, 81031]"
118395,"[61944, 42561, 47771, 13577, 43962, 107577, 55854, 9163, 37898, 46116]"
118396,"[2416, 41585, 81058, 39111, 101134, 7589, 75977, 52330, 91312, 78234]"
118397,"[88651, 13105, 89616, 87741, 18406, 35002, 83224, 82296, 7965, 16638]"
118398,"[96851, 18444, 26307, 70922, 95215, 35576, 27113, 33000, 68416, 106694]"
118399,"[69909, 24226, 43425, 23162, 13832, 25468, 53816, 53461, 29783, 97769]"
118400,"[21007, 65720, 21068, 43000, 71958, 41605, 70246, 76545, 82068, 91331]"
118401,"[100974, 88869, 29573, 92174, 35492, 75103, 90457, 26223, 95858, 99371]"
118402,"[17008, 36700, 65099, 7885, 51610, 12852, 26202, 40485, 11392, 96372]"
118403,"[68463, 56864, 43975, 90205, 88766, 8940, 77024, 105404, 45258, 11234]"
118404,"[62964, 64813, 104371, 30063, 19217, 15139, 79325, 17166, 58054, 47620]"
118405,"[83228, 18796, 10739, 69008, 16065, 91327, 63785, 22145, 27793, 92324]"
118406,"[47238, 48439, 45597, 47903, 32686, 21017, 66472, 55565, 2495, 1256]"
118407,"[68659, 103753, 85148, 46479, 82889, 22411, 102647, 81313, 15372, 35008]"
118408,"[25612, 35295, 57207, 72668, 41352, 41256, 105891, 20361, 73913, 37041]"
118409,"[28502, 16269, 27065, 12330, 34948, 60653, 39441, 16614, 18254, 51236]"
118410,"[74414, 102794, 3006, 13106, 91047, 107892, 13293, 48491, 66390, 99945]"
118411,"[392, 45053, 19852, 100262, 98811, 91660, 73343, 80724, 101517, 18382]"
118412,"[31838, 109252, 21836, 108304, 16341, 50386, 98611, 98613, 27054, 100412]"
118413,"[46842, 97507, 32578, 80847, 6523, 37931, 51791, 88239, 59067, 26910]"
118414,"[65058, 9429, 2916, 6493, 10398, 32349, 98843, 19907, 107406, 26866]"
118415,"[101116, 40384, 91724, 101906, 103230, 106064, 26299, 35788, 108531, 44743]"
118416,"[80587, 95981, 40819, 15249, 24984, 93261, 60796, 36492, 37615, 33589]"
118417,"[3455, 16191, 75679, 68524, 63006, 22711, 22981, 22386, 70697, 55910]"
118418,"[2380, 49176, 89197, 20345, 19855, 62635, 105337, 49289, 14008, 91424]"
118419,"[811, 76364, 87826, 26792, 66608, 107171, 23342, 61018, 69923, 524]"
118420,"[6628, 82714, 3596, 37415, 69391, 36233, 33413, 20071, 87781, 104114]"
118421,"[23857, 108715, 40296, 76259, 78287, 39562, 25234, 38912, 27179, 105922]"
118422,"[105448, 8630, 29007, 20373, 10223, 13795, 63289, 103446, 42506, 107939]"
118423,"[70351, 54323, 904, 73246, 47322, 77942, 40606, 36831, 25416, 50399]"
118424,"[34749, 2212, 83690, 49949, 15748, 70155, 49734, 68211, 38290, 11873]"
118425,"[85612, 79872, 21419, 33978, 39044, 100611, 40405, 84626, 57303, 69625]"
118426,"[18598, 8543, 36895, 5920, 28718, 102457, 36868, 48666, 60576, 102668]"
118427,"[104985, 60712, 97364, 51055, 84788, 92465, 54232, 103677, 12309, 28363]"
118428,"[82266, 32070, 64013, 68979, 62444, 105207, 71725, 30342, 88656, 16752]"
118429,"[95182, 71804, 10967, 56789, 10715, 7571, 84758, 8384, 109688, 18693]"
118430,"[47065, 48005, 4990, 62470, 65383, 42319, 12411, 43694, 40127, 20981]"
118431,"[86167, 98915, 26493, 34685, 13652, 24785, 35073, 102927, 3602, 69299]"
118432,"[38478, 70840, 102601, 63949, 109056, 56738, 6231, 11839, 44971, 4360]"
118433,"[88231, 21991, 107469, 45645, 37848, 107097, 52733, 94353, 69604, 1584]"
118434,"[17689, 68479, 63919, 51013, 26294, 4230, 76255, 2546, 66569, 47880]"
118435,"[94434, 51811, 63303, 25984, 98585, 91477, 57569, 4196, 89962, 90760]"
118436,"[69413, 79579, 83588, 95697, 4090, 36044, 33241, 85620, 69887, 81245]"
118437,"[73692, 46485, 107453, 76531, 10510, 10214, 81397, 98922, 107925, 43357]"
118438,"[41901, 73802, 87978, 102563, 97916, 67877, 91756, 28431, 49049, 37657]"
118439,"[44599, 68144, 3842, 37443, 23486, 55704, 63821, 107301, 64650, 60138]"
118440,"[36641, 29172, 68868, 40654, 91396, 82534, 42713, 69935, 58067, 26383]"
118441,"[14038, 106382, 92574, 22242, 98246, 11016, 29814, 21185, 74106, 38240]"
118442,"[97206, 76633, 103866, 100910, 90883, 102655, 30216, 64155, 17192, 88511]"
118443,"[41658, 62670, 26032, 57077, 11960, 25001, 40119, 7988, 94469, 80143]"
118444,"[66856, 14251, 25265, 105712, 2393, 48286, 48406, 79206, 64965, 90095]"
118445,"[19709, 53438, 8420, 72750, 32621, 75667, 47232, 8692, 61357, 60151]"
118446,"[76217, 58242, 40730, 49265, 64611, 7172, 771, 15275, 66141, 191]"
118447,"[65839, 23236, 24586, 77027, 349, 88896, 93381, 109191, 33799, 85187]"
118448,"[64791, 6370, 72992, 83581, 42456, 105715, 100277, 77577, 68376, 98885]"
118449,"[70151, 106110, 2840, 80495, 43837, 90288, 62815, 107091, 96582, 63282]"
118450,"[79187, 21689, 7997, 68877, 26072, 35945, 68840, 79484, 71615, 46002]"
118451,"[94182, 12898, 106727, 105569, 57224, 79980, 26544, 24775, 18393, 63718]"
118452,"[29015, 51909, 40713, 42355, 25034, 19037, 67917, 52886, 67354, 84678]"
118453,"[31554, 43909, 66618, 69421, 40386, 108031, 91044, 12960, 29118, 17640]"
118454,"[54189, 63636, 11664, 46106, 18437, 88237, 60173, 48347, 14552, 10692]"
118455,"[1639, 75441, 85959, 9925, 94372, 78196, 78527, 38044, 91453, 75881]"
118456,"[68547, 103619, 23318, 72306, 82896, 19765, 8772, 75386, 68478, 6942]"
118457,"[82861, 46843, 100855, 95719, 51510, 49767, 81159, 14265, 97599, 71141]"
118458,"[26266, 3759, 3885, 97636, 56557, 76002, 54768, 65274, 9399, 36035]"
118459,"[31296, 69368, 6366, 17938, 18543, 89908, 97522, 10074, 22531, 58872]"
118460,"[69984, 50088, 36723, 15000, 38613, 22058, 47326, 30852, 68060, 71671]"
118461,"[52509, 105298, 29011, 82912, 25454, 7776, 57264, 42295, 36880, 99897]"
118462,"[50142, 40428, 78036, 61011, 47755, 92674, 36449, 8727, 80011, 22308]"
118463,"[58974, 106122, 78976, 15361, 11983, 39745, 20751, 94124, 52641, 55220]"
118464,"[29196, 109471, 50412, 17982, 21763, 27268, 72101, 24595, 94690, 88761]"
118465,"[93491, 1512, 4463, 63082, 46117, 58153, 92594, 67009, 42024, 64960]"
118466,"[94083, 43141, 34227, 38008, 33167, 104562, 6444, 72849, 51219, 108]"
118467,"[55027, 26408, 74789, 10439, 33692, 39420, 24425, 10034, 70485, 27757]"
118468,"[94613, 73013, 69077, 78259, 100426, 95610, 22273, 47327, 97340, 63711]"
118469,"[75655, 16395, 97295, 86328, 102504, 73476, 39689, 48724, 107101, 83147]"
118470,"[109765, 27063, 74388, 91833, 37159, 46721, 46901, 50132, 11754, 10344]"
118471,"[66680, 81095, 53233, 37511, 38820, 90967, 11927, 84121, 77919, 60697]"
118472,"[96955, 59732, 53879, 104796, 39204, 55923, 106435, 41078, 30239, 96960]"
118473,"[83095, 38156, 71413, 8229, 13052, 48298, 14798, 81421, 11552, 36213]"
118474,"[41628, 29506, 82942, 82131, 4192, 11781, 920, 86507, 37082, 14893]"
118475,"[47864, 101265, 62105, 72390, 34084, 10552, 33790, 39081, 34238, 24588]"
118476,"[35246, 93664, 33485, 11901, 56085, 40814, 102884, 17945, 64149, 84391]"
118477,"[100380, 53927, 12545, 72757, 25651, 15209, 66468, 15163, 74718, 76959]"
118478,"[31425, 6396, 42420, 107537, 18548, 83623, 45220, 83744, 52930, 9298]"
118479,"[74214, 98020, 39751, 77807, 15272, 11642, 63872, 108378, 60233, 33842]"
118480,"[107814, 30718, 15055, 36324, 52811, 16477, 33225, 102314, 75700, 56248]"
118481,"[19418, 10026, 81569, 38482, 77659, 102129, 43584, 98220, 46072, 78856]"
118482,"[11773, 49631, 34375, 86843, 54745, 25831, 77189, 35539, 8634, 15904]"
118483,"[5837, 83143, 74727, 33912, 29865, 57025, 38928, 68175, 53735, 80276]"
118484,"[92510, 1229, 86472, 55450, 95759, 65597, 109508, 59842, 30583, 102179]"
118485,"[20145, 61389, 4323, 52651, 99890, 54916, 62305, 46348, 73549, 104889]"
118486,"[24349, 88170, 37617, 17063, 83271, 28068, 32185, 60742, 99955, 48321]"
118487,"[83884, 26566, 108763, 20781, 76626, 12749, 41788, 88992, 10649, 26763]"
118488,"[85878, 9197, 42750, 31712, 14748, 63692, 7518, 72398, 15309, 107598]"
118489,"[89029, 58904, 35034, 63601, 39807, 107575, 51888, 90940, 12665, 51824]"
118490,"[33075, 20623, 3110, 91142, 24169, 16101, 60526, 798, 20362, 37192]"
118491,"[64121, 99600, 91301, 107664, 8752, 1532, 63372, 19474, 98827, 21722]"
118492,"[48225, 89487, 26029, 12101, 45200, 57088, 56376, 28119, 79364, 91345]"
118493,"[67368, 24318, 48639, 40580, 107790, 81958, 99473, 48538, 33855, 45504]"
118494,"[47988, 104979, 5488, 28481, 9430, 18212, 49657, 92548, 7497, 106469]"
118495,"[33172, 76703, 101985, 61488, 26694, 88948, 51763, 32132, 54845, 77039]"
118496,"[2757, 106088, 108590, 79505, 20531, 14391, 87766, 91609, 60089, 29833]"
118497,"[27109, 25639, 46884, 44085, 65951, 6091, 57518, 41019, 19473, 69528]"
118498,"[59344, 3419, 68693, 64953, 56647, 68498, 14363, 36505, 105132, 52857]"
118499,"[74658, 50655, 6706, 61814, 7504, 50368, 108552, 98722, 61973, 41836]"
118500,"[56049, 52589, 57419, 82465, 92324, 66760, 53813, 21870, 106140, 86835]"
118501,"[18926, 67640, 95383, 45744, 1377, 73375, 46352, 103403, 82433, 71538]"
118502,"[97491, 22392, 87264, 9831, 30685, 37258, 18541, 72428, 64506, 16328]"
118503,"[20120, 101031, 34103, 100518, 81271, 84845, 27990, 98953, 86907, 8133]"
118504,"[57028, 15576, 39856, 74593, 33010, 7072, 9846, 99456, 942, 16154]"
118505,"[95586, 107864, 3853, 72411, 63582, 101276, 82923, 31537, 77002, 69951]"
118506,"[87838, 15296, 92077, 44054, 81214, 79675, 99220, 19545, 9604, 43862]"
118507,"[86569, 76990, 27888, 103603, 41836, 26003, 33163, 35290, 79442, 95007]"
118508,"[16181, 108947, 100147, 71566, 25888, 106265, 109669, 32562, 9560, 80946]"
118509,"[62170, 62046, 60134, 42996, 988, 8754, 105071, 87048, 18584, 51580]"
118510,"[83338, 659, 87027, 72044, 40167, 84638, 11700, 17899, 99817, 85042]"
118511,"[49145, 15863, 89096, 45847, 19780, 50685, 62061, 7711, 103822, 50310]"
118512,"[56262, 102030, 50487, 98691, 37705, 76346, 40449, 50305, 60814, 67213]"
118513,"[55499, 24382, 78183, 2371, 47602, 29666, 81961, 22411, 73797, 55910]"
118514,"[106663, 13191, 13882, 54559, 87571, 84794, 27979, 8454, 68745, 96078]"
118515,"[73995, 96, 61879, 21251, 75930, 101909, 40741, 43653, 71539, 16760]"
118516,"[72988, 103536, 94260, 57490, 26187, 49301, 36510, 53465, 63577, 20283]"
118517,"[49384, 48980, 5474, 84157, 16473, 103314, 15000, 38613, 36723, 64230]"
118518,"[90430, 9529, 78482, 59800, 6134, 55233, 77721, 54884, 32031, 100707]"
118519,"[18306, 103283, 10154, 50064, 54501, 8669, 17157, 26335, 21761, 73153]"
118520,"[31503, 29470, 94620, 79385, 2937, 23348, 59701, 61325, 11561, 75160]"
118521,"[101486, 85457, 47487, 66768, 23649, 76342, 69372, 19717, 42110, 62820]"
118522,"[101795, 29169, 55868, 5309, 102038, 7022, 35225, 51571, 44879, 81657]"
118523,"[61500, 67098, 50134, 5251, 38371, 64590, 98425, 75065, 94824, 77614]"
118524,"[79917, 35324, 76651, 89382, 97072, 2024, 84613, 16167, 10387, 103593]"
118525,"[71426, 29528, 14435, 46393, 24295, 5468, 105402, 38667, 24412, 98325]"
118526,"[90307, 41883, 54318, 43991, 80245, 51807, 104456, 108251, 76446, 108686]"
118527,"[60517, 38263, 5237, 44474, 14325, 82853, 89233, 8925, 85612, 83078]"
118528,"[60860, 12578, 29245, 34647, 13890, 12576, 40727, 14923, 11403, 20057]"
118529,"[13876, 17865, 38272, 44439, 25618, 104379, 5733, 9101, 93079, 94115]"
118530,"[96953, 47408, 80389, 26682, 60055, 90728, 94051, 89078, 10183, 9575]"
118531,"[82541, 68758, 39867, 107299, 57135, 57387, 70606, 57242, 82610, 23955]"
118532,"[58628, 80492, 18368, 36131, 8949, 85712, 13658, 35590, 108191, 43050]"
118533,"[456, 10751, 70622, 101598, 3255, 11910, 70896, 76762, 81546, 33791]"
118534,"[85368, 16943, 32587, 14632, 64246, 7520, 58168, 50728, 16826, 18558]"
118535,"[21162, 94866, 42643, 70040, 36206, 107161, 97219, 16529, 31919, 23974]"
118536,"[32234, 27208, 23410, 38373, 28911, 89756, 60615, 108445, 76994, 36504]"
118537,"[107150, 54170, 33098, 86759, 35670, 9767, 75851, 81084, 87851, 30439]"
118538,"[29667, 108294, 102636, 39872, 79285, 1331, 24794, 49415, 1899, 71380]"
118539,"[74520, 30783, 34802, 7271, 54663, 79264, 63482, 98286, 103567, 55272]"
118540,"[29034, 72319, 28860, 80776, 51632, 102111, 57639, 7756, 68422, 9155]"
118541,"[91645, 60781, 99760, 72903, 17805, 60575, 80805, 96245, 66964, 20592]"
118542,"[47012, 82198, 67926, 107748, 72403, 16307, 15820, 76935, 43600, 60963]"
118543,"[79985, 52760, 71328, 30929, 7364, 104738, 26686, 30874, 34859, 37655]"
118544,"[85144, 3276, 79434, 19460, 34962, 40783, 47018, 65038, 62372, 97529]"
118545,"[82806, 100184, 86577, 79231, 23696, 55072, 89862, 107970, 43740, 35265]"
118546,"[63730, 19519, 48191, 17370, 98148, 99441, 79343, 85870, 18745, 87339]"
118547,"[21622, 100749, 60617, 33474, 90176, 22909, 66348, 78809, 97230, 80027]"
118548,"[25174, 88252, 106622, 88090, 86301, 90398, 4064, 71236, 46835, 96948]"
118549,"[87447, 105416, 85750, 6113, 15005, 75277, 8058, 7923, 55129, 16695]"
118550,"[96294, 107123, 86036, 53693, 105313, 86230, 64251, 6541, 88097, 99920]"
118551,"[97497, 96174, 1735, 64789, 52863, 86145, 105712, 20172, 28088, 85713]"
118552,"[97175, 36049, 95125, 56959, 10842, 51355, 83170, 66318, 74899, 5158]"
118553,"[4600, 58598, 94933, 98779, 97240, 89291, 53882, 48444, 25680, 53450]"
118554,"[64864, 85407, 33041, 22202, 66798, 107550, 44235, 34141, 40920, 43917]"
118555,"[16621, 21666, 96446, 60124, 65356, 45242, 21489, 36999, 4557, 72541]"
118556,"[7543, 52475, 106604, 58117, 2943, 36658, 19627, 13737, 14604, 88870]"
118557,"[57761, 57249, 4256, 36475, 95569, 93897, 40578, 99374, 98092, 89905]"
118558,"[83326, 98269, 95201, 77145, 91457, 108970, 28558, 19562, 55200, 7760]"
118559,"[6100, 82654, 14145, 24831, 43559, 85369, 48242, 82125, 24658, 64330]"
118560,"[62899, 79952, 101618, 38869, 47227, 63910, 12977, 35005, 97368, 32659]"
118561,"[27062, 87681, 23116, 68967, 48537, 90492, 31534, 1906, 22511, 84474]"
118562,"[22757, 18504, 80085, 104116, 47894, 43368, 38461, 79581, 33849, 51576]"
118563,"[58087, 28955, 42148, 62867, 64724, 30111, 1865, 29996, 97557, 29187]"
118564,"[60596, 27582, 5413, 14639, 68722, 96405, 87245, 97975, 19574, 62871]"
118565,"[9559, 58861, 56428, 29437, 95700, 108035, 95069, 61408, 106247, 36961]"
118566,"[28116, 85177, 90753, 107798, 36467, 20342, 68267, 94203, 53040, 30676]"
118567,"[98039, 9760, 33341, 68560, 18282, 56848, 6620, 14588, 42148, 49558]"
118568,"[83923, 44016, 56621, 71211, 5413, 33452, 23362, 86278, 76256, 105271]"
118569,"[23915, 39630, 95210, 17998, 58383, 14150, 87701, 30012, 58233, 90944]"
118570,"[94719, 38071, 20454, 73543, 43793, 578, 58247, 41531, 26076, 81336]"
118571,"[84204, 102399, 80237, 39862, 9494, 8546, 44375, 20773, 97318, 43046]"
118572,"[91224, 18133, 68803, 86392, 30228, 56354, 82137, 28541, 12630, 35111]"
118573,"[109099, 97604, 8633, 80287, 5380, 12616, 60199, 93542, 99453, 69484]"
118574,"[6467, 56836, 56290, 36351, 85115, 47295, 38294, 93516, 35801, 82888]"
118575,"[90880, 77743, 88822, 45892, 58711, 87428, 15255, 82663, 17552, 105313]"
118576,"[107616, 8913, 21807, 73214, 36954, 43402, 102579, 47999, 85912, 22702]"
118577,"[6538, 104939, 105209, 3627, 27966, 99163, 78355, 52247, 62921, 103977]"
118578,"[69519, 35239, 9376, 85064, 100886, 9441, 101355, 82183, 19229, 39954]"
118579,"[58271, 33694, 8334, 95295, 9661, 73136, 79444, 16847, 86377, 62560]"
118580,"[61496, 87248, 70466, 40365, 56976, 41736, 82608, 65930, 49197, 60947]"
118581,"[27597, 24995, 49893, 32673, 3084, 61101, 82226, 50805, 93264, 14222]"
118582,"[72706, 13827, 57674, 9701, 47830, 29598, 36169, 9046, 3709, 50574]"
118583,"[18804, 67553, 51525, 76890, 51474, 61913, 78461, 22420, 4121, 8389]"
118584,"[63333, 3845, 19577, 50049, 32285, 10179, 72977, 42649, 105399, 105607]"
118585,"[74020, 59608, 60911, 8278, 81320, 93756, 46534, 16906, 24055, 98849]"
118586,"[11503, 7034, 95894, 12511, 55315, 92653, 70701, 56820, 40124, 79347]"
118587,"[53886, 66564, 37646, 1523, 22968, 79399, 51256, 47175, 90563, 62401]"
118588,"[74209, 10708, 35869, 9162, 34333, 47166, 71153, 32722, 58531, 107634]"
118589,"[45792, 57037, 19567, 9591, 18381, 109770, 30426, 37423, 71924, 103853]"
118590,"[74847, 82662, 21613, 70683, 18447, 73055, 80828, 48931, 96195, 33308]"
118591,"[29133, 41807, 48751, 84447, 26408, 26117, 33012, 46121, 65643, 95575]"
118592,"[68205, 22367, 9440, 45056, 86898, 97178, 22037, 31465, 86381, 23926]"
118593,"[52928, 4001, 39104, 42920, 59903, 76328, 48633, 87578, 50867, 105526]"
118594,"[60804, 38867, 109261, 20848, 26482, 36007, 40060, 68844, 58445, 99116]"
118595,"[61360, 93979, 16635, 103972, 14456, 8430, 70785, 59865, 53601, 45718]"
118596,"[106720, 57643, 24456, 5858, 63419, 100735, 6288, 19456, 80890, 48757]"
118597,"[36754, 56400, 28932, 104650, 7221, 41536, 105838, 3545, 91518, 78595]"
118598,"[67419, 101659, 12113, 27846, 92511, 83986, 84414, 38574, 103467, 82045]"
118599,"[32407, 45361, 91052, 68113, 96147, 79687, 78202, 82931, 68292, 61305]"
118600,"[105642, 95379, 95042, 68528, 6861, 84734, 7141, 47792, 25531, 90251]"
118601,"[58466, 8303, 87492, 19806, 47555, 63185, 20335, 53692, 19649, 55361]"
118602,"[63916, 75165, 16737, 30176, 28588, 75590, 35886, 58247, 5999, 83026]"
118603,"[57402, 42298, 54328, 3636, 89725, 91072, 89184, 79719, 99526, 18641]"
118604,"[90221, 53417, 84914, 77499, 75326, 65140, 21438, 13760, 89922, 74553]"
118605,"[7965, 13105, 26928, 81080, 44295, 3393, 24293, 94745, 25629, 47558]"
118606,"[71404, 63163, 26442, 78107, 12938, 27464, 68566, 65272, 19800, 45697]"
118607,"[26397, 32547, 18254, 38327, 109744, 13775, 87758, 23695, 27479, 106107]"
118608,"[70456, 31613, 37327, 77050, 81054, 48548, 7976, 22526, 68978, 93164]"
118609,"[55334, 84925, 9810, 26346, 99662, 99345, 102116, 2978, 28788, 38698]"
118610,"[37721, 27538, 97129, 51405, 32900, 80666, 85466, 22237, 93115, 65426]"
118611,"[18852, 52206, 30573, 86779, 98749, 72069, 43372, 578, 106348, 48917]"
118612,"[94034, 98727, 7378, 66055, 86667, 29206, 71678, 66559, 102795, 76885]"
118613,"[11375, 63353, 108088, 87064, 85082, 95043, 16546, 15171, 8897, 64540]"
118614,"[40433, 23482, 85567, 80894, 7628, 79065, 77323, 107332, 73818, 88399]"
118615,"[4737, 16709, 22534, 63337, 76741, 76683, 42601, 95425, 109082, 59359]"
118616,"[42359, 43648, 57586, 81940, 43170, 30753, 73607, 58473, 43159, 3572]"
118617,"[104271, 66665, 78610, 30133, 59393, 108383, 106104, 78581, 20864, 109402]"
118618,"[84591, 83999, 31008, 44267, 67576, 70258, 107096, 30248, 95057, 35429]"
118619,"[40041, 62200, 87221, 46016, 9686, 89592, 7550, 3142, 107998, 53089]"
118620,"[50089, 335, 37976, 84307, 93872, 24210, 25741, 34327, 37879, 95853]"
118621,"[59185, 29962, 99634, 79218, 31869, 61675, 40511, 53723, 16421, 68859]"
118622,"[82415, 15885, 51425, 75305, 59008, 62787, 51835, 9444, 52609, 95260]"
118623,"[87385, 48180, 27919, 60406, 39573, 60127, 86122, 63497, 61262, 63810]"
118624,"[14902, 47765, 2145, 99518, 40175, 275, 54570, 70045, 68446, 28330]"
118625,"[90194, 29655, 47543, 94727, 26321, 4665, 24293, 66331, 65901, 100714]"
118626,"[8609, 72682, 104415, 99062, 84217, 91888, 79364, 30658, 105705, 20772]"
118627,"[11929, 74468, 53299, 98959, 19746, 91844, 72760, 11964, 53335, 3065]"
118628,"[46612, 28539, 9287, 33941, 12778, 90629, 6080, 35961, 49593, 11337]"
118629,"[34217, 39944, 28855, 101847, 51299, 104095, 75969, 49711, 69315, 105674]"
118630,"[76502, 69905, 102138, 48402, 13739, 87906, 52566, 78397, 52666, 13271]"
118631,"[48810, 109419, 20239, 100981, 41123, 6803, 69018, 102727, 108040, 61686]"
118632,"[35881, 35964, 2652, 96230, 85425, 9804, 8365, 41338, 85412, 33766]"
118633,"[89977, 107443, 35261, 7769, 38694, 17820, 67352, 28668, 31543, 42881]"
118634,"[99615, 17952, 18308, 81222, 70414, 19372, 36650, 18232, 48834, 10860]"
118635,"[22185, 56703, 62266, 36538, 33097, 25131, 23119, 91284, 64158, 93655]"
118636,"[16588, 16282, 34977, 25133, 14299, 42001, 48002, 30117, 45478, 96064]"
118637,"[48663, 105821, 42045, 94912, 75795, 51465, 80928, 26319, 1958, 78686]"
118638,"[99169, 89040, 27706, 109243, 79554, 50730, 102283, 48197, 31780, 19172]"
118639,"[81513, 108765, 52326, 53016, 18212, 32718, 31659, 78288, 84744, 59500]"
118640,"[64630, 99440, 77771, 85960, 41221, 97208, 49766, 10895, 82970, 71520]"
118641,"[3012, 53355, 107646, 13056, 79610, 90583, 83776, 100915, 40352, 92339]"
118642,"[93648, 84725, 88792, 60841, 45457, 77537, 109216, 83281, 20213, 8861]"
118643,"[72519, 36295, 43936, 56114, 25756, 46776, 57122, 39468, 20273, 13481]"
118644,"[31424, 77405, 69162, 32600, 85344, 27770, 105605, 104675, 88561, 63069]"
118645,"[32082, 101722, 628, 36330, 7252, 31555, 23395, 25777, 287, 18064]"
118646,"[19981, 58064, 47499, 18270, 75296, 14229, 895, 82530, 9064, 77379]"
118647,"[67491, 71618, 100215, 66903, 8741, 63412, 20005, 84945, 26512, 78329]"
118648,"[88377, 86010, 18037, 34757, 3167, 49006, 80519, 72703, 3313, 69749]"
118649,"[54635, 39912, 75786, 82997, 71332, 22111, 34696, 23066, 39944, 31123]"
118650,"[30168, 106641, 58616, 60383, 13019, 16402, 14389, 29228, 4413, 8577]"
118651,"[79569, 65169, 38128, 65161, 44306, 71785, 98931, 87421, 69493, 73014]"
118652,"[34382, 102946, 66043, 66305, 38934, 3257, 945, 30791, 86924, 22942]"
118653,"[23629, 46437, 80714, 59022, 21993, 105936, 90761, 22129, 80392, 64258]"
118654,"[17219, 102218, 43259, 54825, 72863, 99387, 31644, 32022, 69948, 57063]"
118655,"[59723, 37450, 99234, 81073, 103702, 41898, 82926, 74722, 109132, 76881]"
118656,"[87575, 102870, 104081, 6102, 11221, 27766, 52986, 17704, 72929, 17973]"
118657,"[84438, 32754, 75108, 36324, 59305, 92365, 67064, 34820, 67312, 91061]"
118658,"[39062, 73398, 47969, 18486, 59741, 92128, 14081, 48567, 70558, 4943]"
118659,"[28629, 48923, 3824, 79973, 31970, 76562, 86712, 23372, 75438, 13276]"
118660,"[47575, 35132, 69570, 74090, 8851, 106449, 43908, 22486, 53618, 109339]"
118661,"[5783, 70569, 67508, 79335, 87685, 22941, 15515, 92510, 47711, 29153]"
118662,"[105144, 99611, 80454, 88139, 105106, 33492, 53911, 21005, 108941, 88445]"
118663,"[52141, 72277, 76789, 50606, 52147, 13538, 93649, 56104, 46396, 35687]"
118664,"[95801, 68579, 15887, 73574, 77998, 44852, 94275, 67095, 56950, 62325]"
118665,"[40633, 82516, 57684, 99194, 61516, 52493, 64757, 6236, 57388, 84822]"
118666,"[83298, 61519, 23769, 27424, 23411, 46402, 63499, 41525, 68902, 80723]"
118667,"[88076, 69141, 108267, 64681, 16454, 86741, 44267, 94421, 58576, 78713]"
118668,"[66506, 63813, 60438, 87526, 23615, 77058, 19082, 17507, 3848, 68273]"
118669,"[98437, 47911, 70359, 106433, 45416, 75016, 51631, 28447, 63139, 42519]"
118670,"[94047, 15762, 101628, 67269, 61177, 78955, 40636, 74247, 74398, 95078]"
118671,"[48240, 51309, 38533, 74865, 45619, 12276, 99128, 46299, 86977, 90835]"
118672,"[106932, 20041, 91185, 95686, 70547, 66482, 2728, 4447, 35031, 93013]"
118673,"[12014, 64427, 41404, 41708, 8533, 76810, 23980, 42423, 75588, 42747]"
118674,"[52393, 11632, 67296, 53282, 20661, 30531, 54705, 44711, 86870, 25687]"
118675,"[40756, 93730, 4271, 51089, 99650, 72012, 6134, 66290, 38319, 19668]"
118676,"[88952, 4868, 107608, 20770, 74420, 86122, 78492, 11066, 85008, 39573]"
118677,"[75235, 47468, 70221, 23500, 91434, 39790, 37762, 62165, 7658, 79972]"
118678,"[20152, 39584, 63053, 45435, 33357, 59288, 25747, 51950, 20406, 109161]"
118679,"[87216, 59563, 103017, 96538, 17722, 16939, 45558, 3086, 85075, 56551]"
118680,"[3782, 6415, 12483, 82059, 63139, 77969, 98437, 94413, 61318, 27312]"
118681,"[34782, 62446, 81192, 72614, 60939, 50580, 60948, 78867, 58370, 99009]"
118682,"[27818, 44549, 21548, 58791, 15684, 71884, 52215, 65793, 44931, 113]"
118683,"[84701, 2623, 18798, 6059, 55738, 84814, 104256, 37996, 107158, 17395]"
118684,"[72401, 73374, 11364, 100996, 15483, 107907, 73071, 77064, 71221, 67209]"
118685,"[98729, 76424, 18068, 60216, 80972, 25666, 107037, 92793, 11357, 87187]"
118686,"[93721, 96240, 8733, 69524, 66235, 86983, 31439, 59002, 72987, 18255]"
118687,"[78040, 94273, 34864, 59177, 84879, 40152, 66922, 16264, 102873, 72803]"
118688,"[87002, 75687, 1926, 98423, 68963, 37090, 102068, 42040, 107730, 99419]"
118689,"[73490, 53109, 3122, 66494, 41581, 49043, 4852, 101050, 46316, 26432]"
118690,"[57795, 83707, 87877, 60491, 107935, 29893, 98511, 6420, 89630, 42226]"
118691,"[54352, 97144, 83094, 25785, 39703, 4020, 40702, 19595, 6050, 55583]"
118692,"[13177, 62957, 22639, 69186, 68877, 76042, 71045, 97296, 104635, 7800]"
118693,"[91425, 102865, 74270, 65621, 15602, 38861, 28330, 61186, 82797, 94288]"
118694,"[4409, 84152, 25976, 19399, 93729, 16396, 55834, 105558, 32789, 37533]"
118695,"[40986, 75814, 25712, 98984, 40054, 74155, 70160, 47459, 105465, 98054]"
118696,"[77265, 17511, 37413, 9999, 69065, 64028, 92763, 7787, 58023, 105255]"
118697,"[54310, 63206, 95391, 14140, 75127, 1702, 13068, 101836, 98354, 45230]"
118698,"[62569, 8469, 103743, 87968, 74172, 31196, 99121, 33392, 37052, 106732]"
118699,"[44014, 49464, 35542, 35719, 55827, 98565, 63103, 75298, 108202, 77065]"
118700,"[41924, 75143, 9280, 46706, 57098, 5973, 45728, 90081, 28901, 8962]"
118701,"[33114, 53888, 53116, 27288, 107053, 92913, 7975, 72585, 5150, 72342]"
118702,"[64145, 100968, 46098, 79213, 89329, 30967, 5002, 11193, 36350, 70660]"
118703,"[17509, 80030, 108736, 39295, 79001, 18410, 17093, 90612, 102723, 28709]"
118704,"[83456, 95678, 15033, 76859, 59107, 40779, 5580, 21914, 19487, 77833]"
118705,"[28957, 61933, 66909, 101872, 93562, 71402, 93442, 107767, 9423, 10852]"
118706,"[103745, 59800, 21463, 109312, 22467, 100495, 13945, 37401, 102417, 53902]"
118707,"[1094, 66444, 39148, 104828, 94472, 61597, 87301, 47230, 70964, 61744]"
118708,"[15519, 96925, 51266, 29608, 31385, 4714, 29312, 100858, 72453, 63428]"
118709,"[60340, 29510, 83388, 96364, 80008, 84873, 93492, 66687, 41066, 85571]"
118710,"[54740, 26397, 86978, 27479, 56110, 78599, 79501, 80711, 107931, 41818]"
118711,"[81206, 103457, 98839, 13205, 27058, 27903, 45567, 60826, 73084, 38958]"
118712,"[86190, 67978, 36253, 76173, 63067, 94788, 11582, 58880, 71409, 67906]"
118713,"[14182, 63056, 20825, 32014, 103541, 44601, 31662, 63937, 73551, 78698]"
118714,"[54313, 28453, 25062, 101507, 11093, 67243, 53391, 52570, 71223, 29026]"
118715,"[81086, 48412, 96104, 52321, 31499, 100902, 84537, 69240, 32497, 72172]"
118716,"[52330, 41253, 7589, 79498, 83495, 75977, 49372, 40163, 66929, 18990]"
118717,"[59132, 73850, 102228, 62487, 70366, 97821, 1849, 101232, 29435, 85228]"
118718,"[54101, 74566, 87786, 106977, 23579, 34726, 84213, 17903, 100468, 104489]"
118719,"[69029, 74674, 18440, 26098, 94883, 89853, 80623, 7283, 48284, 30771]"
118720,"[4256, 43144, 9146, 9421, 107652, 101719, 62865, 74963, 55291, 39609]"
118721,"[28538, 103851, 24068, 44124, 95629, 101206, 6500, 104141, 32583, 98049]"
118722,"[55640, 13325, 34892, 71772, 101140, 102310, 1822, 69130, 107255, 80100]"
118723,"[32707, 15386, 77411, 45552, 29069, 62889, 109734, 10819, 2751, 81174]"
118724,"[28707, 67523, 87863, 101110, 62632, 22928, 18032, 34169, 51104, 10169]"
118725,"[104870, 101387, 103402, 80537, 98051, 66083, 98205, 51802, 26352, 6352]"
118726,"[13359, 1982, 59836, 55200, 83326, 2249, 7208, 29082, 76565, 105031]"
118727,"[62479, 72798, 35103, 46477, 106025, 96210, 15677, 78187, 49809, 54628]"
118728,"[106841, 10933, 100282, 72756, 11036, 97871, 57951, 17918, 3880, 8604]"
118729,"[68866, 31255, 51542, 69193, 11690, 49594, 76992, 37292, 95896, 38146]"
118730,"[60736, 74762, 87409, 4962, 88901, 43061, 29740, 55974, 44194, 87312]"
118731,"[93813, 37030, 50284, 96274, 65693, 52145, 18003, 51360, 23741, 10734]"
118732,"[88423, 108862, 38685, 49494, 99349, 99124, 23751, 43897, 7235, 30736]"
118733,"[11187, 74583, 89396, 53736, 103194, 97954, 107533, 53330, 34274, 74766]"
118734,"[9372, 88828, 56344, 21189, 91183, 49900, 26379, 107940, 95966, 48045]"
118735,"[81201, 21437, 107443, 69108, 86131, 95674, 88078, 31181, 26155, 64088]"
118736,"[103675, 51181, 2585, 76352, 20584, 26533, 8969, 11987, 17239, 82970]"
118737,"[11846, 94615, 64889, 92131, 36860, 55915, 84164, 55350, 45916, 70143]"
118738,"[40771, 48903, 109050, 47321, 35898, 100100, 9738, 77726, 107069, 57647]"
118739,"[76766, 51639, 77561, 82479, 78279, 37924, 72832, 14099, 44307, 69808]"
118740,"[19657, 72360, 90749, 24356, 89399, 80603, 88224, 83405, 109406, 45335]"
118741,"[4969, 6796, 38336, 74869, 14348, 64565, 8067, 84241, 2544, 72103]"
118742,"[24499, 13509, 11641, 16432, 21132, 21371, 47305, 107401, 65492, 61589]"
118743,"[73621, 52518, 98591, 4363, 63611, 54813, 92461, 50388, 15863, 57469]"
118744,"[13243, 21106, 105541, 18308, 86290, 17438, 24563, 81222, 13326, 48834]"
118745,"[43979, 95423, 48603, 25810, 26414, 10355, 64047, 26949, 8867, 8324]"
118746,"[26739, 55589, 68890, 93907, 4105, 76678, 78002, 30266, 4371, 76069]"
118747,"[15395, 26823, 43890, 60487, 84648, 71355, 70219, 61022, 72724, 41968]"
118748,"[20234, 52490, 53481, 65515, 39517, 108274, 22422, 103144, 107974, 46438]"
118749,"[40763, 87820, 30279, 74929, 50252, 178, 46849, 82686, 21779, 25833]"
118750,"[75795, 82171, 80928, 76947, 51465, 36455, 1517, 105317, 73860, 47858]"
118751,"[45406, 27387, 62481, 109066, 86008, 61943, 33517, 89238, 14696, 3427]"
118752,"[17936, 102630, 44290, 68544, 13463, 64234, 68864, 47089, 36133, 98207]"
118753,"[47177, 44934, 103231, 5233, 54358, 10849, 59995, 48022, 55255, 6218]"
118754,"[66613, 92234, 64252, 15325, 65686, 2910, 76030, 34324, 89931, 44355]"
118755,"[46470, 18051, 89778, 60413, 99229, 84663, 33291, 42325, 109767, 22681]"
118756,"[4935, 21789, 55542, 52621, 56660, 86306, 53305, 66331, 65856, 26321]"
118757,"[4494, 4148, 39847, 21401, 70880, 87622, 29214, 75560, 66354, 75584]"
118758,"[16495, 108500, 76257, 90847, 105903, 28325, 17363, 56616, 62779, 18154]"
118759,"[55763, 17005, 71888, 32057, 3412, 63833, 13389, 81430, 62261, 108670]"
118760,"[49350, 23730, 109744, 99329, 3534, 11331, 76359, 62433, 34539, 74575]"
118761,"[20463, 53302, 62944, 13130, 103407, 66912, 67725, 71760, 58846, 71348]"
118762,"[106564, 40034, 86961, 81416, 39749, 37684, 5073, 85484, 91171, 6316]"
118763,"[104387, 101430, 91630, 54634, 98499, 15660, 57854, 77069, 40753, 50367]"
118764,"[55564, 108652, 7208, 1982, 13359, 4591, 87883, 23263, 20231, 27463]"
118765,"[77923, 86388, 21551, 86672, 87308, 57552, 80330, 45232, 37044, 49201]"
118766,"[74032, 6034, 30890, 44616, 86675, 50810, 56197, 83879, 122, 86659]"
118767,"[105201, 35067, 68032, 85248, 32331, 14681, 56413, 87684, 103772, 70842]"
118768,"[9680, 44869, 103147, 77886, 22586, 56522, 65186, 59707, 31275, 74641]"
118769,"[109715, 41969, 52527, 5141, 31896, 37393, 37200, 97978, 15027, 67239]"
118770,"[58227, 33223, 75748, 99455, 37124, 77198, 16054, 86295, 108942, 80609]"
118771,"[84566, 88848, 71188, 51523, 71649, 67918, 49821, 43110, 61937, 4716]"
118772,"[101089, 55780, 59855, 89460, 55620, 9144, 102272, 54869, 21705, 73671]"
118773,"[87875, 54808, 68865, 94782, 108960, 54551, 76248, 16827, 59444, 61125]"
118774,"[17706, 37973, 20150, 17743, 29838, 98688, 49365, 26923, 102117, 37876]"
118775,"[75500, 33169, 26951, 48040, 22205, 108739, 58120, 51090, 52420, 26345]"
118776,"[70110, 98977, 99958, 70854, 106887, 21854, 59161, 67108, 86809, 31753]"
118777,"[75963, 20904, 98461, 21674, 89455, 36280, 36866, 66150, 99200, 90251]"
118778,"[41682, 8950, 6634, 50496, 93625, 95405, 49773, 72416, 87662, 98684]"
118779,"[54944, 100353, 37424, 32645, 34445, 88273, 7429, 39228, 26120, 31413]"
118780,"[47745, 64650, 44949, 61232, 91508, 100022, 35707, 9307, 7140, 40194]"
118781,"[60992, 60940, 66032, 79314, 30959, 89853, 103648, 73266, 58866, 63462]"
118782,"[17916, 12974, 84189, 20720, 74238, 76421, 24087, 16568, 82644, 91429]"
118783,"[107821, 45833, 48427, 10257, 88214, 50467, 78828, 62723, 90393, 11356]"
118784,"[84612, 54159, 97856, 64648, 95810, 57180, 45726, 27122, 59188, 101930]"
118785,"[107036, 75244, 28064, 1819, 89030, 1582, 15650, 70390, 32830, 83861]"
118786,"[4287, 76685, 89780, 100158, 12555, 26112, 38222, 91738, 24267, 16445]"
118787,"[14915, 39393, 27866, 60934, 64986, 74009, 40359, 96160, 18906, 25092]"
118788,"[30529, 20472, 30455, 48351, 34037, 10772, 49096, 10469, 68601, 85736]"
118789,"[62367, 93698, 89458, 16048, 34524, 88501, 15774, 47329, 45233, 28772]"
118790,"[42469, 35137, 25634, 80408, 92600, 80039, 64219, 92929, 8810, 19953]"
118791,"[33228, 60955, 51775, 70340, 20942, 67496, 3330, 43282, 84577, 106554]"
118792,"[36694, 18871, 12390, 46790, 93847, 28808, 89172, 30226, 101799, 14604]"
118793,"[91271, 28547, 87199, 95196, 98791, 33199, 34175, 247, 18773, 21573]"
118794,"[108228, 29074, 7405, 41258, 36660, 27811, 84251, 12335, 21641, 21992]"
118795,"[18996, 77304, 84172, 37765, 21077, 86, 64057, 29848, 29116, 16839]"
118796,"[59295, 36754, 105838, 28932, 109185, 41536, 24342, 62028, 38970, 39981]"
118797,"[106198, 41883, 90307, 22383, 25179, 12225, 88033, 98208, 53018, 63347]"
118798,"[86282, 19845, 56175, 1795, 38078, 43438, 16866, 41451, 99614, 84044]"
118799,"[95921, 56037, 8986, 22431, 90364, 97156, 25788, 55674, 104688, 81509]"
118800,"[22792, 44129, 19269, 13222, 12621, 35258, 37671, 92824, 35466, 54756]"
118801,"[55686, 58784, 102673, 82369, 16643, 74116, 62068, 5754, 93063, 88852]"
118802,"[42996, 62170, 25878, 76970, 18584, 107109, 50374, 45046, 78130, 80859]"
118803,"[80611, 56227, 4564, 15041, 30949, 103794, 63870, 48935, 27617, 105227]"
118804,"[71863, 54685, 98, 100040, 36587, 3431, 68444, 88699, 71064, 66879]"
118805,"[7611, 84890, 43315, 77924, 40626, 1777, 106960, 51381, 76370, 59268]"
118806,"[99779, 92782, 41477, 3932, 585, 38853, 106085, 68349, 63905, 79308]"
118807,"[86285, 88995, 64954, 67346, 11938, 89954, 34029, 94545, 26188, 64348]"
118808,"[37876, 41593, 50719, 48956, 72814, 37973, 71467, 108647, 38142, 13204]"
118809,"[40439, 107118, 81311, 55065, 104704, 85231, 30318, 84168, 14390, 77750]"
118810,"[91638, 52855, 70584, 96147, 64589, 41607, 3463, 7583, 62396, 6932]"
118811,"[65737, 40542, 38994, 99622, 40899, 45444, 65162, 108221, 75656, 4994]"
118812,"[46178, 67947, 80777, 59115, 97906, 87268, 30092, 29524, 102184, 96488]"
118813,"[94828, 45751, 23076, 36671, 65385, 11258, 81426, 28153, 84293, 59769]"
118814,"[78972, 62835, 34769, 57813, 97006, 92980, 69949, 20180, 38843, 11995]"
118815,"[72936, 73105, 10640, 33505, 74084, 23832, 48026, 102249, 5720, 107694]"
118816,"[107646, 22304, 19949, 29355, 25108, 26807, 87795, 48664, 84410, 44929]"
118817,"[88506, 99067, 57950, 54886, 90167, 108872, 65914, 69300, 72089, 49688]"
118818,"[13779, 104756, 37593, 88894, 38972, 26375, 7084, 67459, 5704, 103155]"
118819,"[69308, 49788, 40462, 33439, 76451, 1172, 1362, 33777, 18527, 43036]"
118820,"[37481, 10076, 24100, 101767, 65937, 61729, 5760, 84155, 25266, 41752]"
118821,"[4879, 86251, 37892, 51252, 104332, 101793, 75861, 77443, 60290, 57626]"
118822,"[34894, 18725, 107983, 49923, 71025, 18950, 75501, 91664, 55957, 105046]"
118823,"[97417, 56927, 19463, 32100, 47234, 14204, 37247, 10005, 109136, 23789]"
118824,"[52216, 98135, 22075, 36241, 2905, 78307, 79667, 95596, 26396, 6446]"
118825,"[33571, 33318, 1332, 100032, 14648, 4846, 77854, 58749, 16729, 49995]"
118826,"[102534, 72683, 20825, 71813, 10276, 34051, 108148, 68520, 104525, 98238]"
118827,"[49966, 8909, 98899, 22271, 65187, 43195, 68078, 99524, 39565, 55559]"
118828,"[22307, 94035, 59682, 51285, 48893, 66220, 79907, 10718, 78917, 54594]"
118829,"[9882, 37797, 26195, 72857, 99231, 3624, 84560, 81351, 26992, 8542]"
118830,"[75303, 47721, 62265, 64094, 96075, 109410, 66032, 51899, 109350, 9908]"
118831,"[79268, 63004, 47642, 20857, 55770, 29136, 4676, 55464, 73923, 30375]"
118832,"[68856, 35868, 15641, 20197, 24204, 55789, 3272, 95725, 41045, 7335]"
118833,"[102573, 11351, 44794, 24922, 90935, 67773, 7850, 8263, 43449, 72772]"
118834,"[11180, 68146, 20304, 19605, 72567, 6939, 86622, 107620, 21639, 69396]"
118835,"[5930, 81327, 70027, 94073, 108632, 67735, 61177, 73732, 103892, 98396]"
118836,"[88078, 44544, 102053, 104634, 81201, 64968, 81511, 107604, 88622, 21437]"
118837,"[61836, 24798, 82630, 4925, 80683, 44602, 37977, 74778, 108013, 49638]"
118838,"[36297, 83838, 75994, 31971, 11722, 61630, 94294, 62650, 84586, 36310]"
118839,"[40718, 107289, 52679, 81771, 96187, 37782, 69346, 16043, 90569, 101662]"
118840,"[34482, 8575, 95818, 49948, 27525, 53136, 58587, 69653, 57663, 102296]"
118841,"[25572, 62977, 64353, 89810, 36356, 102145, 57892, 49857, 1986, 11079]"
118842,"[98067, 6326, 68360, 99276, 62831, 43989, 100418, 100999, 37137, 37579]"
118843,"[74003, 1826, 98453, 2436, 51038, 66384, 60646, 54641, 38589, 37360]"
118844,"[89807, 44125, 99338, 14195, 21819, 40805, 14217, 63930, 68095, 72979]"
118845,"[60021, 11841, 35672, 2130, 56383, 77834, 29698, 47850, 69602, 62852]"
118846,"[100506, 97659, 31785, 15907, 45609, 108278, 36239, 28694, 13990, 81782]"
118847,"[100071, 63536, 93089, 49654, 51984, 38640, 51897, 87370, 93658, 69081]"
118848,"[92063, 59522, 59414, 24637, 77156, 12462, 41590, 95536, 43724, 15567]"
118849,"[68884, 69744, 44658, 83786, 82005, 97945, 81509, 98377, 34030, 74072]"
118850,"[19928, 105143, 83539, 58416, 82576, 95224, 59994, 21237, 81875, 76429]"
118851,"[9802, 64258, 80392, 53115, 31883, 7458, 85327, 72908, 20333, 60618]"
118852,"[26585, 76661, 82072, 25475, 14741, 67019, 91424, 103732, 62367, 46141]"
118853,"[2215, 52705, 41995, 63018, 93464, 14695, 108783, 67796, 51816, 102321]"
118854,"[68023, 67861, 68435, 97162, 61523, 91197, 13114, 29004, 102877, 77120]"
118855,"[98183, 89759, 7433, 38709, 17619, 49785, 77555, 56863, 49042, 17687]"
118856,"[35970, 8088, 90555, 11911, 26841, 68999, 55074, 34307, 83423, 4552]"
118857,"[64430, 57927, 75242, 56817, 79063, 77741, 47283, 104965, 108812, 78264]"
118858,"[71717, 38874, 95614, 54005, 30359, 97613, 91320, 44515, 108104, 108965]"
118859,"[9686, 19993, 58219, 53427, 73711, 33107, 91129, 98923, 100515, 37601]"
118860,"[47839, 99096, 101017, 77404, 49202, 25335, 59743, 100694, 67134, 74262]"
118861,"[52443, 11987, 37724, 85047, 54695, 51181, 2585, 100140, 58610, 27765]"
118862,"[50296, 78575, 96081, 31725, 97788, 98997, 71417, 53825, 46262, 59357]"
118863,"[83920, 54113, 67209, 87149, 78641, 18461, 63464, 58068, 31337, 16288]"
118864,"[64830, 24325, 65583, 33626, 27028, 105571, 28274, 59594, 76158, 16320]"
118865,"[98102, 39361, 3472, 36193, 51029, 82879, 23587, 18917, 54059, 105052]"
118866,"[80346, 94722, 86211, 22438, 59265, 95561, 103023, 36737, 38106, 69716]"
118867,"[72733, 3904, 106618, 78551, 49341, 72076, 21119, 957, 25493, 65688]"
118868,"[32666, 59737, 65230, 74449, 27478, 46831, 61983, 58974, 86015, 66461]"
118869,"[41443, 101444, 63408, 109050, 101948, 65252, 71169, 108504, 64170, 82418]"
118870,"[14095, 10266, 102631, 36403, 22118, 68527, 42364, 81113, 81368, 53855]"
118871,"[29697, 60877, 20794, 51810, 97556, 16052, 52661, 6022, 10071, 28477]"
118872,"[74501, 20883, 55460, 48719, 69392, 13870, 11048, 4775, 106076, 7344]"
118873,"[67857, 97008, 27215, 43568, 76197, 90435, 98467, 81889, 74560, 9274]"
118874,"[2385, 15364, 39797, 26263, 27123, 64705, 82919, 86158, 103494, 56098]"
118875,"[83463, 87224, 22505, 41062, 695, 93917, 69184, 269, 90719, 68468]"
118876,"[9665, 13605, 67677, 21943, 67597, 103253, 59105, 16235, 40604, 93061]"
118877,"[55765, 88775, 16993, 90621, 101147, 7731, 93366, 99576, 83620, 42505]"
118878,"[29374, 75772, 8045, 3284, 50093, 103926, 47752, 82320, 1310, 26765]"
118879,"[66095, 48787, 26984, 18824, 109111, 81722, 43650, 38699, 102783, 90164]"
118880,"[72859, 45426, 101069, 60220, 23163, 102111, 58883, 57639, 99208, 19164]"
118881,"[56987, 87355, 78292, 95376, 20564, 75057, 47818, 16907, 89187, 51845]"
118882,"[39111, 83495, 97992, 71979, 33302, 17630, 33427, 21513, 68251, 81365]"
118883,"[104728, 96158, 50593, 53833, 37369, 6923, 79995, 66616, 11617, 32329]"
118884,"[68790, 64282, 53165, 33077, 33372, 16157, 69538, 66795, 14257, 107924]"
118885,"[84542, 71121, 33375, 84659, 11037, 100850, 64390, 79087, 83377, 83195]"
118886,"[7200, 69591, 30179, 99321, 97749, 27414, 84984, 36518, 78032, 77716]"
118887,"[92805, 52739, 89748, 17156, 101171, 43943, 33277, 48360, 94538, 90438]"
118888,"[102217, 105420, 61577, 42735, 2099, 77272, 10300, 30530, 64943, 48868]"
118889,"[93401, 91090, 26169, 95956, 85405, 40361, 25322, 74859, 26651, 10389]"
118890,"[15989, 84772, 9980, 61513, 28796, 76469, 25972, 45611, 17954, 72251]"
118891,"[91331, 69772, 104570, 38884, 43000, 70382, 36304, 87959, 76545, 47905]"
118892,"[10254, 46062, 64306, 86972, 40914, 25875, 102546, 29207, 99809, 58091]"
118893,"[96090, 55112, 61526, 106960, 40408, 72475, 2734, 18005, 48106, 64482]"
118894,"[89279, 10505, 93863, 13280, 12548, 86444, 87102, 96994, 104215, 90608]"
118895,"[34803, 57660, 98373, 49406, 82835, 85389, 77117, 50264, 92018, 91484]"
118896,"[10355, 70001, 3986, 26414, 60603, 545, 713, 94144, 27997, 11217]"
118897,"[100607, 71474, 101013, 11609, 75350, 40619, 105525, 65291, 68236, 31632]"
118898,"[38690, 33174, 99987, 21607, 75136, 90394, 104585, 80284, 100825, 71034]"
118899,"[72629, 5702, 30523, 79113, 56133, 32765, 105261, 67975, 9098, 103416]"
118900,"[10606, 68875, 6778, 94616, 78104, 48393, 80727, 62208, 86148, 41310]"
118901,"[78285, 103583, 35701, 59754, 313, 96967, 49617, 108044, 32494, 7985]"
118902,"[100575, 10329, 13716, 11032, 67161, 104392, 13399, 101889, 50, 92642]"
118903,"[99466, 51541, 29890, 20243, 88906, 105907, 30995, 11371, 45980, 32066]"
118904,"[38405, 79534, 82642, 107549, 103409, 52976, 103257, 100094, 38983, 19271]"
118905,"[84765, 10217, 43517, 8340, 74779, 101488, 14699, 52329, 22279, 90345]"
118906,"[61493, 19441, 4738, 100354, 3102, 66417, 44311, 93965, 96503, 102631]"
118907,"[82092, 18602, 27219, 36155, 56803, 74740, 88167, 40294, 31770, 23101]"
118908,"[15944, 70909, 59356, 47178, 104995, 18251, 52085, 75594, 10338, 62817]"
118909,"[91224, 68803, 18133, 82137, 30228, 76807, 73240, 28541, 101866, 1494]"
118910,"[50423, 12293, 72377, 34524, 4367, 105425, 11244, 20761, 49349, 12387]"
118911,"[97219, 77428, 21162, 70040, 107161, 97520, 78781, 5943, 61039, 38018]"
118912,"[68316, 12049, 77902, 99190, 28193, 70277, 69706, 56640, 84853, 3817]"
118913,"[6830, 4686, 96252, 77383, 19500, 18873, 41780, 72249, 56767, 98083]"
118914,"[53087, 41721, 46078, 58055, 79730, 23419, 22831, 48505, 102928, 33621]"
118915,"[94601, 60335, 45271, 100824, 85468, 45624, 2499, 3267, 33709, 65889]"
118916,"[26606, 23501, 88894, 42249, 50780, 33854, 58731, 90954, 27664, 28852]"
118917,"[49305, 91809, 60986, 18735, 104803, 14081, 21795, 89785, 42062, 108138]"
118918,"[23887, 82276, 38817, 97010, 94498, 44515, 6830, 4686, 13936, 35757]"
118919,"[19141, 49376, 7693, 72814, 79644, 41594, 60736, 90385, 55809, 68802]"
118920,"[75175, 88830, 75271, 54235, 109250, 60076, 84988, 59261, 98039, 44461]"
118921,"[301, 72418, 20001, 63637, 109749, 90506, 19970, 103695, 69239, 96113]"
118922,"[93208, 35652, 38143, 17024, 14364, 34398, 91415, 38085, 68466, 35345]"
118923,"[69211, 82468, 67770, 11397, 84935, 28212, 78522, 38126, 24397, 46318]"
118924,"[15178, 82824, 8425, 74699, 64426, 99131, 40135, 43342, 108894, 38836]"
118925,"[34149, 43713, 98023, 1081, 11003, 71325, 23808, 59997, 88102, 7699]"
118926,"[19184, 8613, 92150, 65336, 80913, 64199, 8440, 58589, 56565, 70796]"
118927,"[109460, 42833, 102006, 82332, 52412, 52163, 59506, 91759, 94117, 78509]"
118928,"[84820, 13246, 33386, 88145, 10492, 41297, 45551, 3099, 87292, 99701]"
118929,"[31813, 87745, 101508, 35994, 34802, 30783, 25175, 37727, 45302, 52280]"
118930,"[5252, 74383, 68770, 44796, 71524, 98175, 294, 100152, 67433, 65774]"
118931,"[13300, 95391, 105918, 41432, 39512, 26310, 62394, 53213, 89304, 19970]"
118932,"[28145, 33176, 18205, 13638, 23960, 47174, 54807, 11762, 6190, 79846]"
118933,"[2321, 62196, 72417, 42266, 2264, 66296, 7943, 34232, 38654, 30703]"
118934,"[108844, 495, 30901, 74920, 24973, 12143, 90088, 7074, 24854, 35399]"
118935,"[4890, 92133, 68875, 94565, 64208, 27434, 90489, 58565, 45777, 30562]"
118936,"[2034, 56243, 16951, 10169, 76792, 104753, 21306, 28707, 60019, 96096]"
118937,"[10177, 97765, 37561, 40743, 67795, 63373, 70653, 95987, 71252, 32633]"
118938,"[22969, 95272, 23235, 108262, 56073, 26558, 71151, 91751, 8369, 14484]"
118939,"[3351, 77957, 94288, 38861, 28330, 82797, 5508, 18072, 28593, 14961]"
118940,"[93010, 44803, 24302, 103544, 6708, 27266, 8338, 103841, 94441, 88802]"
118941,"[104473, 82083, 58954, 56462, 76577, 9852, 68253, 65881, 4593, 46541]"
118942,"[99039, 77869, 16819, 77367, 100941, 43552, 29538, 27050, 71081, 41047]"
118943,"[89782, 35226, 94730, 95788, 45577, 15498, 23215, 22783, 90477, 10377]"
118944,"[91298, 5465, 93013, 97696, 61765, 26628, 108257, 37142, 92578, 54639]"
118945,"[22688, 36649, 76388, 78303, 97255, 99366, 21348, 68789, 72539, 70512]"
118946,"[63380, 109131, 35772, 44003, 44208, 74763, 68630, 86293, 45486, 100796]"
118947,"[57096, 76334, 30866, 45596, 40445, 105441, 11104, 88428, 62711, 57905]"
118948,"[57861, 68128, 73878, 15509, 102625, 108627, 56936, 107947, 96468, 21645]"
118949,"[107776, 103201, 20510, 75567, 90699, 40107, 66333, 58059, 2465, 71627]"
118950,"[31530, 239, 63856, 18143, 16754, 68214, 57212, 103270, 102057, 11804]"
118951,"[19463, 19847, 14204, 37247, 52975, 35039, 36532, 62549, 34866, 97417]"
118952,"[27495, 69127, 108372, 81656, 71523, 85018, 101890, 99839, 22579, 36669]"
118953,"[59957, 8181, 3775, 10204, 43119, 48017, 79277, 94144, 55385, 53574]"
118954,"[24262, 27048, 35478, 59194, 2453, 108408, 11589, 43311, 1391, 32339]"
118955,"[39056, 54606, 96547, 53615, 61131, 85851, 78400, 93547, 66428, 28792]"
118956,"[21931, 72258, 74056, 54704, 27345, 27382, 34754, 48684, 102803, 47003]"
118957,"[48737, 85285, 88618, 17964, 30403, 38934, 20422, 86924, 54574, 86999]"
118958,"[72847, 642, 70961, 99846, 105504, 69729, 79632, 77288, 84861, 2244]"
118959,"[27660, 81414, 10060, 91096, 103309, 88035, 92164, 54091, 87375, 77673]"
118960,"[72734, 83778, 42368, 73066, 24069, 21528, 32247, 96018, 80562, 54990]"
118961,"[17890, 67477, 58987, 74192, 13842, 83406, 21198, 80559, 69776, 86723]"
118962,"[23645, 7062, 25649, 77054, 35737, 11689, 70183, 46979, 40704, 27195]"
118963,"[48650, 71544, 76165, 87757, 101052, 99636, 81199, 48365, 40860, 91035]"
118964,"[95610, 21498, 92421, 91820, 8982, 71095, 87853, 43399, 104614, 83155]"
118965,"[36974, 62290, 34676, 73329, 83050, 97747, 18836, 59203, 38237, 8322]"
118966,"[20670, 25952, 97530, 67673, 35465, 73301, 11199, 89590, 25069, 85882]"
118967,"[57430, 85561, 13244, 33477, 27598, 81407, 27405, 15920, 92997, 10840]"
118968,"[471, 48306, 105112, 100040, 21563, 25967, 66879, 58649, 24844, 63349]"
118969,"[52964, 61719, 60416, 61257, 82986, 80903, 13009, 14720, 23309, 39499]"
118970,"[55967, 77610, 35021, 69974, 2003, 79590, 61966, 58573, 13685, 61364]"
118971,"[79051, 95915, 5195, 103033, 89398, 76577, 27961, 99338, 94970, 60078]"
118972,"[23120, 58269, 55125, 108432, 99022, 63664, 109519, 50317, 5096, 88366]"
118973,"[93511, 96329, 89569, 77257, 38592, 14498, 18809, 15458, 94672, 89229]"
118974,"[2758, 59729, 70613, 11329, 35401, 45068, 104285, 28888, 28954, 59343]"
118975,"[80648, 42942, 58039, 106085, 90072, 68663, 40190, 300, 30539, 79937]"
118976,"[72782, 91461, 60572, 80868, 47877, 67121, 57714, 49967, 29208, 56036]"
118977,"[107579, 24074, 92393, 18290, 103987, 1710, 60545, 21582, 22599, 73691]"
118978,"[54063, 56944, 16948, 32843, 14762, 9594, 27344, 34316, 79999, 44667]"
118979,"[18250, 76554, 15743, 41661, 108698, 95704, 72325, 53653, 5313, 777]"
118980,"[30206, 109334, 57696, 92435, 26064, 77187, 44628, 35819, 42646, 38494]"
118981,"[96, 47603, 38225, 43812, 20545, 39031, 78703, 12768, 45448, 83038]"
118982,"[86515, 74487, 47284, 77026, 94093, 102603, 74233, 90556, 108921, 95912]"
118983,"[34707, 79488, 56592, 35889, 53553, 49275, 73452, 51829, 104817, 37164]"
118984,"[89531, 68083, 74820, 64044, 9597, 29286, 34541, 31402, 84241, 15074]"
118985,"[62689, 76538, 45970, 98433, 104888, 97034, 108932, 48668, 2012, 75273]"
118986,"[82194, 61454, 98098, 76234, 71570, 68274, 101744, 104995, 68214, 13418]"
118987,"[61130, 77340, 65886, 60254, 31609, 14180, 61448, 27760, 69288, 92269]"
118988,"[52527, 45539, 47863, 60204, 95086, 41969, 33888, 23034, 74134, 49511]"
118989,"[43382, 77912, 12333, 78802, 102674, 104405, 102736, 41139, 32371, 35701]"
118990,"[40199, 74331, 62400, 104078, 71641, 89025, 38547, 60680, 58147, 104216]"
118991,"[72453, 89538, 56058, 4809, 4714, 73598, 15247, 16204, 18194, 97621]"
118992,"[25917, 36164, 30353, 100751, 55066, 39184, 82256, 89385, 7507, 26292]"
118993,"[69424, 38223, 16538, 31688, 29780, 13289, 22562, 12554, 2709, 87553]"
118994,"[52866, 108902, 76600, 54840, 25283, 37199, 278, 27831, 39583, 97338]"
118995,"[27972, 102443, 9028, 19507, 23652, 38632, 41438, 10336, 82635, 81521]"
118996,"[27599, 38336, 64565, 15042, 84241, 88058, 86631, 20673, 4969, 6796]"
118997,"[19527, 93424, 30442, 91572, 22515, 38999, 71466, 48040, 22205, 77895]"
118998,"[845, 89418, 47508, 97523, 8661, 24843, 54244, 101682, 26315, 74236]"
118999,"[99009, 31887, 32467, 27525, 72614, 15061, 62110, 15963, 7828, 62446]"
119000,"[89212, 85534, 38774, 40603, 62609, 66166, 85129, 105935, 50372, 73159]"
119001,"[106494, 39111, 83495, 79498, 64356, 92049, 91588, 97609, 75977, 88782]"
119002,"[109400, 41169, 34934, 61550, 61599, 22306, 72636, 63793, 25615, 89542]"
119003,"[87090, 9145, 30474, 106476, 100274, 73771, 45208, 18166, 98379, 39866]"
119004,"[49102, 11427, 59459, 7946, 64502, 22962, 56109, 27686, 15845, 9615]"
119005,"[33495, 16278, 57570, 97884, 30599, 41687, 29567, 44292, 73515, 25746]"
119006,"[81075, 65844, 31723, 104802, 54140, 84802, 39166, 88696, 100362, 72927]"
119007,"[15372, 61969, 82889, 81313, 68659, 96152, 10678, 53059, 28075, 54716]"
119008,"[46870, 33120, 62363, 99470, 33558, 87492, 13814, 18125, 78133, 51191]"
119009,"[85130, 105509, 66616, 16789, 53542, 37732, 92273, 12515, 2766, 64892]"
119010,"[36969, 2544, 36265, 101593, 108889, 5184, 108505, 64565, 79474, 74673]"
119011,"[47961, 107247, 97889, 93629, 89711, 69837, 47441, 27157, 24801, 88085]"
119012,"[38709, 10101, 32728, 75690, 50584, 108161, 85939, 82995, 66789, 17739]"
119013,"[36960, 24010, 13992, 23765, 34100, 60306, 47495, 98516, 51991, 29684]"
119014,"[60748, 1178, 69967, 4140, 44072, 14464, 9178, 72326, 3826, 107560]"
119015,"[79047, 87807, 68417, 9795, 30121, 7505, 72615, 48326, 68780, 36178]"
119016,"[65867, 81393, 80564, 45305, 18626, 8410, 33629, 88736, 27916, 30703]"
119017,"[78958, 36814, 12800, 15261, 28026, 28738, 2990, 102317, 106211, 3714]"
119018,"[66584, 72569, 43798, 8103, 105406, 37702, 97259, 44233, 105591, 65037]"
119019,"[22300, 93168, 95727, 102326, 82394, 72697, 74117, 61740, 53740, 65201]"
119020,"[52696, 71476, 72899, 50060, 1239, 99263, 68178, 59076, 2300, 91360]"
119021,"[52653, 48274, 98193, 82374, 88775, 46816, 20327, 56933, 50475, 108247]"
119022,"[12435, 23634, 70215, 68346, 37768, 36662, 66971, 77535, 37193, 90367]"
119023,"[45114, 40044, 14846, 37278, 67960, 93947, 5821, 71634, 31427, 95800]"
119024,"[96083, 26339, 20864, 46461, 2025, 63979, 48843, 48273, 8126, 94800]"
119025,"[5062, 34083, 4852, 35192, 32585, 46302, 52148, 35124, 19534, 49043]"
119026,"[15122, 71208, 58926, 102756, 2958, 60243, 104359, 28773, 99739, 66594]"
119027,"[93889, 71544, 26739, 3077, 61977, 75707, 88798, 42496, 76165, 78633]"
119028,"[75634, 52495, 101389, 58024, 39339, 92779, 23981, 109473, 12875, 91635]"
119029,"[69622, 9190, 57255, 36979, 47704, 249, 89895, 61700, 22284, 95471]"
119030,"[79125, 103161, 89827, 65680, 69295, 20405, 62213, 42654, 40447, 58827]"
119031,"[77654, 89048, 63789, 36622, 6639, 60808, 79889, 96892, 13854, 747]"
119032,"[58842, 99615, 63892, 29989, 8936, 93319, 8249, 18308, 10860, 12805]"
119033,"[29124, 21815, 103538, 72720, 67412, 75540, 93672, 40521, 66423, 67473]"
119034,"[91448, 58972, 86909, 21947, 25418, 99714, 4952, 61149, 17384, 46315]"
119035,"[95897, 10491, 29498, 47411, 714, 17290, 63340, 4209, 44395, 11345]"
119036,"[49038, 5867, 72952, 7866, 47916, 51473, 39591, 20853, 73369, 26724]"
119037,"[4504, 93645, 68987, 30341, 52152, 34647, 105051, 12976, 15514, 5953]"
119038,"[96608, 15915, 31384, 85157, 2450, 33510, 5101, 6068, 92775, 88414]"
119039,"[14837, 5226, 98080, 106220, 734, 107169, 96099, 69482, 32983, 24668]"
119040,"[10531, 74678, 81933, 50672, 31345, 8483, 78862, 59886, 23008, 4374]"
119041,"[1238, 103110, 10710, 105651, 46021, 100872, 12593, 45766, 8690, 91897]"
119042,"[39753, 101511, 98295, 30664, 46203, 51612, 12497, 101634, 85203, 105097]"
119043,"[11432, 100090, 24157, 74268, 46467, 94926, 71406, 47411, 34423, 37708]"
119044,"[1353, 22168, 44276, 46093, 75983, 85733, 21358, 63141, 75955, 87251]"
119045,"[31423, 87394, 22848, 72950, 44900, 77744, 94818, 89157, 41196, 11232]"
119046,"[92401, 83078, 76445, 3889, 46488, 99386, 54893, 105325, 102105, 40405]"
119047,"[26483, 92056, 40393, 74051, 20578, 50905, 107065, 40115, 51887, 102708]"
119048,"[41675, 106005, 46422, 22775, 3645, 77371, 96047, 102788, 18515, 52109]"
119049,"[108709, 33560, 73509, 103593, 52235, 54659, 82828, 95371, 41351, 59578]"
119050,"[38327, 44734, 16311, 109744, 3534, 39789, 87979, 30218, 33414, 11331]"
119051,"[64283, 91275, 2483, 56149, 4767, 78062, 52331, 75589, 94992, 28992]"
119052,"[35929, 6978, 62102, 63394, 98361, 40805, 94390, 30212, 73059, 40440]"
119053,"[36599, 28332, 74081, 69699, 54338, 79981, 32523, 109681, 20788, 41815]"
119054,"[65318, 52175, 23176, 28605, 39327, 39992, 54554, 49428, 10623, 92733]"
119055,"[66777, 90500, 47314, 56652, 18024, 61229, 89161, 74262, 76146, 35690]"
119056,"[5902, 38553, 57314, 96191, 34102, 93816, 89603, 10378, 79329, 95138]"
119057,"[80760, 102937, 10906, 16068, 109289, 12935, 98251, 71995, 82293, 106617]"
119058,"[69611, 107077, 49297, 40774, 26528, 25378, 36842, 22632, 80982, 98099]"
119059,"[45474, 31317, 90597, 91286, 69945, 38866, 89869, 20006, 101669, 82873]"
119060,"[73307, 28682, 106028, 93216, 19100, 33450, 47960, 107780, 99062, 101303]"
119061,"[70351, 101755, 69988, 33945, 58782, 63489, 58319, 54323, 904, 75627]"
119062,"[82141, 43280, 54246, 5983, 36594, 17580, 61074, 104660, 47458, 44706]"
119063,"[15522, 77978, 23922, 58143, 97493, 104201, 22673, 33549, 74661, 78971]"
119064,"[2103, 11254, 5513, 47589, 16504, 23066, 91324, 48147, 16786, 98042]"
119065,"[49499, 2169, 58860, 85246, 99882, 39133, 43414, 97082, 38420, 9307]"
119066,"[29865, 53735, 83143, 5837, 74727, 33912, 57025, 49806, 58427, 44142]"
119067,"[71241, 40122, 53458, 43938, 24326, 33636, 107170, 38689, 36913, 17114]"
119068,"[63929, 60032, 78962, 23217, 18476, 75056, 18850, 78861, 56514, 97175]"
119069,"[59843, 19238, 68813, 3616, 23986, 61883, 1934, 41087, 84649, 6743]"
119070,"[94058, 82298, 72744, 57048, 101536, 38825, 16047, 45442, 70069, 1365]"
119071,"[71666, 71313, 83205, 22805, 85032, 51945, 5476, 74904, 38503, 44972]"
119072,"[81709, 94073, 39533, 25007, 79615, 22316, 34625, 56090, 83912, 69027]"
119073,"[9112, 47150, 4542, 78627, 53712, 89216, 72066, 5260, 92647, 76164]"
119074,"[96420, 34836, 67510, 49626, 62931, 103285, 35581, 83064, 78999, 8009]"
119075,"[99377, 1253, 21290, 38954, 69562, 41994, 4, 16528, 102798, 53316]"
119076,"[86742, 89069, 103153, 38748, 46785, 86759, 35474, 53373, 81084, 68446]"
119077,"[83703, 52667, 50529, 42205, 86963, 100193, 33412, 46570, 22248, 107940]"
119078,"[101292, 99874, 22513, 82957, 54962, 72321, 99066, 73461, 10159, 33576]"
119079,"[47403, 43300, 36081, 56042, 93767, 879, 49660, 77434, 5027, 70411]"
119080,"[28498, 92186, 62201, 39180, 78615, 75428, 17414, 78653, 25812, 90653]"
119081,"[6126, 30267, 5730, 31628, 102936, 60479, 15871, 56605, 13970, 72233]"
119082,"[100507, 41104, 32418, 81188, 50129, 61100, 79720, 4589, 95845, 64896]"
119083,"[22891, 96697, 59901, 22434, 103285, 1403, 67026, 40420, 46436, 24469]"
119084,"[58455, 3293, 109306, 108375, 80197, 2994, 45261, 49930, 91305, 10775]"
119085,"[27541, 88184, 96800, 26039, 42108, 22987, 46140, 52202, 28308, 84428]"
119086,"[86256, 38064, 51156, 54737, 57769, 90907, 100107, 52337, 101651, 106553]"
119087,"[98602, 63005, 91683, 31444, 86806, 53884, 10713, 1823, 2942, 51507]"
119088,"[108046, 99673, 42174, 17349, 29719, 56520, 8831, 7288, 98600, 101445]"
119089,"[2697, 31730, 77863, 72017, 9509, 10709, 79198, 82423, 6184, 88875]"
119090,"[85514, 102924, 92502, 104110, 41892, 53807, 94937, 43745, 12117, 32175]"
119091,"[65717, 21137, 68550, 53863, 109390, 81586, 94241, 28127, 17861, 76289]"
119092,"[92834, 97393, 93605, 99411, 10774, 95124, 1362, 49014, 52176, 99221]"
119093,"[30370, 34092, 67651, 101261, 9390, 55969, 91139, 20943, 15758, 107173]"
119094,"[6229, 100788, 94550, 106019, 86578, 61133, 103172, 75224, 85963, 41053]"
119095,"[16307, 47012, 14760, 51859, 67788, 83887, 62408, 43819, 31400, 17011]"
119096,"[85562, 29546, 60777, 5984, 23958, 27189, 68160, 29336, 50615, 90240]"
119097,"[12775, 104368, 96492, 50372, 23126, 104416, 60354, 89212, 27309, 85534]"
119098,"[95742, 89199, 39711, 59286, 96332, 15714, 103017, 17722, 96538, 14590]"
119099,"[43122, 95318, 51523, 88848, 92040, 18491, 99867, 49821, 81033, 102142]"
119100,"[22158, 3940, 12592, 88620, 88909, 30092, 95511, 104146, 36180, 34710]"
119101,"[84218, 10555, 77517, 78159, 20881, 77273, 89330, 56841, 68352, 60167]"
119102,"[78415, 55895, 45558, 23653, 79136, 9857, 2830, 51385, 58595, 72356]"
119103,"[33743, 90400, 17620, 75610, 53125, 41124, 32106, 46144, 22626, 26358]"
119104,"[85192, 7264, 10989, 22705, 5217, 32971, 72575, 35917, 53280, 56169]"
119105,"[50897, 49382, 79702, 7182, 65219, 30960, 9961, 49825, 6042, 51241]"
119106,"[67081, 75437, 57135, 25713, 51710, 8222, 36533, 90519, 74485, 50271]"
119107,"[64445, 19915, 64934, 86752, 54218, 7798, 46603, 85254, 102096, 39047]"
119108,"[18944, 42680, 30485, 98206, 81458, 100581, 59389, 2978, 106907, 89932]"
119109,"[21005, 109579, 80454, 105144, 28889, 54118, 62583, 107121, 105106, 38279]"
119110,"[38966, 94116, 53748, 75226, 11887, 79345, 31739, 73547, 36552, 83627]"
119111,"[71581, 13179, 66387, 7954, 39691, 61448, 60230, 76789, 78445, 106256]"
119112,"[105563, 75912, 68126, 48678, 22622, 27448, 26528, 37168, 399, 98742]"
119113,"[76433, 69111, 24473, 101315, 1259, 18286, 83665, 2228, 34961, 26487]"
119114,"[104449, 17068, 103771, 107181, 79713, 85533, 423, 76601, 109456, 56978]"
119115,"[21352, 36959, 77672, 105886, 106906, 87160, 94943, 55536, 88245, 4555]"
119116,"[4187, 44606, 47321, 77726, 84828, 66716, 59230, 109652, 38765, 15297]"
119117,"[90118, 96663, 107460, 77285, 55127, 98847, 74953, 60723, 27267, 99454]"
119118,"[46766, 3515, 55842, 31409, 98714, 57947, 65687, 78225, 78570, 49353]"
119119,"[32417, 24175, 68563, 41117, 67761, 42314, 54143, 15812, 53959, 36548]"
119120,"[59369, 74633, 35897, 3582, 95905, 51095, 107858, 3380, 91053, 82567]"
119121,"[8832, 97110, 39937, 42311, 40309, 55082, 45512, 31182, 14277, 55675]"
119122,"[23222, 39131, 98532, 26692, 21820, 3135, 11468, 291, 55618, 52883]"
119123,"[109067, 108061, 60564, 99963, 92416, 21915, 43305, 63550, 12265, 39341]"
119124,"[41282, 49378, 106580, 95607, 66646, 100758, 108042, 3399, 17313, 109712]"
119125,"[84127, 91824, 22868, 7183, 37358, 98217, 10655, 56649, 31360, 90213]"
119126,"[85274, 66263, 98386, 3083, 76061, 7273, 64382, 37142, 63543, 104025]"
119127,"[2209, 4472, 2198, 11223, 55108, 7542, 7635, 8189, 12876, 27854]"
119128,"[5688, 109768, 31094, 42178, 83297, 86883, 109367, 85415, 63956, 21780]"
119129,"[106203, 91767, 87045, 8456, 61936, 68420, 26835, 64497, 107051, 39589]"
119130,"[16563, 51050, 37452, 69020, 81109, 14466, 87732, 49866, 80881, 97941]"
119131,"[46682, 62496, 84576, 107510, 82661, 27526, 4856, 9232, 24518, 2438]"
119132,"[44393, 88106, 63612, 38438, 99922, 25614, 15100, 5606, 96380, 37427]"
119133,"[25240, 52458, 88589, 32472, 67293, 31551, 80021, 104778, 34580, 77424]"
119134,"[87833, 93888, 95927, 5071, 46850, 3852, 66521, 6520, 73569, 21568]"
119135,"[56171, 4477, 7424, 66941, 85363, 92937, 76519, 8798, 1257, 80792]"
119136,"[37101, 33553, 63147, 12905, 66110, 1280, 64125, 106289, 63358, 63060]"
119137,"[83369, 10137, 9250, 88950, 10828, 26328, 94862, 46952, 108402, 89131]"
119138,"[14480, 20491, 8676, 106859, 25224, 5441, 9714, 49495, 95072, 96903]"
119139,"[33357, 13588, 51950, 25747, 91899, 37647, 36516, 91006, 75672, 66132]"
119140,"[89481, 52741, 107691, 24866, 13813, 59902, 82059, 101504, 47484, 70100]"
119141,"[82783, 87330, 14035, 30378, 8631, 4198, 80169, 78926, 18271, 8288]"
119142,"[18464, 43419, 90656, 37035, 92998, 74299, 42008, 23547, 63234, 8319]"
119143,"[52400, 94395, 83913, 24899, 33612, 37926, 64807, 107946, 1665, 50826]"
119144,"[6966, 26128, 12933, 40794, 78890, 88163, 37055, 101200, 73625, 34733]"
119145,"[10291, 104102, 59126, 18071, 10270, 50057, 104721, 45978, 67915, 35818]"
119146,"[108057, 7775, 16698, 10780, 48376, 17598, 74753, 88017, 1200, 909]"
119147,"[74931, 60712, 12309, 25899, 52849, 31637, 105370, 28629, 48617, 33058]"
119148,"[83519, 96274, 20495, 106995, 23741, 23919, 74544, 37030, 50678, 45375]"
119149,"[91302, 38430, 28806, 6509, 21029, 97116, 72074, 31703, 7204, 105309]"
119150,"[49561, 66658, 74723, 12998, 32140, 67303, 83402, 97344, 99908, 74127]"
119151,"[45734, 73440, 69662, 101680, 1553, 101590, 71899, 57253, 36019, 51234]"
119152,"[16811, 25263, 20967, 42361, 99545, 83509, 29584, 88087, 78442, 39103]"
119153,"[14183, 23690, 66629, 23860, 108187, 33404, 20411, 96187, 69643, 70246]"
119154,"[36911, 18032, 75962, 73508, 99896, 75051, 44907, 86964, 2487, 109419]"
119155,"[1729, 6881, 92962, 48861, 88814, 66546, 11002, 100919, 68109, 106809]"
119156,"[48041, 47630, 29387, 58753, 43626, 43608, 97872, 34292, 80574, 19228]"
119157,"[67488, 37758, 87007, 33777, 72856, 49788, 31640, 56420, 83189, 105384]"
119158,"[70934, 54559, 64556, 38656, 53570, 64444, 28959, 8573, 19210, 52755]"
119159,"[44925, 42247, 44923, 108567, 35696, 68893, 44192, 40592, 51486, 83895]"
119160,"[28181, 94566, 30557, 55118, 109582, 3471, 70897, 1747, 15290, 47474]"
119161,"[8914, 23308, 6290, 12289, 80473, 52249, 24452, 86027, 85640, 17949]"
119162,"[68784, 28126, 75877, 35240, 42309, 7683, 89836, 106806, 38594, 55431]"
119163,"[18156, 40248, 93968, 102950, 86968, 55930, 50086, 28940, 26382, 40646]"
119164,"[79205, 89362, 20117, 42095, 7967, 28250, 98445, 51273, 47990, 106578]"
119165,"[68760, 60141, 19956, 8085, 41972, 72840, 25847, 37850, 73959, 77788]"
119166,"[55565, 72518, 66472, 47238, 16484, 69435, 97168, 50391, 45597, 81247]"
119167,"[107788, 24501, 71027, 80396, 103690, 23358, 38331, 23045, 96730, 35541]"
119168,"[98036, 106875, 85167, 24284, 77615, 36685, 40591, 95469, 85523, 21183]"
119169,"[15809, 65967, 96493, 80503, 50052, 28440, 75951, 69503, 97406, 40542]"
119170,"[78145, 97769, 28491, 70544, 35953, 5514, 22298, 39378, 2484, 16367]"
119171,"[55254, 56239, 22377, 3332, 42320, 25824, 57785, 2395, 85922, 7335]"
119172,"[43179, 6431, 86009, 74094, 101035, 102168, 92394, 91331, 87338, 7970]"
119173,"[46290, 90385, 55809, 52051, 9344, 89848, 15738, 94793, 19141, 104302]"
119174,"[92376, 59933, 16335, 1577, 45124, 67234, 44718, 20710, 25703, 16268]"
119175,"[96544, 106485, 10772, 85114, 31569, 108157, 12617, 83883, 72341, 43986]"
119176,"[23025, 39014, 19297, 104168, 41720, 16298, 67175, 83955, 61205, 4997]"
119177,"[70583, 105164, 95603, 7645, 40050, 33620, 84412, 53030, 19478, 52069]"
119178,"[41797, 87250, 51675, 7038, 76129, 91399, 65810, 81533, 23437, 100628]"
119179,"[80898, 46739, 76580, 25396, 65822, 39732, 29955, 87931, 87362, 108]"
119180,"[84992, 5172, 103424, 77241, 58688, 18459, 50451, 47937, 22317, 78842]"
119181,"[83384, 8210, 109080, 61893, 61121, 45080, 25457, 93187, 14407, 68971]"
119182,"[26336, 57063, 79641, 105148, 94551, 103053, 91044, 24671, 88086, 37844]"
119183,"[50002, 34929, 95802, 83590, 5250, 61941, 44238, 26135, 2333, 3750]"
119184,"[98809, 2956, 44095, 81170, 31041, 65270, 50832, 18340, 22908, 41542]"
119185,"[67699, 86814, 25943, 89381, 99299, 4856, 102180, 46682, 80962, 91882]"
119186,"[30639, 100082, 23892, 46831, 18208, 91011, 16390, 49101, 77492, 273]"
119187,"[80763, 97703, 72095, 54739, 24352, 8874, 86651, 12152, 50101, 25637]"
119188,"[54053, 27290, 48144, 54624, 27433, 58411, 101318, 73040, 64045, 36266]"
119189,"[89125, 31083, 7500, 65094, 20872, 95488, 11639, 3854, 55615, 109073]"
119190,"[8706, 499, 78254, 100795, 26433, 82685, 21340, 78131, 43313, 104731]"
119191,"[95902, 32416, 108275, 4545, 84839, 39471, 22874, 31601, 71681, 77233]"
119192,"[50672, 50698, 27769, 59886, 23008, 106198, 92814, 102651, 32576, 60188]"
119193,"[79969, 20568, 9032, 107320, 17102, 43987, 64377, 83561, 81460, 28366]"
119194,"[81637, 40447, 104444, 80784, 5416, 23842, 66927, 76314, 2582, 69914]"
119195,"[8413, 46741, 18777, 32670, 56993, 17707, 45964, 9591, 82139, 60892]"
119196,"[101560, 96486, 55566, 8621, 91993, 99982, 6216, 40610, 67724, 28088]"
119197,"[9365, 3010, 5220, 34358, 5374, 105437, 84167, 39323, 86374, 18200]"
119198,"[49151, 105952, 66452, 21359, 83584, 59473, 79833, 90975, 102791, 20450]"
119199,"[78096, 12919, 25041, 86934, 106217, 14192, 73919, 35509, 10887, 20282]"
119200,"[10594, 18749, 3467, 45350, 46039, 85490, 3582, 87361, 95905, 82567]"
119201,"[14199, 7081, 81018, 49785, 49042, 56863, 50323, 34740, 32050, 41791]"
119202,"[52408, 106296, 39018, 31535, 63276, 27248, 67135, 53153, 9771, 66426]"
119203,"[97158, 90338, 9215, 82663, 88187, 92353, 6384, 23413, 82554, 58711]"
119204,"[89059, 90532, 90644, 23515, 42866, 85612, 62469, 3765, 79015, 15020]"
119205,"[11122, 86762, 58657, 87984, 31028, 68037, 91651, 104693, 41753, 94826]"
119206,"[100912, 68574, 2158, 10175, 10268, 98584, 24048, 6822, 79490, 70883]"
119207,"[81920, 30986, 52188, 93272, 90186, 78733, 57049, 65396, 168, 76698]"
119208,"[63093, 56074, 66852, 66956, 36834, 86876, 43459, 107445, 85561, 27443]"
119209,"[89622, 13574, 27836, 106427, 35788, 109264, 55269, 59183, 31063, 99613]"
119210,"[13964, 38894, 19032, 6077, 105058, 61412, 23943, 89997, 63681, 20677]"
119211,"[64231, 14580, 16127, 57392, 55418, 61140, 109059, 31589, 42763, 1413]"
119212,"[28875, 94972, 40544, 27759, 92204, 13605, 29641, 25177, 64115, 37874]"
119213,"[13282, 7172, 48332, 21245, 40730, 58242, 16288, 32860, 24464, 85066]"
119214,"[77843, 57882, 88502, 79242, 90197, 81982, 82885, 59486, 56581, 326]"
119215,"[65431, 85211, 79243, 45013, 93112, 75548, 98406, 58343, 58570, 38435]"
119216,"[98257, 7903, 31585, 95114, 93555, 26398, 43001, 81581, 71492, 21923]"
119217,"[94295, 1831, 25257, 37971, 82267, 65278, 8020, 67794, 107393, 24600]"
119218,"[17807, 60284, 72612, 53941, 19492, 106929, 79569, 50220, 19692, 44112]"
119219,"[30210, 56847, 64152, 44442, 105825, 7242, 25397, 102476, 61373, 32036]"
119220,"[77949, 39154, 34654, 39067, 68982, 26981, 42012, 94367, 29222, 23379]"
119221,"[46268, 39728, 11688, 26686, 76798, 101417, 45121, 94844, 107527, 25399]"
119222,"[62019, 106750, 47606, 6366, 95754, 68345, 90112, 34664, 17938, 18543]"
119223,"[35265, 68236, 80700, 11609, 77690, 48416, 91128, 92806, 10550, 104527]"
119224,"[91910, 46338, 31656, 97067, 4432, 39834, 76904, 67035, 57290, 29263]"
119225,"[57737, 44243, 53899, 22003, 89515, 87971, 107557, 40134, 83822, 22679]"
119226,"[61711, 102526, 45828, 107380, 32557, 29384, 7094, 58509, 100235, 71993]"
119227,"[23375, 33881, 2061, 102490, 88733, 69201, 8762, 88471, 99493, 72531]"
119228,"[90612, 4599, 22225, 1497, 28830, 76247, 14018, 79001, 98783, 14644]"
119229,"[79767, 4705, 41339, 103205, 32012, 90446, 77926, 70507, 62203, 63480]"
119230,"[26204, 91013, 56086, 8896, 18968, 41275, 61704, 66700, 70914, 54990]"
119231,"[18049, 87591, 22322, 33102, 55408, 26812, 97092, 37796, 108440, 13059]"
119232,"[15406, 88743, 97548, 93699, 95132, 12270, 52339, 36185, 95969, 69778]"
119233,"[14525, 46728, 77863, 9269, 38218, 90321, 52104, 25754, 20348, 32312]"
119234,"[106402, 37700, 19458, 85486, 57181, 61967, 18129, 69192, 62925, 40244]"
119235,"[89647, 87837, 81166, 66156, 6455, 28912, 90635, 47389, 45274, 85755]"
119236,"[55598, 25091, 81956, 22727, 103074, 297, 85408, 78777, 109358, 899]"
119237,"[90062, 8978, 90344, 23288, 907, 27341, 66656, 103894, 99444, 38583]"
119238,"[15433, 94979, 106009, 43203, 523, 104819, 98122, 66712, 34364, 61287]"
119239,"[81010, 108484, 54266, 45248, 19122, 80241, 52127, 21812, 55129, 3352]"
119240,"[86534, 1428, 70870, 97366, 44399, 37025, 2011, 101553, 81236, 97435]"
119241,"[21311, 105716, 101867, 106084, 31394, 85280, 7012, 6551, 67059, 78611]"
119242,"[104660, 6008, 78022, 38360, 75922, 54164, 93975, 65673, 77175, 61780]"
119243,"[39179, 80774, 86166, 16619, 79942, 46563, 27494, 8143, 45446, 79981]"
119244,"[62716, 56042, 5018, 36081, 21728, 43300, 68518, 57252, 73967, 88330]"
119245,"[64033, 65731, 51435, 763, 25461, 98139, 34935, 7024, 55292, 1458]"
119246,"[68165, 37226, 33627, 8373, 36321, 72641, 31818, 5293, 45598, 63010]"
119247,"[1315, 74684, 83442, 50474, 38351, 94114, 94026, 17503, 69509, 44941]"
119248,"[4538, 71848, 1810, 77917, 50149, 49562, 94076, 88094, 17405, 97710]"
119249,"[95687, 25183, 106873, 46502, 80758, 16434, 28733, 46782, 5118, 80916]"
119250,"[94888, 50564, 99259, 70867, 4331, 31768, 47394, 46147, 22597, 14574]"
119251,"[5638, 104429, 101736, 71583, 34172, 18699, 43488, 52411, 78842, 82160]"
119252,"[5804, 92491, 78218, 33257, 47420, 78866, 39357, 50332, 94860, 66360]"
119253,"[45581, 100427, 32912, 26013, 109462, 49864, 51969, 70844, 4715, 108391]"
119254,"[99646, 2413, 101681, 45936, 54760, 51215, 34055, 13071, 107529, 87908]"
119255,"[44480, 27758, 67977, 53819, 70972, 103737, 59717, 100743, 67818, 34255]"
119256,"[54413, 13292, 47901, 22570, 92617, 92342, 12622, 49569, 62223, 998]"
119257,"[4792, 51297, 68551, 73946, 72067, 24257, 90889, 98174, 3179, 51656]"
119258,"[39034, 49952, 27700, 48767, 70095, 38737, 106271, 26465, 70643, 77150]"
119259,"[89246, 30371, 79577, 109391, 26684, 1972, 91956, 27135, 108691, 89117]"
119260,"[13829, 29556, 4212, 93124, 108688, 71379, 3346, 54361, 7907, 30200]"
119261,"[82783, 32251, 8288, 43052, 33142, 89409, 82937, 107273, 14035, 56603]"
119262,"[66135, 95287, 41234, 25296, 67543, 3705, 66683, 626, 41181, 30722]"
119263,"[53746, 105455, 91260, 44751, 74954, 42633, 32142, 73685, 56193, 46507]"
119264,"[41733, 69828, 45246, 48553, 65629, 85896, 67478, 16502, 106589, 104430]"
119265,"[46095, 56155, 105677, 83827, 92287, 2805, 47, 756, 100945, 1894]"
119266,"[4909, 106708, 53846, 51684, 92331, 27934, 96161, 653, 30124, 8426]"
119267,"[62075, 76926, 98982, 71798, 60365, 31824, 9127, 82651, 14791, 24308]"
119268,"[90389, 20592, 31912, 70837, 80049, 103909, 84030, 45467, 103894, 8978]"
119269,"[109500, 31594, 89400, 82440, 73567, 106522, 105627, 67574, 80489, 24418]"
119270,"[24256, 45283, 106626, 15385, 52078, 97785, 13899, 60534, 26031, 50199]"
119271,"[50013, 109671, 58058, 42268, 46803, 189, 21129, 16056, 79927, 33014]"
119272,"[52079, 32683, 108827, 94239, 47521, 102667, 97805, 69844, 85857, 6629]"
119273,"[107990, 65983, 94814, 40386, 108031, 51130, 11954, 104194, 77874, 106429]"
119274,"[21315, 20857, 30107, 30375, 106371, 37996, 33858, 69139, 109408, 58324]"
119275,"[60884, 100121, 67163, 18639, 48612, 88565, 38591, 51146, 16512, 76119]"
119276,"[46612, 18973, 105084, 54857, 100818, 5648, 67345, 39431, 60932, 104256]"
119277,"[67120, 17306, 47613, 50843, 88210, 48294, 73823, 7159, 59051, 64980]"
119278,"[84605, 18274, 67605, 97734, 50123, 72715, 87203, 1435, 93035, 69814]"
119279,"[20757, 68346, 66971, 36662, 12435, 6920, 68990, 93515, 19134, 77535]"
119280,"[20352, 24573, 34999, 26217, 2725, 77170, 31636, 96809, 89163, 69411]"
119281,"[68967, 1906, 27062, 87681, 23116, 48537, 90492, 31534, 10560, 100210]"
119282,"[57813, 92980, 31952, 78972, 59471, 49221, 36083, 59835, 52888, 97006]"
119283,"[12783, 99516, 98104, 31182, 98245, 40309, 83827, 96592, 88494, 18751]"
119284,"[36610, 43744, 7567, 93747, 33376, 104284, 72072, 64647, 35941, 107083]"
119285,"[47219, 18739, 85727, 73460, 61409, 2495, 68662, 86441, 34060, 60733]"
119286,"[96501, 19398, 16488, 61961, 25296, 51800, 82707, 41571, 44673, 105628]"
119287,"[55393, 41543, 21942, 80755, 95080, 35327, 1084, 96400, 108355, 92628]"
119288,"[80836, 23966, 87157, 71748, 54694, 88144, 26327, 60593, 4495, 86780]"
119289,"[57845, 18081, 98655, 103744, 86613, 107659, 19938, 86126, 56696, 79393]"
119290,"[74732, 105846, 48685, 90450, 37194, 74645, 29706, 82150, 19351, 72787]"
119291,"[23155, 106756, 30582, 15240, 65725, 41518, 20153, 38671, 106223, 86799]"
119292,"[14490, 108265, 1208, 109146, 78886, 105703, 98117, 92359, 68408, 61669]"
119293,"[108533, 801, 30722, 15775, 67543, 52232, 55447, 32360, 97934, 33002]"
119294,"[41265, 34969, 109636, 81602, 9564, 26986, 81246, 4191, 70681, 25568]"
119295,"[62486, 100800, 47255, 71266, 89582, 74746, 12161, 45678, 45509, 35309]"
119296,"[34281, 20303, 21782, 48038, 90470, 42973, 27227, 30309, 71267, 19881]"
119297,"[31563, 43472, 43704, 104207, 1758, 11098, 11868, 52808, 50851, 53449]"
119298,"[106531, 32549, 59877, 14033, 101144, 63756, 66949, 17453, 52541, 24771]"
119299,"[10395, 37204, 64146, 50080, 39085, 76884, 80999, 41397, 55401, 45257]"
119300,"[28521, 88189, 107940, 71357, 74916, 91497, 11806, 16642, 41731, 14161]"
119301,"[95731, 100328, 102831, 77893, 78731, 29549, 46451, 48063, 87630, 47360]"
119302,"[39190, 59022, 103082, 54590, 76031, 3897, 71342, 108576, 40548, 14448]"
119303,"[89923, 75192, 51683, 31908, 8598, 58669, 57111, 71942, 51861, 106850]"
119304,"[48266, 20759, 105182, 5156, 87200, 92062, 4168, 63790, 64292, 63783]"
119305,"[7886, 98178, 16089, 99895, 99522, 53921, 77947, 86952, 108518, 49]"
119306,"[33093, 38145, 25549, 37203, 89108, 87693, 32229, 23450, 100771, 51745]"
119307,"[80203, 59995, 10069, 72073, 9693, 28567, 40830, 102253, 97322, 1874]"
119308,"[69208, 109751, 9603, 77272, 61891, 10300, 65307, 80140, 72807, 48868]"
119309,"[9582, 65987, 32135, 63351, 15126, 19380, 96459, 17175, 77951, 17692]"
119310,"[35799, 28956, 5697, 105447, 11959, 89254, 34355, 38888, 36099, 56009]"
119311,"[63410, 45982, 79331, 37586, 62276, 1440, 51101, 77223, 106321, 57658]"
119312,"[55612, 20433, 54728, 31469, 55877, 77024, 89234, 48176, 43805, 98190]"
119313,"[1470, 40529, 36358, 106703, 37618, 30659, 40766, 105661, 34247, 105008]"
119314,"[74647, 78317, 59765, 34154, 70096, 53548, 65653, 30772, 99272, 52388]"
119315,"[89845, 70881, 44774, 92933, 74967, 50680, 62328, 11000, 17161, 35975]"
119316,"[6870, 89683, 74426, 82909, 54705, 64980, 30824, 18977, 20654, 17667]"
119317,"[3727, 84730, 100380, 43631, 7544, 52928, 74718, 89269, 34151, 52301]"
119318,"[9338, 23776, 44092, 60160, 13570, 38226, 92321, 24215, 32087, 104206]"
119319,"[81997, 89743, 3134, 48841, 39404, 49562, 4914, 45007, 98790, 11764]"
119320,"[46637, 56491, 68831, 46224, 50584, 61786, 98478, 20008, 42987, 74217]"
119321,"[76598, 75727, 92598, 14080, 45301, 4695, 54689, 92369, 40474, 91373]"
119322,"[5754, 74116, 64857, 49290, 58784, 93063, 105614, 16643, 3172, 62068]"
119323,"[50937, 2849, 16660, 84879, 99507, 54637, 11687, 57065, 72461, 32374]"
119324,"[90700, 19954, 72483, 25491, 70576, 3702, 15806, 42216, 38832, 63242]"
119325,"[71961, 87522, 70489, 87670, 100767, 80912, 49873, 97993, 63356, 57393]"
119326,"[22098, 38109, 14705, 67579, 56013, 66146, 22995, 17819, 91436, 31313]"
119327,"[20876, 88268, 92561, 61520, 64490, 31806, 97473, 97287, 38605, 46738]"
119328,"[13096, 90155, 51371, 51474, 18804, 90448, 24557, 104861, 5500, 104386]"
119329,"[65912, 22365, 8197, 95834, 50364, 73749, 59259, 44569, 74381, 25899]"
119330,"[54928, 13536, 31817, 21624, 50810, 59456, 78535, 66640, 45903, 68291]"
119331,"[53398, 69640, 105042, 106769, 43186, 15124, 95227, 63032, 43033, 5154]"
119332,"[19696, 54268, 37264, 18502, 84837, 99349, 1606, 41685, 34181, 71111]"
119333,"[93102, 42838, 65465, 18142, 95282, 28551, 22104, 35494, 31280, 59738]"
119334,"[70151, 90288, 72745, 97173, 108434, 10646, 43837, 95308, 96582, 82087]"
119335,"[96318, 14073, 31882, 13996, 6683, 39737, 65854, 23480, 42304, 60933]"
119336,"[84551, 59662, 25998, 9816, 20337, 38906, 101708, 12744, 57286, 15331]"
119337,"[83392, 39720, 61958, 94376, 71300, 109537, 8412, 45921, 30461, 81281]"
119338,"[72975, 46925, 54111, 4799, 44205, 90949, 40339, 84590, 59598, 66090]"
119339,"[69774, 53767, 49696, 92560, 39067, 84770, 91951, 18123, 81464, 104124]"
119340,"[60845, 65579, 48698, 74261, 79043, 17924, 61746, 84740, 66134, 56991]"
119341,"[83148, 101469, 106644, 9331, 10765, 76134, 68286, 4805, 67218, 25231]"
119342,"[40927, 4554, 49031, 87239, 12307, 100976, 92348, 94677, 20793, 86045]"
119343,"[92734, 22482, 61171, 66245, 16912, 106911, 72198, 41043, 51398, 7925]"
119344,"[15420, 60319, 60346, 86704, 61175, 9107, 81938, 77898, 63658, 12949]"
119345,"[62990, 44441, 32554, 65762, 89312, 43292, 48387, 80176, 9167, 27819]"
119346,"[58816, 86612, 30549, 37590, 28139, 55577, 95963, 66113, 77562, 39447]"
119347,"[101125, 79833, 103467, 67419, 73573, 56787, 87651, 46504, 16897, 75279]"
119348,"[80149, 86463, 57125, 85934, 60166, 108693, 30834, 12376, 93628, 33286]"
119349,"[88212, 8509, 12790, 31070, 81934, 30389, 7613, 1436, 29316, 108326]"
119350,"[4955, 30216, 94598, 60536, 76498, 78666, 64563, 88125, 43646, 97206]"
119351,"[83748, 6513, 14732, 51728, 44856, 43616, 86104, 68194, 18604, 18178]"
119352,"[10037, 83129, 36915, 102281, 109689, 3684, 6851, 91266, 68358, 60]"
119353,"[98503, 7325, 52707, 10834, 100046, 72738, 93949, 74883, 25849, 12628]"
119354,"[50090, 82241, 102880, 45285, 57931, 64525, 39677, 24396, 78706, 94047]"
119355,"[29582, 15398, 13371, 35052, 80838, 856, 12951, 89181, 49925, 3236]"
119356,"[8094, 54395, 16803, 6285, 64485, 82456, 51110, 27284, 84071, 98481]"
119357,"[52638, 7393, 23688, 46867, 67009, 92594, 21055, 4500, 59052, 49292]"
119358,"[78162, 33733, 49201, 80274, 18818, 41615, 21559, 21338, 23966, 26251]"
119359,"[48784, 33438, 50543, 98374, 28709, 38753, 54213, 23232, 20066, 71238]"
119360,"[51625, 67485, 47254, 43361, 67305, 3171, 53490, 55894, 100573, 103025]"
119361,"[82078, 13570, 46038, 9805, 49367, 108283, 92216, 84900, 74019, 42546]"
119362,"[62296, 64313, 84003, 71640, 14659, 59848, 83649, 38541, 80877, 47697]"
119363,"[81072, 26551, 59385, 221, 93197, 60214, 95030, 25628, 35913, 50499]"
119364,"[91906, 91000, 49506, 87091, 2159, 88676, 51623, 41758, 52024, 66321]"
119365,"[93183, 76031, 8368, 103082, 59992, 5480, 96174, 102082, 104, 93172]"
119366,"[74820, 27948, 108717, 21183, 8963, 83184, 29138, 83806, 13961, 106098]"
119367,"[104703, 103850, 102161, 20813, 11895, 49207, 73350, 93110, 80660, 69356]"
119368,"[89627, 31046, 98995, 74937, 26695, 105759, 29717, 59295, 95666, 96120]"
119369,"[19659, 6623, 1386, 62945, 2033, 31491, 8455, 54455, 20118, 75031]"
119370,"[23440, 92320, 99245, 80596, 76128, 6148, 97787, 65656, 7559, 16912]"
119371,"[25356, 85014, 86085, 66153, 91016, 24986, 90470, 97326, 68197, 98043]"
119372,"[82296, 87741, 35427, 759, 51600, 53782, 85762, 42399, 18406, 7965]"
119373,"[35226, 90477, 22783, 310, 89782, 19153, 32006, 91225, 83757, 53230]"
119374,"[67953, 55372, 77588, 45093, 68621, 42847, 84989, 85773, 106386, 40711]"
119375,"[15591, 109089, 67839, 19726, 18570, 36852, 13211, 60891, 4916, 77916]"
119376,"[30080, 82402, 97370, 84287, 8987, 103751, 105818, 4476, 6471, 32334]"
119377,"[10095, 35125, 84200, 91306, 28413, 105418, 96017, 89435, 31989, 25829]"
119378,"[101849, 68881, 27458, 36056, 15595, 1510, 92539, 46786, 90232, 107705]"
119379,"[15444, 71924, 109770, 2716, 75356, 62729, 58414, 45073, 59522, 41347]"
119380,"[61657, 42029, 22161, 32123, 107675, 18954, 84641, 24542, 41032, 47862]"
119381,"[42262, 102195, 13584, 102031, 92861, 15470, 40755, 53045, 92165, 57022]"
119382,"[34106, 103750, 93527, 77193, 41139, 66096, 5681, 71457, 31910, 4648]"
119383,"[37120, 17497, 99375, 43344, 62040, 45880, 73764, 32677, 78900, 86294]"
119384,"[51199, 96198, 6644, 35803, 81190, 13333, 26865, 67165, 23133, 48895]"
119385,"[36561, 74417, 65842, 17348, 26551, 93637, 104420, 4759, 84257, 71268]"
119386,"[76843, 53653, 7873, 66280, 78747, 10136, 84434, 81666, 52012, 72325]"
119387,"[7225, 62326, 9336, 109733, 82586, 54383, 49524, 18004, 64557, 42770]"
119388,"[73208, 4393, 79214, 77803, 60167, 91894, 84218, 109533, 31387, 47282]"
119389,"[77360, 109344, 86938, 72970, 71154, 68563, 14526, 55244, 73074, 67859]"
119390,"[33919, 79356, 50122, 29662, 65376, 44622, 75075, 47801, 2927, 16490]"
119391,"[62220, 73868, 14278, 5364, 67973, 61713, 81920, 57049, 19454, 98970]"
119392,"[83585, 7246, 45521, 47068, 106232, 93732, 79001, 1651, 67848, 64055]"
119393,"[85049, 22871, 88386, 23139, 21750, 26789, 101310, 65651, 34070, 814]"
119394,"[92292, 74654, 87663, 1111, 4584, 1815, 33282, 30946, 40844, 57757]"
119395,"[62659, 95427, 44685, 69978, 105648, 54223, 25498, 94649, 1299, 99750]"
119396,"[37167, 98167, 19330, 70971, 15608, 18752, 47343, 99792, 43834, 55316]"
119397,"[23070, 82114, 100149, 14397, 14098, 32074, 11781, 81200, 54701, 106275]"
119398,"[78763, 43510, 70326, 53739, 57651, 54124, 38595, 107397, 76847, 92872]"
119399,"[88695, 23995, 10499, 1707, 46834, 62760, 62769, 88135, 6837, 4728]"
119400,"[57183, 65426, 32900, 90677, 18958, 78702, 76768, 64188, 63722, 9603]"
119401,"[77154, 104267, 78098, 53295, 95347, 52294, 100700, 92487, 66315, 22945]"
119402,"[94479, 7295, 39656, 86794, 103508, 82631, 83352, 59049, 41820, 83241]"
119403,"[58423, 104908, 109091, 9418, 53726, 29198, 13140, 36837, 107570, 61191]"
119404,"[103973, 79101, 79695, 80067, 97323, 16618, 92187, 103929, 88741, 93222]"
119405,"[74410, 79059, 103244, 21273, 4091, 11606, 95302, 10305, 27960, 98520]"
119406,"[88444, 21113, 91607, 43438, 85896, 67478, 47576, 109241, 101231, 18894]"
119407,"[5829, 63229, 72842, 2309, 28703, 90355, 13098, 5632, 464, 32791]"
119408,"[93228, 103738, 75045, 39652, 19608, 8195, 101904, 63628, 4055, 43223]"
119409,"[31296, 18543, 17938, 69368, 10074, 29981, 58872, 28779, 44076, 88477]"
119410,"[74666, 6726, 106177, 95877, 43250, 58339, 39592, 65375, 69230, 100904]"
119411,"[80944, 57382, 7360, 64280, 101557, 53189, 71468, 1745, 19060, 2206]"
119412,"[19924, 43587, 109012, 11591, 23577, 93249, 19335, 77787, 89094, 32560]"
119413,"[55783, 105750, 33401, 35376, 45797, 100909, 1854, 100880, 41031, 84987]"
119414,"[47476, 63719, 13880, 61269, 45926, 73365, 104576, 25533, 10421, 78086]"
119415,"[3048, 73774, 38492, 88010, 109658, 94984, 61659, 52656, 75996, 67595]"
119416,"[7184, 21572, 16072, 10222, 18116, 46025, 101762, 105531, 88425, 91884]"
119417,"[18640, 95888, 99814, 39525, 54959, 45452, 58209, 59475, 59629, 889]"
119418,"[90028, 37305, 3497, 71798, 98982, 51752, 98788, 9127, 109205, 53362]"
119419,"[56235, 106007, 100355, 12581, 16070, 78538, 69918, 102799, 63065, 17636]"
119420,"[22409, 79949, 23047, 69688, 91507, 92785, 31920, 66079, 40649, 56593]"
119421,"[56381, 58874, 2937, 79385, 105883, 1769, 31503, 45000, 23348, 94289]"
119422,"[32060, 11299, 10025, 91360, 55183, 55491, 62207, 62701, 99938, 107979]"
119423,"[31503, 61325, 29470, 94620, 26207, 31540, 92533, 98044, 56050, 74797]"
119424,"[95904, 69763, 28848, 7866, 5867, 20853, 52841, 29688, 75527, 106821]"
119425,"[6339, 2951, 73890, 54488, 23590, 106632, 43531, 100627, 79934, 16849]"
119426,"[34671, 14417, 50672, 21221, 35885, 34063, 75216, 51100, 8907, 2511]"
119427,"[33166, 93714, 107987, 74685, 94683, 92456, 97644, 18002, 85102, 89987]"
119428,"[29106, 91164, 33010, 58720, 105214, 87740, 52970, 97109, 62271, 10070]"
119429,"[38502, 1546, 8884, 73016, 40854, 89405, 103063, 44682, 59168, 69862]"
119430,"[24353, 19195, 78981, 58465, 32210, 92436, 94920, 67626, 30865, 6454]"
119431,"[89675, 102540, 54886, 83803, 95837, 44106, 12660, 92266, 46280, 25433]"
119432,"[27331, 92029, 69114, 77457, 23983, 89132, 19796, 94849, 7174, 39941]"
119433,"[280, 2830, 35361, 60382, 31284, 83990, 11311, 95594, 47192, 99199]"
119434,"[35307, 11794, 59235, 62274, 57432, 70935, 78242, 39265, 98086, 102636]"
119435,"[95347, 53295, 63869, 56985, 72735, 75717, 57858, 72188, 13748, 97015]"
119436,"[65296, 62424, 24778, 16839, 97765, 9283, 37561, 29872, 40743, 67795]"
119437,"[38370, 103011, 54369, 7432, 19896, 19093, 104960, 67908, 97275, 37485]"
119438,"[54921, 62229, 18610, 99402, 95586, 101276, 83210, 82923, 85603, 41402]"
119439,"[104165, 33469, 63615, 88966, 107339, 59139, 63594, 49890, 98158, 88311]"
119440,"[37286, 94074, 37957, 19165, 107573, 60653, 27065, 30821, 49253, 23001]"
119441,"[27086, 104426, 48257, 57956, 64148, 35425, 8436, 10919, 1643, 58324]"
119442,"[88889, 58560, 62460, 18636, 54524, 66655, 70792, 20065, 28644, 83911]"
119443,"[44018, 52606, 86141, 101502, 16545, 108021, 40550, 21690, 25053, 77627]"
119444,"[94328, 100173, 92598, 1550, 34158, 87423, 41020, 76354, 42057, 96416]"
119445,"[76009, 20392, 76326, 100705, 39489, 25971, 35315, 60379, 21721, 81171]"
119446,"[101192, 81439, 77238, 51614, 106865, 50630, 35068, 87587, 39736, 16094]"
119447,"[150, 60566, 76466, 91486, 30290, 95054, 71289, 33982, 29795, 9607]"
119448,"[57481, 68666, 57743, 57305, 9454, 12307, 109163, 86400, 21482, 102065]"
119449,"[29978, 78975, 31519, 68599, 42419, 85076, 62916, 91917, 80028, 32661]"
119450,"[6215, 89372, 61495, 106250, 76128, 100142, 95444, 5544, 81978, 71480]"
119451,"[85118, 23672, 27819, 38751, 12410, 67249, 64035, 22435, 56408, 23425]"
119452,"[11624, 63261, 102783, 7894, 30731, 80078, 40740, 25545, 7771, 90164]"
119453,"[579, 65373, 97612, 45399, 17673, 60112, 35746, 28218, 45488, 105186]"
119454,"[34815, 84813, 28499, 51619, 52309, 85168, 62203, 74706, 5338, 75492]"
119455,"[28262, 54666, 71130, 85563, 98177, 107865, 92059, 71378, 79032, 109643]"
119456,"[84108, 88129, 76123, 62045, 9755, 21659, 31177, 74691, 105064, 1691]"
119457,"[30573, 98749, 72069, 18852, 52206, 71994, 39004, 31980, 35886, 45408]"
119458,"[407, 44418, 60646, 17392, 91446, 69712, 22351, 83654, 109482, 109373]"
119459,"[92992, 8991, 10781, 105468, 92255, 9734, 3414, 23195, 108335, 46419]"
119460,"[38351, 93264, 19115, 94114, 94026, 17503, 69509, 109231, 1315, 12942]"
119461,"[73108, 84430, 53660, 87869, 35391, 91204, 61842, 15724, 863, 22517]"
119462,"[36022, 988, 69403, 25878, 102954, 87784, 65339, 102734, 103304, 88426]"
119463,"[66053, 15665, 13055, 14911, 103245, 54833, 49722, 8993, 77623, 74301]"
119464,"[89084, 75052, 5213, 82162, 68215, 80265, 77504, 107905, 14487, 76385]"
119465,"[81098, 33147, 59117, 79571, 22116, 31844, 3250, 58999, 35616, 49374]"
119466,"[58266, 25518, 4137, 56461, 91134, 12250, 16511, 78619, 93484, 3189]"
119467,"[57131, 61820, 78342, 47584, 87540, 83567, 8576, 58528, 6287, 52785]"
119468,"[101427, 57388, 71425, 37157, 19751, 59213, 90030, 78889, 34826, 72182]"
119469,"[87883, 19670, 7208, 29082, 99280, 1982, 16178, 4744, 66764, 76565]"
119470,"[18127, 48726, 36474, 60971, 43309, 38789, 7448, 89582, 56245, 63228]"
119471,"[103028, 38693, 71768, 20538, 745, 623, 107314, 31348, 63237, 90526]"
119472,"[6579, 16661, 80033, 72965, 7532, 2994, 101485, 10775, 91305, 23166]"
119473,"[15192, 72957, 19391, 53578, 6838, 85421, 737, 77422, 75363, 15796]"
119474,"[16382, 29282, 60442, 83933, 39388, 46442, 97861, 60066, 28587, 20085]"
119475,"[44494, 36322, 23086, 1617, 94403, 55397, 40318, 65022, 70739, 65947]"
119476,"[70151, 106110, 2840, 80495, 43837, 90288, 62815, 107091, 96582, 63282]"
119477,"[10465, 11500, 40956, 74862, 45265, 1251, 91154, 37425, 81771, 95524]"
119478,"[43268, 87231, 100213, 74500, 45409, 2060, 45783, 24392, 40461, 109595]"
119479,"[100107, 6751, 1402, 5812, 77734, 7319, 10954, 17755, 11945, 24524]"
119480,"[71838, 102295, 27196, 55404, 69002, 89528, 33105, 55887, 31026, 40773]"
119481,"[2513, 71936, 72963, 78322, 45723, 47060, 60814, 82584, 66131, 66277]"
119482,"[12684, 109758, 2832, 99154, 95284, 20659, 96133, 56145, 10241, 13261]"
119483,"[44714, 11156, 51582, 14165, 4796, 70005, 81814, 67207, 102997, 79102]"
119484,"[41455, 20467, 2970, 5218, 58828, 88574, 6105, 67261, 9816, 25822]"
119485,"[15084, 61090, 76281, 64101, 54134, 59479, 13875, 68772, 43076, 89332]"
119486,"[80293, 84437, 8505, 15813, 90193, 46111, 81430, 3739, 82362, 35696]"
119487,"[84337, 64717, 12605, 44189, 96757, 70649, 98595, 98926, 102419, 86701]"
119488,"[92657, 9959, 1566, 6522, 1979, 6659, 20036, 82401, 43925, 52048]"
119489,"[84547, 44285, 23702, 58022, 17177, 60419, 26129, 106066, 44644, 108464]"
119490,"[76256, 107333, 60067, 73571, 65475, 52021, 66869, 51961, 46296, 103606]"
119491,"[48673, 102052, 80195, 62368, 77634, 56890, 22435, 10482, 21269, 91541]"
119492,"[77630, 63549, 95500, 7599, 98412, 104551, 77493, 55970, 47230, 18674]"
119493,"[80439, 89361, 96412, 98181, 79662, 96601, 85312, 8605, 69602, 45869]"
119494,"[85509, 56045, 89364, 16243, 73789, 54269, 92765, 82685, 52295, 76609]"
119495,"[68619, 80343, 39868, 23675, 36512, 75213, 96758, 21337, 3475, 9890]"
119496,"[16268, 24437, 95184, 1391, 96796, 20063, 99258, 82649, 22026, 16305]"
119497,"[104786, 23214, 20196, 72874, 37779, 15704, 68156, 108763, 20781, 25076]"
119498,"[100777, 59980, 76914, 83845, 71914, 103825, 41878, 2842, 42901, 43408]"
119499,"[3209, 22047, 53766, 98722, 42709, 74196, 79638, 55176, 86569, 42278]"
119500,"[76955, 19079, 11223, 90908, 7542, 89838, 5606, 4576, 10721, 104129]"
119501,"[87747, 59709, 40320, 56893, 86107, 90031, 58564, 35073, 9852, 100845]"
119502,"[17933, 65002, 70295, 73509, 79519, 10212, 52235, 44630, 29731, 34926]"
119503,"[67295, 107101, 95445, 45087, 5753, 4660, 65397, 39689, 89814, 72029]"
119504,"[87827, 15343, 84394, 31260, 103612, 67145, 79641, 69760, 29323, 81748]"
119505,"[100837, 63725, 71661, 46443, 62998, 38699, 30806, 73182, 104653, 50281]"
119506,"[533, 78396, 12363, 100764, 64551, 104318, 25780, 84775, 39734, 30443]"
119507,"[23252, 79718, 90730, 38914, 52484, 101288, 70954, 49631, 93480, 4652]"
119508,"[15986, 85092, 20440, 44913, 40272, 107433, 35528, 68589, 77603, 47687]"
119509,"[85087, 29984, 6496, 96201, 56521, 37783, 90850, 67683, 15049, 14240]"
119510,"[3412, 109207, 41414, 17601, 91487, 4386, 55763, 17005, 2011, 85989]"
119511,"[50275, 50272, 99479, 48501, 103729, 94893, 81889, 106654, 92175, 79589]"
119512,"[52494, 97021, 13152, 104069, 69393, 109761, 51326, 73533, 1399, 38293]"
119513,"[21460, 74049, 16936, 98255, 71690, 34677, 22634, 101457, 76902, 15406]"
119514,"[17272, 69988, 101755, 58782, 68525, 64111, 6073, 38864, 100879, 70351]"
119515,"[14185, 68772, 37091, 13766, 21061, 24919, 25754, 20348, 25290, 71044]"
119516,"[85723, 86364, 49395, 7004, 13915, 29179, 25571, 55773, 86827, 44866]"
119517,"[99679, 42755, 41060, 65154, 105022, 47155, 71070, 44943, 103068, 99138]"
119518,"[30308, 107549, 12702, 98226, 99660, 26796, 82642, 100772, 19968, 5512]"
119519,"[62947, 91585, 1404, 59831, 282, 80170, 96507, 16100, 362, 11509]"
119520,"[49599, 11337, 21233, 92137, 18727, 105680, 6080, 65279, 65065, 60824]"
119521,"[65181, 68542, 34714, 29542, 35904, 16835, 10533, 109732, 47216, 59446]"
119522,"[74421, 22896, 102241, 20161, 8493, 53271, 95219, 90626, 53844, 99471]"
119523,"[41526, 56998, 2969, 88863, 14106, 96499, 48284, 24743, 12127, 93327]"
119524,"[105436, 1692, 28678, 4127, 62652, 66730, 79230, 102151, 1106, 16468]"
119525,"[4648, 34106, 93527, 78285, 87762, 1025, 61080, 24858, 93143, 103583]"
119526,"[82794, 64108, 94605, 92982, 69159, 18154, 1281, 41099, 46943, 101875]"
119527,"[95379, 84734, 36866, 90251, 96886, 21674, 725, 28312, 91206, 58767]"
119528,"[14838, 50867, 102608, 96517, 14343, 35420, 69939, 97713, 92282, 42547]"
119529,"[78619, 83322, 80738, 70923, 52263, 34564, 15501, 63720, 62529, 37999]"
119530,"[13407, 80212, 17985, 104774, 56102, 94058, 39040, 45720, 70069, 56766]"
119531,"[56125, 97397, 30389, 1436, 76362, 43181, 12790, 31070, 81934, 100556]"
119532,"[51799, 8656, 96344, 35618, 42872, 41757, 40880, 41978, 45742, 23396]"
119533,"[37041, 2548, 76780, 101032, 99323, 84458, 22351, 44648, 52383, 17456]"
119534,"[54911, 95709, 109209, 1105, 20999, 38529, 53620, 39145, 68269, 24806]"
119535,"[70024, 11103, 11101, 85832, 76982, 68206, 56242, 109586, 27974, 94924]"
119536,"[40974, 97024, 101733, 106220, 44059, 16627, 29276, 27574, 98852, 86471]"
119537,"[42183, 25266, 64289, 53961, 47761, 64074, 32354, 89454, 67846, 75591]"
119538,"[91383, 61225, 48696, 7217, 10774, 53077, 35254, 9087, 12538, 4379]"
119539,"[86305, 77233, 15447, 39471, 72327, 14203, 11685, 55309, 94988, 52282]"
119540,"[13681, 50247, 94789, 100531, 101763, 97058, 28188, 25382, 54102, 104007]"
119541,"[106399, 91629, 83168, 29152, 17401, 37984, 60517, 25838, 21478, 106138]"
119542,"[80806, 13801, 61321, 8642, 44436, 91820, 106994, 31716, 56519, 96841]"
119543,"[59552, 57672, 98805, 95830, 88462, 29063, 28252, 56922, 89506, 38836]"
119544,"[36327, 70291, 31544, 29464, 6512, 30124, 51684, 16003, 5147, 52098]"
119545,"[7565, 42965, 85929, 13574, 57060, 96073, 87644, 8537, 45101, 53195]"
119546,"[14636, 50962, 60122, 41483, 5895, 34996, 54350, 45590, 58552, 15565]"
119547,"[106612, 5882, 76438, 55621, 82697, 98568, 49448, 38692, 104080, 76492]"
119548,"[18763, 18665, 93533, 105714, 50522, 109320, 13250, 15430, 98080, 83657]"
119549,"[66304, 73474, 96139, 33071, 92378, 38464, 90617, 69263, 88028, 52877]"
119550,"[24330, 43216, 28347, 64588, 1846, 64125, 97736, 45140, 62274, 35773]"
119551,"[105364, 32865, 11251, 20567, 83807, 30194, 79135, 100783, 366, 20179]"
119552,"[25325, 17546, 31689, 82882, 9486, 66727, 38749, 94127, 26411, 19228]"
119553,"[50742, 66232, 62712, 56068, 98332, 105770, 26688, 4928, 60011, 55184]"
119554,"[98319, 69105, 73196, 12402, 9858, 4457, 15892, 82000, 55414, 16409]"
119555,"[38062, 88783, 73686, 106012, 99137, 87094, 98534, 35329, 102320, 74125]"
119556,"[81794, 18379, 37747, 5509, 30583, 10468, 92237, 96336, 81440, 47062]"
119557,"[106151, 39419, 79367, 24525, 67540, 19224, 70581, 89589, 61745, 104519]"
119558,"[36757, 17323, 87406, 54815, 21112, 75825, 79210, 80297, 103124, 103784]"
119559,"[65289, 75042, 81306, 94935, 44114, 27057, 103204, 59762, 88450, 60113]"
119560,"[92160, 85070, 74104, 75029, 32957, 48952, 26495, 100906, 77053, 57329]"
119561,"[65225, 45770, 54461, 109204, 47690, 105173, 44704, 43401, 96085, 32259]"
119562,"[77181, 42680, 89932, 57678, 1421, 84273, 21978, 70395, 30485, 18944]"
119563,"[37438, 40448, 571, 94246, 69739, 105240, 63165, 93666, 11477, 67171]"
119564,"[55678, 58218, 78839, 57104, 33260, 102250, 57703, 96435, 2871, 64791]"
119565,"[13327, 92501, 79344, 108559, 18963, 83793, 37470, 76436, 29347, 100601]"
119566,"[76229, 57839, 62003, 9057, 36289, 101135, 3874, 50085, 50821, 63948]"
119567,"[39803, 50313, 52283, 86948, 91934, 102808, 44032, 70430, 42180, 7333]"
119568,"[65022, 4139, 105607, 11581, 54923, 70739, 46284, 35319, 29745, 40318]"
119569,"[89693, 12507, 20235, 56682, 56307, 29218, 21960, 53970, 93380, 74996]"
119570,"[51188, 50680, 70881, 92933, 50058, 75645, 109668, 89845, 70781, 59990]"
119571,"[66930, 86773, 12875, 80728, 56560, 100871, 42516, 29626, 72897, 37847]"
119572,"[15817, 13214, 93194, 63075, 71224, 30484, 18266, 71001, 18606, 71950]"
119573,"[18632, 105676, 107742, 86972, 57882, 11702, 25874, 7063, 10254, 46062]"
119574,"[20807, 44507, 93173, 26931, 42625, 14404, 27161, 32374, 1873, 2109]"
119575,"[17364, 45132, 10491, 17479, 12172, 48429, 4209, 86384, 11345, 101453]"
119576,"[77806, 69957, 13350, 93389, 16384, 16463, 69804, 108430, 73015, 99521]"
119577,"[51166, 39075, 59871, 1872, 2906, 74781, 86343, 39678, 90912, 78985]"
119578,"[77089, 80817, 82572, 47169, 67501, 90284, 3033, 72716, 22083, 77599]"
119579,"[48808, 4669, 15988, 62994, 80382, 5619, 81975, 81103, 59603, 9350]"
119580,"[108289, 36975, 104251, 25078, 107191, 42796, 91094, 55793, 69730, 4492]"
119581,"[22485, 79130, 40559, 82870, 80034, 82036, 78072, 28383, 75799, 35651]"
119582,"[93587, 46275, 35120, 39676, 96499, 70478, 48284, 99046, 105632, 3849]"
119583,"[9789, 26916, 7835, 45933, 59770, 12417, 39977, 39182, 53226, 103470]"
119584,"[18922, 96026, 35086, 39218, 30682, 57948, 56498, 15450, 39781, 104845]"
119585,"[26393, 37360, 74003, 72711, 61629, 59349, 90361, 103435, 24025, 20361]"
119586,"[23446, 50771, 63555, 71029, 86636, 38496, 69922, 45357, 4532, 743]"
119587,"[98566, 51754, 91420, 101059, 79021, 20562, 25990, 101900, 64844, 31390]"
119588,"[91381, 21888, 1289, 57704, 18746, 40340, 76213, 58668, 40962, 107234]"
119589,"[9566, 60278, 96448, 45574, 48096, 83059, 23576, 89325, 6678, 26994]"
119590,"[4366, 16624, 101846, 48122, 79871, 6614, 76030, 66613, 104660, 80606]"
119591,"[7784, 64086, 107728, 27985, 76934, 48584, 109553, 89156, 67732, 66050]"
119592,"[8304, 10318, 95407, 69033, 55951, 75744, 70047, 3547, 88777, 14218]"
119593,"[51955, 28093, 16474, 52895, 38684, 76591, 34331, 16630, 98126, 55164]"
119594,"[9368, 93498, 96419, 36331, 25144, 56343, 82115, 43256, 25341, 35262]"
119595,"[71180, 94797, 25522, 109764, 49835, 21326, 91014, 3703, 12207, 37635]"
119596,"[103331, 106116, 105121, 54742, 61096, 47515, 56798, 13303, 5654, 920]"
119597,"[46822, 26159, 104100, 36308, 65179, 75708, 79537, 50877, 87428, 45892]"
119598,"[28858, 22596, 95981, 54017, 50956, 2812, 80587, 96224, 77552, 93261]"
119599,"[98347, 56720, 107228, 53376, 21552, 18353, 33164, 59023, 105002, 93117]"
119600,"[67744, 101960, 2862, 97818, 27858, 8182, 27582, 5413, 31511, 96405]"
119601,"[73400, 70560, 21139, 29358, 65363, 86810, 55548, 81967, 104611, 35230]"
119602,"[42193, 93208, 77051, 103802, 49575, 35692, 63580, 17251, 84933, 35345]"
119603,"[83978, 106385, 61601, 64876, 106368, 84768, 73278, 41342, 60147, 67673]"
119604,"[66113, 95963, 72121, 100951, 77562, 39447, 64488, 10416, 51282, 25318]"
119605,"[47954, 49192, 44742, 63753, 78236, 1415, 73614, 34851, 14242, 13141]"
119606,"[1053, 48171, 98995, 74937, 10551, 62805, 25608, 74965, 10244, 56400]"
119607,"[17472, 1832, 73411, 791, 72747, 61059, 54827, 79468, 38026, 103946]"
119608,"[17279, 31810, 95582, 33225, 56730, 67312, 91061, 96151, 15721, 102314]"
119609,"[35939, 30602, 28277, 35194, 90828, 24414, 1200, 33894, 25595, 82269]"
119610,"[16955, 84000, 12212, 95745, 661, 13638, 101932, 14910, 56466, 42058]"
119611,"[21183, 83806, 85167, 36265, 24284, 14348, 95469, 19783, 108753, 41695]"
119612,"[92299, 101477, 36897, 91903, 94552, 37518, 102623, 107709, 16574, 107630]"
119613,"[62403, 17416, 92231, 92919, 71631, 46447, 91638, 12525, 66082, 99250]"
119614,"[75091, 106908, 37198, 28019, 12878, 13700, 9380, 2760, 73956, 105467]"
119615,"[106207, 72944, 69835, 40324, 96272, 88170, 61837, 24117, 1396, 94711]"
119616,"[14379, 38895, 99996, 76288, 35408, 78359, 72622, 43664, 15695, 105063]"
119617,"[87670, 60889, 57393, 46895, 56373, 23119, 85907, 49883, 43466, 63356]"
119618,"[68061, 27849, 56328, 51091, 103862, 91145, 39983, 107721, 102156, 61650]"
119619,"[50545, 53699, 33988, 71152, 28152, 16212, 101427, 38196, 38031, 72182]"
119620,"[48677, 4074, 40143, 3377, 1265, 46141, 20705, 48642, 48475, 2081]"
119621,"[46933, 44457, 66304, 7100, 63390, 37820, 37293, 45402, 51088, 73474]"
119622,"[16608, 108906, 53666, 85628, 19365, 88195, 41521, 75052, 48953, 63562]"
119623,"[15110, 24945, 50568, 108520, 407, 36479, 57788, 83654, 29874, 49418]"
119624,"[11878, 75290, 19542, 105103, 47534, 87230, 91785, 38920, 65228, 38794]"
119625,"[77535, 93515, 68990, 20757, 23634, 7525, 12424, 35328, 71226, 63233]"
119626,"[37431, 96746, 87463, 25565, 106774, 63889, 92580, 29197, 50666, 99013]"
119627,"[5314, 31451, 98349, 63868, 30983, 6412, 28194, 94254, 10202, 103488]"
119628,"[74214, 82406, 73593, 46165, 93878, 25702, 57983, 63616, 5770, 3288]"
119629,"[51196, 41921, 44546, 5777, 97938, 67310, 8914, 68070, 77559, 38270]"
119630,"[60572, 89261, 72782, 91461, 57223, 80868, 47877, 57714, 525, 15523]"
119631,"[74566, 41726, 63214, 7635, 19079, 37998, 2950, 11223, 43294, 32092]"
119632,"[81692, 71379, 3346, 2793, 24300, 7907, 97558, 109546, 62010, 79197]"
119633,"[79728, 30572, 33173, 47488, 28834, 19429, 40195, 95639, 61441, 37309]"
119634,"[104695, 47361, 62290, 17398, 8053, 36305, 74907, 6572, 3780, 6746]"
119635,"[104699, 19682, 86603, 5463, 41385, 93764, 10544, 70639, 30191, 90637]"
119636,"[19872, 6579, 58532, 94587, 46359, 33884, 10775, 91305, 76097, 11749]"
119637,"[100127, 89534, 15576, 47524, 15525, 86011, 28782, 64263, 104056, 33010]"
119638,"[20118, 105716, 74267, 21311, 108175, 47034, 62097, 101298, 70830, 5498]"
119639,"[70932, 75572, 47106, 93576, 14646, 17042, 80595, 38929, 2524, 104673]"
119640,"[58910, 29383, 105407, 18729, 76219, 20497, 97489, 55280, 89512, 53716]"
119641,"[80206, 16904, 95958, 46439, 105193, 60499, 85476, 69254, 78647, 86070]"
119642,"[18289, 98041, 60868, 94848, 45832, 101007, 74158, 89415, 66804, 77294]"
119643,"[58302, 17322, 53256, 90026, 109585, 10831, 64445, 71841, 63859, 14856]"
119644,"[74400, 29606, 85156, 79634, 2207, 35586, 92435, 106631, 13159, 37336]"
119645,"[47603, 20545, 19409, 40371, 42798, 74898, 23384, 38225, 39031, 60051]"
119646,"[107663, 67006, 45833, 70370, 11520, 42088, 90790, 78412, 56072, 47419]"
119647,"[66081, 4859, 3657, 39555, 26108, 75909, 43982, 86168, 92738, 67040]"
119648,"[88579, 21675, 25200, 4371, 35303, 86858, 34798, 67421, 96053, 50143]"
119649,"[19064, 105923, 76118, 44705, 18184, 75723, 43429, 27464, 61588, 78107]"
119650,"[27830, 61611, 73462, 89822, 7402, 4151, 21999, 51330, 1719, 396]"
119651,"[47159, 17398, 99884, 87036, 8053, 62290, 104695, 73329, 100808, 47361]"
119652,"[54204, 13131, 75577, 41931, 85706, 69708, 81431, 56219, 55693, 48540]"
119653,"[84253, 6840, 91681, 54385, 69320, 33319, 1080, 83075, 108684, 28164]"
119654,"[81448, 82470, 73253, 74160, 25057, 3454, 11208, 36111, 74392, 108424]"
119655,"[100381, 82961, 11765, 73071, 77064, 94942, 45830, 77232, 42856, 67209]"
119656,"[80014, 74561, 54251, 27861, 104052, 31713, 83156, 101491, 63641, 98475]"
119657,"[67588, 37937, 13625, 102863, 101384, 37940, 27010, 1118, 33329, 6469]"
119658,"[37393, 97978, 60204, 109715, 6700, 46370, 4978, 37200, 49034, 5900]"
119659,"[29220, 93949, 50229, 50356, 43071, 40409, 25529, 71720, 105221, 5094]"
119660,"[100281, 20699, 65201, 95727, 36424, 62449, 73115, 61510, 83094, 97002]"
119661,"[51111, 51493, 3087, 55592, 16963, 27527, 17078, 51723, 39090, 51017]"
119662,"[94118, 42569, 62098, 73958, 79476, 91968, 1663, 16239, 96705, 76331]"
119663,"[59438, 106712, 58650, 30807, 15640, 10937, 21083, 66878, 56677, 69832]"
119664,"[29255, 4037, 52151, 47429, 40838, 85642, 57596, 78079, 20202, 12100]"
119665,"[14864, 3519, 99553, 90397, 17234, 9835, 84013, 75539, 72499, 27096]"
119666,"[7874, 65647, 34793, 19549, 93622, 17700, 50076, 90391, 16091, 89769]"
119667,"[41048, 93945, 87103, 3043, 51767, 39098, 48126, 62699, 29296, 59534]"
119668,"[50641, 101921, 38455, 60357, 103251, 73171, 36966, 81530, 10631, 101049]"
119669,"[8732, 20310, 108305, 46742, 47776, 106979, 88132, 36995, 22365, 65912]"
119670,"[100786, 30683, 67942, 86910, 47636, 39263, 38272, 96024, 36579, 102045]"
119671,"[42393, 50848, 21674, 36866, 99200, 90251, 94813, 95379, 22491, 75963]"
119672,"[92406, 74653, 23157, 39592, 6895, 15922, 86139, 17227, 18195, 85993]"
119673,"[49520, 39454, 80859, 76970, 69842, 96279, 87048, 50374, 45046, 108969]"
119674,"[59328, 13444, 23861, 10117, 74659, 73908, 24998, 16181, 77172, 95780]"
119675,"[53233, 84121, 66680, 81095, 48505, 37846, 12557, 98023, 20829, 90705]"
119676,"[108332, 93676, 27027, 43589, 29849, 19586, 78529, 39548, 10331, 81549]"
119677,"[11958, 1628, 99238, 81585, 108927, 60651, 27428, 48371, 7015, 10460]"
119678,"[37495, 28295, 108030, 70479, 101684, 47827, 15434, 71002, 101324, 28512]"
119679,"[66836, 80153, 62011, 87994, 79628, 37533, 107336, 108536, 81341, 62359]"
119680,"[16312, 106804, 74025, 80249, 21643, 59991, 52098, 83111, 79026, 87473]"
119681,"[46220, 34751, 23620, 101596, 64580, 73091, 58901, 51995, 107971, 103529]"
119682,"[66977, 107328, 4202, 41775, 77010, 79008, 40503, 84462, 89770, 96772]"
119683,"[19357, 64439, 34739, 103687, 71353, 4885, 23900, 6281, 81453, 85754]"
119684,"[56241, 43384, 66441, 43501, 46053, 58250, 2678, 20878, 99305, 109366]"
119685,"[96879, 88535, 23273, 68128, 34065, 41300, 15303, 1862, 88578, 86829]"
119686,"[70350, 28651, 50744, 65709, 56176, 46983, 82631, 99678, 100809, 93780]"
119687,"[76125, 59747, 53770, 68555, 306, 13986, 26185, 67281, 32826, 80209]"
119688,"[36686, 54769, 38392, 29311, 18708, 52812, 95684, 13144, 101871, 89685]"
119689,"[102994, 42501, 1591, 106347, 50499, 58071, 79099, 76785, 103550, 15016]"
119690,"[16977, 43454, 51998, 33068, 17317, 3028, 96507, 102302, 76288, 90614]"
119691,"[81517, 15116, 92111, 96657, 18111, 51180, 49601, 96280, 91329, 51756]"
119692,"[86106, 18628, 87033, 41769, 109579, 28889, 62583, 2108, 65378, 42413]"
119693,"[9869, 89998, 67944, 89076, 33273, 55344, 15888, 108413, 41625, 90611]"
119694,"[31964, 21585, 65952, 75877, 35240, 52538, 16513, 106806, 98686, 108896]"
119695,"[102097, 75894, 93710, 73150, 67494, 20936, 79578, 47162, 89468, 80704]"
119696,"[40834, 50114, 82237, 56114, 47713, 14432, 2352, 16850, 22085, 75442]"
119697,"[77951, 31533, 49131, 109013, 5576, 65987, 32135, 63351, 89127, 52055]"
119698,"[104978, 17855, 59820, 61252, 102056, 43647, 89005, 109328, 36511, 3374]"
119699,"[92305, 45523, 47964, 62887, 52149, 40114, 59057, 89762, 89901, 43465]"
119700,"[104230, 12018, 94595, 54198, 90662, 28781, 18100, 107789, 46954, 38358]"
119701,"[97507, 51791, 76488, 31430, 25966, 88239, 97914, 70234, 37931, 59067]"
119702,"[51969, 15773, 13328, 10123, 86389, 88632, 59215, 94735, 73972, 76048]"
119703,"[17741, 837, 21559, 65790, 85547, 16603, 54786, 59794, 88427, 97986]"
119704,"[75842, 108464, 72630, 38850, 76981, 31765, 62963, 15449, 51338, 96216]"
119705,"[60183, 31872, 102262, 95816, 87458, 1997, 100813, 73487, 85852, 70282]"
119706,"[83087, 102186, 33775, 5932, 104741, 79428, 23077, 23782, 76491, 64285]"
119707,"[61576, 46438, 35588, 15338, 468, 34179, 3197, 104394, 87791, 78906]"
119708,"[67917, 29015, 25034, 45159, 84678, 88479, 102745, 82823, 59678, 42355]"
119709,"[19392, 57899, 28047, 103143, 60716, 15985, 38791, 33952, 48047, 74634]"
119710,"[71771, 65121, 18392, 86823, 48422, 48805, 52995, 101227, 69298, 12397]"
119711,"[60973, 15698, 101792, 37194, 96470, 80814, 89920, 52992, 1313, 76026]"
119712,"[37393, 31896, 97978, 40776, 89179, 60204, 109715, 49034, 30475, 41969]"
119713,"[80140, 27449, 48868, 64943, 45732, 42735, 28726, 2099, 4280, 18978]"
119714,"[93057, 81111, 97212, 9698, 68020, 98671, 23628, 5361, 79575, 29422]"
119715,"[43196, 32611, 106599, 103769, 14752, 78438, 20777, 44834, 675, 60790]"
119716,"[69365, 41294, 52692, 10139, 427, 60193, 30342, 37593, 80091, 104756]"
119717,"[371, 2535, 59711, 92180, 91347, 50030, 55136, 99111, 105951, 40289]"
119718,"[46362, 37619, 50370, 45785, 30409, 106012, 64654, 64222, 18496, 58293]"
119719,"[92512, 59519, 99021, 97646, 72772, 43449, 89562, 102573, 90935, 48392]"
119720,"[87012, 77234, 53456, 17976, 6593, 48278, 39211, 63213, 24197, 62554]"
119721,"[58777, 45152, 11128, 61382, 71353, 24846, 37825, 50724, 8200, 3990]"
119722,"[45689, 51128, 92837, 28539, 20471, 32178, 9226, 12778, 90629, 49593]"
119723,"[20038, 26940, 56354, 77854, 46880, 23930, 100032, 93970, 35111, 67237]"
119724,"[17022, 37968, 45860, 86510, 81662, 17192, 50379, 73306, 77068, 93224]"
119725,"[17681, 79810, 103159, 100079, 24615, 83186, 85926, 57915, 29149, 17412]"
119726,"[107702, 73894, 64419, 13900, 67380, 15142, 45383, 27474, 65316, 31905]"
119727,"[71608, 82699, 48889, 8065, 103393, 50721, 41560, 34212, 30962, 25881]"
119728,"[11950, 43582, 57285, 53368, 98229, 28846, 54632, 2825, 60217, 88088]"
119729,"[4658, 19535, 35744, 22399, 67696, 99667, 18642, 16067, 1401, 76213]"
119730,"[80613, 68898, 15358, 75174, 88781, 71062, 44519, 5001, 10214, 100820]"
119731,"[8422, 50482, 102800, 80634, 62841, 22957, 40093, 86805, 54219, 67283]"
119732,"[8784, 64642, 35337, 94609, 91911, 85298, 30743, 74829, 2366, 88406]"
119733,"[28496, 94536, 101329, 56369, 104410, 67717, 18380, 21727, 71445, 76590]"
119734,"[48450, 86083, 19239, 74455, 108063, 74363, 24935, 106216, 31885, 52642]"
119735,"[87667, 74311, 23286, 29121, 28728, 69483, 107259, 19023, 49960, 51081]"
119736,"[98584, 71243, 108985, 80426, 1993, 14725, 9922, 101012, 32062, 43370]"
119737,"[49321, 73000, 50092, 38115, 89075, 48162, 93153, 87176, 55036, 64736]"
119738,"[66052, 62475, 26087, 30737, 30882, 95504, 45901, 41330, 103688, 28573]"
119739,"[1718, 104295, 80983, 33117, 94597, 24875, 67695, 103825, 43609, 81750]"
119740,"[23108, 42772, 56535, 73176, 77889, 15620, 55473, 32740, 666, 7455]"
119741,"[56780, 57115, 48093, 95775, 75329, 64948, 20297, 38367, 68136, 56826]"
119742,"[64336, 22221, 61195, 55251, 13551, 60075, 7260, 67361, 87791, 78449]"
119743,"[80723, 63499, 13229, 36444, 41525, 68902, 91631, 57036, 44067, 17448]"
119744,"[22510, 84296, 60854, 38120, 91721, 19172, 83573, 103738, 8024, 88974]"
119745,"[44865, 94345, 24125, 2272, 42013, 37287, 57182, 65368, 86841, 105244]"
119746,"[4034, 21657, 103642, 65933, 102688, 70570, 33803, 48653, 85826, 27513]"
119747,"[86334, 73482, 87580, 80348, 69098, 2601, 30750, 5519, 25751, 56732]"
119748,"[65564, 41024, 43465, 102510, 98084, 17888, 99695, 40846, 65050, 50971]"
119749,"[75032, 91207, 2752, 8315, 5369, 47215, 33363, 61537, 17477, 8117]"
119750,"[91755, 89425, 72945, 85383, 42209, 90722, 42136, 72148, 108793, 10736]"
119751,"[42072, 86672, 31094, 62853, 27172, 38898, 99284, 19804, 83297, 54449]"
119752,"[74756, 17454, 72213, 21337, 23675, 95132, 3475, 5179, 75526, 68006]"
119753,"[42269, 104430, 16561, 66344, 18806, 82385, 9983, 74152, 29972, 19159]"
119754,"[74918, 69867, 23148, 14919, 93768, 45925, 19958, 67083, 34703, 9176]"
119755,"[60773, 39267, 31652, 38389, 84288, 44650, 78531, 61683, 56011, 8155]"
119756,"[35303, 72221, 40631, 96379, 4371, 88579, 33000, 76069, 86858, 96851]"
119757,"[37441, 3468, 88696, 33660, 102400, 65547, 92178, 21646, 54140, 24203]"
119758,"[57127, 41578, 21155, 12229, 77191, 82208, 95249, 102421, 14866, 89156]"
119759,"[12183, 61204, 20613, 81419, 77035, 32878, 7430, 14863, 15041, 46527]"
119760,"[18142, 2287, 82594, 37789, 73699, 78319, 15463, 50369, 1698, 94799]"
119761,"[83274, 45049, 2806, 36825, 101326, 60135, 95971, 54717, 82253, 64621]"
119762,"[72895, 120, 54935, 844, 54351, 106386, 14723, 106291, 6928, 53595]"
119763,"[50097, 94040, 15540, 511, 61500, 89831, 45184, 63354, 106934, 48837]"
119764,"[87649, 9979, 59523, 24402, 37804, 82837, 87218, 8937, 17955, 74127]"
119765,"[58183, 99451, 78354, 24951, 68405, 74680, 65758, 91690, 2968, 6539]"
119766,"[25793, 45113, 23431, 7325, 53063, 21793, 91067, 98503, 36404, 52217]"
119767,"[78638, 59123, 50145, 19282, 100957, 108926, 64068, 106853, 52299, 34907]"
119768,"[53398, 63032, 43033, 69640, 3736, 105042, 106769, 56667, 65756, 25674]"
119769,"[49548, 102344, 67993, 63904, 103594, 47986, 27970, 32098, 43089, 8377]"
119770,"[58063, 14786, 98061, 88276, 26682, 16588, 101434, 46919, 95333, 48339]"
119771,"[45452, 68285, 2316, 58209, 96633, 3886, 34766, 17446, 18640, 60999]"
119772,"[3233, 11284, 40443, 12526, 46744, 30861, 47033, 17753, 87550, 96791]"
119773,"[50771, 23446, 69922, 49799, 8942, 81980, 63555, 106704, 30840, 37530]"
119774,"[77720, 94400, 9686, 62200, 87221, 7550, 40041, 84226, 94479, 53089]"
119775,"[100396, 92074, 2874, 25019, 57862, 63164, 53540, 2200, 75211, 38433]"
119776,"[98650, 18655, 26993, 97653, 4243, 83836, 93328, 101788, 96765, 2649]"
119777,"[54809, 27987, 109457, 78483, 11194, 10001, 52135, 37893, 7897, 102521]"
119778,"[109630, 62380, 6640, 25869, 6949, 18199, 1258, 21349, 85326, 104339]"
119779,"[55566, 59992, 5480, 36582, 99982, 6216, 102792, 104, 103662, 13620]"
119780,"[77751, 50822, 76701, 31667, 22962, 21613, 48225, 49102, 9124, 15452]"
119781,"[22101, 62012, 85780, 77523, 58951, 77078, 78716, 15553, 90304, 76254]"
119782,"[89294, 76974, 28749, 21783, 25384, 4874, 31112, 50260, 97874, 22794]"
119783,"[17456, 6954, 88924, 37041, 2548, 84827, 22351, 76780, 99323, 101032]"
119784,"[15254, 49510, 71935, 85827, 48659, 99949, 108327, 34459, 41588, 59825]"
119785,"[42277, 68272, 107484, 23002, 90853, 56410, 53217, 83850, 24687, 8339]"
119786,"[18769, 39275, 27738, 79191, 100351, 78359, 81809, 55195, 82390, 24206]"
119787,"[101339, 5564, 50377, 46498, 42933, 70202, 89917, 32163, 32832, 73990]"
119788,"[79130, 75786, 80034, 30384, 23518, 66535, 23183, 4862, 11341, 96636]"
119789,"[51998, 51558, 27115, 76288, 92677, 34074, 81609, 33664, 2137, 73478]"
119790,"[45911, 29542, 55057, 10299, 47277, 66936, 92619, 32076, 59409, 27788]"
119791,"[62012, 85780, 25057, 48940, 104291, 102025, 22101, 81448, 12267, 85202]"
119792,"[31808, 88369, 80879, 94033, 83843, 102431, 55013, 94872, 60456, 51798]"
119793,"[98316, 6310, 24931, 86848, 56356, 106857, 55394, 94913, 92167, 15266]"
119794,"[68562, 36149, 32528, 26683, 86277, 81329, 61129, 46040, 85340, 42123]"
119795,"[96413, 53097, 90991, 78253, 109040, 76802, 72166, 49816, 30686, 25052]"
119796,"[69363, 39751, 15272, 77807, 29519, 63872, 45107, 55700, 22926, 56008]"
119797,"[64797, 21107, 61265, 95957, 33138, 95058, 102019, 98180, 17159, 69203]"
119798,"[57143, 54046, 60165, 95135, 25433, 34310, 12660, 3420, 109120, 63437]"
119799,"[70917, 39666, 107103, 97389, 11780, 38355, 85958, 84006, 65231, 31071]"
119800,"[69531, 2897, 3144, 50920, 98523, 24638, 29829, 86410, 6350, 82096]"
119801,"[72420, 91806, 60540, 108653, 41599, 5582, 13643, 89124, 88779, 56135]"
119802,"[88860, 40663, 93420, 75090, 97467, 16896, 34378, 89936, 69726, 79937]"
119803,"[39856, 99456, 7072, 57028, 74593, 15576, 60820, 20402, 47623, 60310]"
119804,"[28744, 94975, 103125, 101517, 80724, 27512, 60338, 76513, 24932, 81310]"
119805,"[48503, 90469, 78296, 57820, 34999, 25279, 87298, 88465, 60763, 43730]"
119806,"[60102, 92146, 72420, 13434, 13226, 18063, 87453, 47709, 69135, 51760]"
119807,"[94509, 75322, 5438, 9503, 66342, 23363, 94803, 67912, 1167, 60045]"
119808,"[92960, 6981, 59429, 41862, 33241, 45631, 19640, 74533, 106768, 25950]"
119809,"[47289, 77199, 35279, 90335, 92784, 95421, 3074, 107505, 80332, 17457]"
119810,"[57575, 39973, 82279, 45433, 74667, 109123, 84560, 90250, 23130, 26992]"
119811,"[73404, 60841, 7514, 59950, 63270, 82295, 36878, 30705, 45719, 11785]"
119812,"[4269, 85022, 37369, 18999, 94054, 103962, 40192, 72078, 60248, 70237]"
119813,"[43751, 81551, 56062, 51754, 37172, 78353, 20862, 6135, 20675, 11885]"
119814,"[96846, 89670, 55469, 70442, 82600, 85225, 107417, 79208, 44225, 58989]"
119815,"[16114, 103537, 40003, 103101, 74078, 90073, 53998, 106424, 104470, 92513]"
119816,"[43333, 79475, 9158, 23452, 97501, 66847, 76602, 90198, 101605, 12613]"
119817,"[30072, 105375, 42828, 30115, 74800, 17082, 58656, 63230, 70974, 17505]"
119818,"[7204, 9998, 51714, 35025, 14925, 66213, 44336, 4469, 105557, 95619]"
119819,"[1399, 95081, 70316, 41374, 109239, 50984, 24754, 107283, 83644, 84680]"
119820,"[108222, 105026, 62244, 56816, 96257, 74516, 25958, 88392, 36588, 75658]"
119821,"[16833, 3918, 64767, 75261, 14619, 17706, 8490, 87029, 2800, 54097]"
119822,"[15987, 103632, 66513, 93528, 36802, 89742, 107274, 41911, 93482, 86702]"
119823,"[23707, 71887, 9229, 44257, 26962, 23503, 21958, 100401, 20550, 58046]"
119824,"[101254, 31331, 57591, 59213, 34032, 28152, 61887, 12060, 45511, 14288]"
119825,"[5090, 25345, 80488, 35418, 89036, 20357, 37306, 108125, 104237, 59641]"
119826,"[46192, 89193, 87405, 97560, 108047, 71350, 82425, 65116, 26210, 85057]"
119827,"[92170, 74105, 71331, 50305, 107242, 31246, 90725, 31427, 89756, 39949]"
119828,"[76007, 104624, 28578, 33809, 88724, 12360, 18849, 43847, 25038, 104328]"
119829,"[57222, 54485, 88643, 105910, 72873, 89744, 36000, 17806, 37731, 45761]"
119830,"[55067, 102828, 22076, 52442, 92375, 31557, 20265, 99764, 74964, 46054]"
119831,"[50073, 105710, 3132, 30537, 91640, 3756, 98957, 7049, 94297, 33330]"
119832,"[70000, 26165, 60221, 91134, 53972, 52384, 59843, 18415, 74604, 88999]"
119833,"[27017, 108477, 6864, 5554, 82472, 51658, 7078, 12321, 9137, 88647]"
119834,"[100694, 83812, 10976, 25901, 101017, 85550, 71022, 16217, 69267, 75269]"
119835,"[107020, 3980, 10678, 6409, 103373, 15481, 44057, 81148, 16525, 65516]"
119836,"[18085, 73000, 84805, 65591, 61980, 28532, 46098, 79213, 19750, 94734]"
119837,"[78401, 29480, 40426, 62703, 86994, 28693, 101822, 63871, 63786, 86628]"
119838,"[96199, 41807, 108475, 40248, 58272, 83718, 34304, 101082, 23664, 89564]"
119839,"[84299, 23213, 59203, 18518, 8053, 104695, 6790, 36762, 96281, 58830]"
119840,"[87330, 53120, 73488, 18091, 86870, 71493, 102467, 29991, 82783, 101466]"
119841,"[32704, 13729, 85710, 20307, 22660, 25650, 11716, 91821, 55651, 56422]"
119842,"[79607, 28570, 17038, 31959, 106493, 63749, 106519, 17027, 89740, 99367]"
119843,"[16545, 86, 13089, 70920, 33645, 57901, 74248, 22616, 84172, 18996]"
119844,"[93962, 5956, 59923, 78127, 5962, 11644, 92408, 93880, 4324, 26163]"
119845,"[46788, 65265, 99190, 77902, 101602, 68316, 20039, 43928, 65698, 46444]"
119846,"[51552, 82739, 104010, 59602, 72387, 92632, 68343, 56481, 76322, 93009]"
119847,"[86484, 36034, 45489, 79908, 31288, 59884, 71578, 89060, 20483, 59301]"
119848,"[52186, 13777, 58463, 60018, 92743, 100053, 67197, 10645, 12525, 34757]"
119849,"[43107, 29809, 82193, 38676, 65403, 94033, 59453, 26460, 74106, 38240]"
119850,"[98969, 95677, 48075, 72138, 33535, 63884, 18478, 92274, 12508, 99756]"
119851,"[45849, 83115, 101847, 21096, 58949, 2082, 11226, 23669, 39264, 36544]"
119852,"[37959, 74207, 18201, 109664, 27791, 105390, 75880, 78288, 71967, 11086]"
119853,"[104712, 33690, 105929, 11622, 89328, 21084, 4113, 18275, 17336, 12261]"
119854,"[87542, 91010, 109051, 64398, 32201, 43818, 74668, 41317, 103268, 21784]"
119855,"[90648, 76493, 101954, 90419, 86856, 27357, 45499, 102521, 96182, 72527]"
119856,"[39669, 259, 15211, 96867, 96648, 67515, 56163, 23971, 60117, 98438]"
119857,"[106453, 77308, 28245, 79594, 75832, 99626, 65513, 3395, 55586, 38020]"
119858,"[43186, 15124, 95227, 53398, 1170, 69640, 105042, 106769, 63032, 55904]"
119859,"[36654, 63976, 90356, 24086, 50401, 44279, 1350, 10888, 71036, 24908]"
119860,"[76660, 70890, 41433, 77708, 55725, 20218, 22669, 12740, 39488, 64466]"
119861,"[82794, 1281, 46943, 101875, 108868, 64108, 92297, 42914, 103905, 92982]"
119862,"[38193, 20049, 39167, 24193, 101636, 10858, 82227, 102782, 46221, 47725]"
119863,"[55994, 58519, 105763, 71073, 66907, 58650, 101957, 101965, 36170, 55652]"
119864,"[86654, 47687, 48604, 107433, 27789, 103935, 94231, 44913, 4459, 11334]"
119865,"[81791, 27228, 20363, 72694, 87063, 107636, 86448, 82071, 67010, 80136]"
119866,"[75623, 36675, 106413, 83088, 45688, 32446, 105849, 42239, 5273, 72152]"
119867,"[36911, 41132, 75051, 55472, 71691, 61960, 44907, 11277, 76293, 13623]"
119868,"[94834, 36101, 62954, 52399, 50059, 6266, 102303, 78576, 49567, 109673]"
119869,"[48243, 14614, 57615, 89079, 91124, 76356, 48265, 11029, 14274, 2234]"
119870,"[83559, 101968, 48532, 80142, 2363, 108431, 61310, 75077, 7322, 99187]"
119871,"[47461, 98798, 28637, 87217, 99890, 61389, 96404, 11451, 75834, 56925]"
119872,"[30592, 79246, 60139, 29718, 70553, 7849, 4799, 107412, 44205, 90949]"
119873,"[55402, 12528, 10847, 11372, 56474, 13576, 40430, 67038, 59462, 90999]"
119874,"[1057, 84232, 17831, 25538, 29345, 47181, 57618, 57718, 14507, 97782]"
119875,"[59736, 8989, 4131, 67046, 45772, 33287, 104159, 84039, 80596, 53514]"
119876,"[15439, 6477, 74189, 6949, 18199, 64966, 93828, 59628, 100837, 4679]"
119877,"[62439, 23481, 77640, 103795, 9236, 43717, 66832, 90929, 21029, 85304]"
119878,"[62240, 105928, 26399, 43744, 35941, 71816, 37528, 93747, 96709, 52009]"
119879,"[9354, 70525, 25956, 14984, 95169, 88178, 37420, 47410, 4044, 36385]"
119880,"[87196, 68565, 75312, 47884, 49441, 10200, 85634, 28483, 58011, 95191]"
119881,"[57191, 50279, 94225, 32419, 24891, 34386, 61206, 100733, 43008, 109599]"
119882,"[71856, 70480, 78507, 16459, 21934, 94149, 8429, 5407, 57663, 39469]"
119883,"[70513, 72906, 36371, 60612, 25507, 56248, 41475, 67645, 70690, 102103]"
119884,"[99997, 44500, 89577, 85796, 76739, 69176, 97935, 81810, 88812, 25344]"
119885,"[31455, 89437, 42971, 17963, 48175, 23581, 78065, 102035, 16594, 87730]"
119886,"[12863, 43526, 64346, 76221, 89926, 65915, 105545, 94644, 58681, 32737]"
119887,"[34717, 90359, 967, 108851, 92716, 72411, 47972, 50455, 1787, 72994]"
119888,"[43936, 46776, 72519, 84201, 26507, 38960, 82082, 8468, 20544, 2246]"
119889,"[23741, 106995, 83519, 37030, 78515, 44482, 10734, 45375, 50678, 73580]"
119890,"[65435, 22590, 41095, 26724, 73369, 9220, 21477, 100498, 72656, 100720]"
119891,"[68846, 13162, 66715, 62890, 103820, 59352, 31141, 38084, 60463, 63031]"
119892,"[102426, 41123, 79188, 21145, 23797, 95112, 62632, 93141, 78609, 40700]"
119893,"[14814, 104279, 60959, 84433, 3355, 48300, 66299, 66674, 49285, 76796]"
119894,"[99814, 80640, 83278, 52366, 47081, 68285, 2316, 1495, 86915, 93867]"
119895,"[69076, 105949, 56788, 44811, 3041, 7408, 6315, 45624, 103530, 59851]"
119896,"[62868, 78727, 73889, 102663, 30202, 72193, 88368, 4081, 57717, 48393]"
119897,"[79830, 108152, 80871, 95802, 75125, 107021, 74210, 81599, 10386, 32258]"
119898,"[15365, 37706, 50842, 43467, 92825, 15643, 15132, 4928, 70995, 13166]"
119899,"[84664, 75835, 47392, 21345, 60582, 30625, 45682, 100258, 56749, 32757]"
119900,"[6473, 11061, 49834, 37728, 103698, 45799, 11168, 75223, 65662, 2995]"
119901,"[20564, 87355, 95376, 101211, 75058, 52523, 69360, 80914, 91119, 89454]"
119902,"[88393, 20266, 28466, 50094, 89587, 88168, 99537, 12489, 40486, 54985]"
119903,"[66359, 100529, 7639, 643, 73494, 50901, 54199, 59135, 83448, 77332]"
119904,"[16173, 38031, 98266, 11233, 45511, 49985, 10793, 82179, 85841, 70004]"
119905,"[31904, 45089, 80297, 76319, 54815, 37960, 57246, 67169, 17999, 37047]"
119906,"[37516, 12679, 47914, 18835, 5774, 108996, 1682, 22949, 12315, 95019]"
119907,"[85529, 99819, 35193, 24027, 41995, 22573, 68522, 57055, 13408, 57656]"
119908,"[103774, 97607, 18687, 60177, 23148, 14919, 45925, 61120, 9176, 34703]"
119909,"[84793, 50522, 18665, 93533, 45057, 65418, 14837, 29966, 49058, 90668]"
119910,"[41539, 49554, 19655, 20499, 84273, 48401, 46011, 55199, 43762, 69619]"
119911,"[8036, 47626, 53473, 24649, 20134, 45585, 1135, 85681, 70, 59799]"
119912,"[33859, 62028, 63360, 80852, 56012, 51251, 59032, 36679, 4937, 100990]"
119913,"[92012, 108544, 27834, 83096, 93601, 75331, 49354, 87704, 58260, 102400]"
119914,"[98038, 71150, 59381, 98516, 26714, 10612, 24912, 41574, 101926, 2967]"
119915,"[95903, 93848, 11382, 61874, 68994, 49898, 54497, 8369, 47692, 61771]"
119916,"[95455, 93661, 96888, 51982, 99197, 24512, 42374, 22346, 23875, 94023]"
119917,"[60652, 817, 22190, 60403, 78103, 72931, 11250, 10498, 6065, 64868]"
119918,"[11446, 82691, 46287, 57784, 88349, 74390, 28784, 47410, 82950, 37793]"
119919,"[76329, 96136, 5130, 39675, 93566, 82736, 101207, 106, 83152, 29156]"
119920,"[97662, 67766, 79497, 28135, 103845, 19997, 32939, 8199, 37856, 52457]"
119921,"[82653, 106590, 86412, 63920, 7976, 77508, 82192, 81737, 25442, 86668]"
119922,"[7844, 91137, 54245, 99904, 5950, 61598, 40164, 103085, 83942, 56083]"
119923,"[79132, 87215, 58326, 14208, 29671, 10755, 92769, 2772, 80124, 93595]"
119924,"[106938, 16328, 65794, 90853, 49644, 15769, 56410, 87975, 17877, 108141]"
119925,"[19840, 18428, 61692, 23263, 2506, 48830, 4591, 7760, 72116, 25614]"
119926,"[78367, 13091, 89306, 62760, 25235, 37916, 13126, 42716, 101279, 36726]"
119927,"[70433, 31090, 82760, 48052, 32629, 33261, 32155, 34872, 11111, 33552]"
119928,"[27233, 49985, 73924, 82179, 13611, 61516, 1376, 63936, 70004, 94025]"
119929,"[56473, 67644, 30874, 88987, 76006, 6862, 13823, 27870, 65110, 72947]"
119930,"[13616, 79355, 1733, 18832, 5103, 105454, 66717, 79491, 21506, 23088]"
119931,"[77573, 76667, 105316, 67190, 24452, 92626, 64459, 41921, 95960, 69557]"
119932,"[56095, 5326, 66636, 80047, 16727, 13276, 60016, 106474, 70616, 10680]"
119933,"[106019, 41053, 50793, 11542, 45356, 21146, 26629, 15156, 35780, 98637]"
119934,"[43680, 57792, 43620, 77765, 98473, 90899, 28611, 58914, 84909, 74269]"
119935,"[14368, 69856, 54293, 84978, 67612, 107666, 101392, 39848, 47316, 72949]"
119936,"[8292, 32294, 57497, 107099, 32693, 20486, 84824, 86588, 92388, 99064]"
119937,"[23195, 108335, 6492, 88441, 92992, 72306, 96264, 6942, 92255, 10781]"
119938,"[13336, 32484, 67755, 81706, 84922, 103056, 98350, 53078, 59642, 48981]"
119939,"[58130, 9439, 61019, 3078, 88997, 58072, 4356, 84486, 26830, 25706]"
119940,"[63333, 23913, 65918, 94567, 94099, 108241, 97128, 81519, 4111, 2095]"
119941,"[55672, 81325, 62164, 88597, 20632, 78820, 1939, 88256, 74018, 33812]"
119942,"[5395, 11798, 32762, 84279, 87525, 9692, 12430, 34875, 22530, 75415]"
119943,"[20728, 42283, 108838, 32613, 16821, 60550, 72911, 61108, 83629, 75852]"
119944,"[3337, 77209, 6824, 51341, 100585, 34287, 59859, 31681, 41009, 38041]"
119945,"[87497, 102100, 96473, 64618, 59428, 73894, 91438, 26018, 32539, 86950]"
119946,"[94102, 54062, 88795, 88904, 10417, 64232, 53640, 92104, 79758, 48849]"
119947,"[1493, 57369, 7573, 33284, 78980, 21355, 80602, 104946, 45795, 96725]"
119948,"[17694, 44166, 3464, 221, 25295, 94432, 98381, 6418, 94284, 106885]"
119949,"[36051, 79481, 77545, 40187, 60209, 95395, 108118, 103740, 37640, 62275]"
119950,"[36104, 121, 85674, 1321, 31412, 66336, 58924, 102157, 81671, 40555]"
119951,"[21852, 81685, 80223, 106916, 109690, 90723, 43524, 60583, 41106, 100667]"
119952,"[29475, 10859, 34599, 71330, 11433, 48554, 39575, 61007, 23877, 55764]"
119953,"[32311, 100344, 86295, 34819, 68508, 71257, 75748, 37124, 99455, 77198]"
119954,"[20825, 63937, 73551, 14182, 33052, 56948, 73730, 78053, 67455, 87592]"
119955,"[51752, 98788, 48116, 14211, 17276, 59450, 3497, 82589, 9127, 2415]"
119956,"[43459, 66956, 63093, 86876, 36834, 15920, 89467, 56074, 33477, 109182]"
119957,"[47392, 45682, 84664, 32757, 21345, 57426, 56689, 7869, 60582, 22010]"
119958,"[885, 42615, 48305, 17169, 28951, 86878, 31875, 6328, 68024, 14428]"
119959,"[95718, 48388, 54241, 89189, 67940, 10160, 2224, 77704, 28500, 80977]"
119960,"[4507, 63373, 64141, 92699, 70711, 12764, 80608, 22516, 64916, 15703]"
119961,"[17712, 48516, 30104, 44373, 59146, 26282, 88663, 99894, 54411, 925]"
119962,"[89051, 41893, 84994, 101085, 37582, 20446, 27422, 60954, 50686, 5441]"
119963,"[3272, 22729, 60669, 61259, 67298, 52222, 24204, 38393, 80827, 82742]"
119964,"[32718, 15685, 11416, 82582, 71383, 518, 5432, 81513, 108765, 79305]"
119965,"[17346, 76370, 98312, 53995, 27428, 35152, 93522, 68056, 67172, 71371]"
119966,"[49146, 61514, 32824, 20460, 65, 58291, 8139, 40483, 3827, 43814]"
119967,"[90700, 42216, 72483, 70576, 18536, 5630, 27297, 91491, 43309, 19954]"
119968,"[96198, 67165, 51199, 100333, 35803, 81190, 13333, 12662, 40090, 26865]"
119969,"[28943, 76339, 36491, 103134, 89111, 56531, 89832, 57442, 35107, 16947]"
119970,"[107627, 37716, 33463, 74895, 64373, 44741, 63782, 43801, 4503, 92525]"
119971,"[61868, 92486, 78741, 61197, 77661, 10113, 77022, 31410, 96390, 43304]"
119972,"[66671, 75290, 38794, 48331, 39172, 2661, 105644, 106457, 91785, 6896]"
119973,"[58732, 14224, 104011, 62330, 49238, 80840, 42156, 84496, 97483, 3438]"
119974,"[78986, 94449, 13705, 46039, 85490, 29232, 6818, 86811, 44145, 64475]"
119975,"[12488, 107266, 84167, 18342, 13789, 67428, 5457, 11615, 38151, 29527]"
119976,"[78429, 25990, 49522, 35251, 59239, 47163, 58538, 62080, 37902, 107606]"
119977,"[33808, 103477, 32154, 1249, 93991, 86032, 84556, 28760, 79415, 98264]"
119978,"[9104, 101915, 41215, 94439, 50269, 22340, 82431, 51994, 54169, 94654]"
119979,"[2604, 42820, 98233, 9034, 8238, 80775, 97379, 19687, 57204, 67780]"
119980,"[32067, 47302, 11423, 30732, 78729, 101956, 44782, 22717, 80665, 615]"
119981,"[34300, 34511, 39954, 59384, 80262, 73320, 16640, 41953, 64343, 32777]"
119982,"[1910, 78717, 54604, 44973, 73132, 46534, 16906, 99754, 75414, 94377]"
119983,"[38567, 47356, 50538, 52737, 29315, 20315, 92825, 4896, 3473, 58904]"
119984,"[15944, 104995, 76109, 6696, 16237, 22505, 16503, 105961, 90894, 89203]"
119985,"[71367, 92960, 88599, 39341, 21682, 107771, 36427, 88086, 30274, 69421]"
119986,"[83830, 25913, 68760, 48605, 42889, 49584, 77788, 1661, 86635, 8479]"
119987,"[1850, 36180, 48769, 80816, 85943, 38381, 58809, 88909, 10132, 59964]"
119988,"[4860, 15667, 15114, 88751, 9696, 102765, 31841, 37113, 86980, 51322]"
119989,"[95546, 17538, 82676, 63453, 87541, 26652, 41689, 31836, 2645, 35094]"
119990,"[25861, 99295, 36315, 103675, 104857, 51181, 2585, 80394, 23115, 50617]"
119991,"[17342, 67867, 65657, 46121, 61872, 7634, 6530, 92082, 54885, 96266]"
119992,"[43613, 28180, 54585, 35242, 65472, 58229, 59672, 7963, 28236, 30792]"
119993,"[92407, 23414, 103952, 58650, 93243, 94870, 91813, 68127, 106712, 72317]"
119994,"[41696, 95243, 18825, 91788, 99939, 99588, 37107, 46725, 63716, 51104]"
119995,"[33622, 96552, 76333, 34931, 45853, 66486, 76287, 47753, 6745, 88977]"
119996,"[68093, 44039, 24495, 48237, 47809, 34241, 86755, 15146, 11309, 37173]"
119997,"[22413, 105024, 35436, 17404, 33956, 23011, 71614, 102821, 97798, 107152]"
119998,"[32223, 11553, 18429, 67900, 51330, 25367, 89477, 18919, 53957, 7716]"
119999,"[84044, 60964, 88444, 8833, 38445, 22244, 106589, 69828, 18894, 56175]"
120000,"[105677, 65097, 83827, 28314, 14120, 107503, 46095, 106982, 56155, 756]"
120001,"[92020, 36716, 105243, 31224, 57195, 62526, 75512, 65354, 58626, 53992]"
120002,"[104929, 37873, 29646, 61694, 27271, 99073, 46144, 62783, 18917, 99913]"
120003,"[10278, 63378, 99140, 3230, 102294, 97982, 30089, 47028, 56291, 80129]"
120004,"[66411, 100508, 97362, 89569, 11309, 77257, 38499, 38592, 51245, 96294]"
120005,"[89854, 42473, 21009, 79546, 88623, 88555, 96707, 41003, 31927, 29578]"
120006,"[16313, 74214, 7082, 18639, 3612, 56151, 76045, 75137, 32282, 74300]"
120007,"[15575, 2424, 82688, 17023, 72172, 24646, 109713, 15874, 97010, 47243]"
120008,"[8319, 64523, 43897, 66226, 18464, 85252, 90656, 43419, 37035, 64908]"
120009,"[76471, 108720, 80304, 73431, 15716, 66209, 78798, 4640, 65921, 48375]"
120010,"[23789, 35039, 48603, 24893, 52009, 105928, 63840, 24729, 26949, 8867]"
120011,"[59279, 57208, 104983, 85993, 72906, 67645, 70690, 66337, 102103, 45036]"
120012,"[29995, 72357, 75559, 25402, 65300, 78863, 57481, 95541, 99449, 105340]"
120013,"[63784, 4377, 5490, 85889, 68921, 95230, 54956, 99355, 60544, 38492]"
120014,"[32780, 92709, 93006, 58007, 85258, 91208, 42849, 90300, 15722, 95490]"
120015,"[105225, 32775, 36512, 51895, 88436, 56336, 44489, 83945, 15723, 4743]"
120016,"[100471, 59780, 7343, 106288, 106000, 73870, 104569, 86004, 90157, 18731]"
120017,"[81290, 19876, 83092, 51313, 27078, 39572, 52382, 68611, 32168, 81805]"
120018,"[84342, 95259, 96724, 88767, 15955, 37111, 29574, 13039, 105861, 86174]"
120019,"[29080, 57988, 85000, 35251, 83882, 15064, 33659, 45661, 98551, 39290]"
120020,"[33153, 103014, 61760, 30606, 15755, 91697, 20163, 13670, 88737, 34570]"
120021,"[80226, 67061, 87310, 90897, 65447, 44481, 52019, 23637, 57744, 74040]"
120022,"[108151, 10697, 17865, 42281, 40955, 25886, 16521, 4549, 25271, 8264]"
120023,"[13706, 65997, 85201, 108859, 29520, 89864, 69148, 30961, 24117, 61837]"
120024,"[52488, 45500, 57047, 39020, 55792, 23584, 32844, 87175, 60413, 8214]"
120025,"[88574, 70647, 9502, 29191, 89455, 66150, 96834, 24837, 57654, 92173]"
120026,"[96970, 67891, 98757, 35678, 36331, 96419, 36238, 80129, 18617, 79120]"
120027,"[71752, 67267, 29853, 78078, 66065, 108820, 21207, 15527, 101562, 10561]"
120028,"[35818, 37421, 79077, 48795, 88386, 10342, 96875, 47847, 48354, 60048]"
120029,"[11488, 46821, 108616, 61827, 78646, 37433, 73373, 62486, 89582, 45678]"
120030,"[6509, 68354, 63564, 101236, 80484, 46547, 1346, 97116, 9955, 11147]"
120031,"[95750, 98434, 87328, 33869, 4069, 54913, 75555, 59761, 5123, 106625]"
120032,"[86948, 7333, 88296, 94017, 91934, 32197, 42625, 15751, 50313, 62979]"
120033,"[46407, 40552, 71892, 101333, 34718, 83475, 104079, 48019, 27144, 62040]"
120034,"[102770, 93012, 91377, 20647, 82170, 53858, 79800, 63748, 88646, 100440]"
120035,"[20298, 105270, 77649, 83817, 50655, 79638, 18534, 48556, 50702, 49758]"
120036,"[66502, 43918, 84368, 58984, 99122, 100847, 39183, 1709, 17100, 55066]"
120037,"[96150, 57687, 80707, 92475, 91566, 78381, 97003, 4000, 50169, 96234]"
120038,"[44273, 9094, 108191, 65057, 79676, 13077, 57841, 94911, 79695, 106722]"
120039,"[70220, 3279, 74518, 57102, 84458, 57167, 88734, 1146, 78270, 1892]"
120040,"[10591, 78781, 101824, 69338, 40120, 36206, 83838, 107295, 47675, 48780]"
120041,"[25971, 76009, 19667, 99811, 100705, 76326, 60379, 21721, 29511, 93505]"
120042,"[109581, 84778, 28851, 76268, 76620, 28892, 68837, 88940, 105308, 52631]"
120043,"[72555, 94744, 61436, 10798, 108195, 56229, 86064, 38859, 109541, 105889]"
120044,"[28131, 39992, 21524, 74121, 93784, 8491, 71763, 1632, 69767, 81027]"
120045,"[7909, 29862, 109171, 10451, 83217, 15178, 108435, 17656, 72570, 29063]"
120046,"[79773, 11569, 103778, 1342, 99311, 9608, 37997, 86898, 77652, 70822]"
120047,"[942, 54654, 35028, 33136, 40759, 67137, 34794, 99352, 48855, 48592]"
120048,"[21782, 36814, 106211, 56315, 45422, 67571, 71368, 47213, 3527, 83766]"
120049,"[38094, 63906, 43891, 56063, 38103, 98353, 58330, 108538, 28534, 24083]"
120050,"[63211, 85766, 31704, 89179, 73479, 93400, 48913, 48086, 6880, 19091]"
120051,"[102523, 94482, 24655, 15619, 102222, 12281, 92739, 92735, 8953, 35561]"
120052,"[74874, 2173, 17879, 82386, 84361, 77203, 93891, 106184, 17149, 69315]"
120053,"[66337, 70179, 104556, 25507, 50959, 103525, 104983, 3901, 102103, 70513]"
120054,"[11317, 41260, 104922, 39914, 27577, 16795, 57645, 21829, 57940, 92449]"
120055,"[45822, 46451, 34770, 79493, 39596, 77893, 71959, 66966, 87630, 81684]"
120056,"[62361, 13353, 58014, 44775, 87060, 44529, 24730, 54934, 16771, 92145]"
120057,"[83268, 100560, 47850, 62852, 108142, 73267, 60021, 107337, 61312, 4238]"
120058,"[52395, 64712, 56667, 65756, 58930, 69292, 57568, 71875, 44744, 59760]"
120059,"[72389, 17844, 44006, 53887, 56321, 88452, 3766, 55434, 48328, 4083]"
120060,"[71686, 1453, 71734, 75259, 58396, 40344, 33987, 97801, 91155, 6629]"
120061,"[38161, 11955, 57611, 73334, 19135, 103659, 17894, 86657, 45243, 2509]"
120062,"[5699, 51935, 36799, 26132, 27029, 91734, 14811, 95980, 101022, 96228]"
120063,"[96375, 9132, 75593, 21390, 90620, 48103, 66233, 42934, 41861, 16841]"
120064,"[29636, 104541, 27539, 9668, 72855, 75149, 70039, 61547, 26015, 90150]"
120065,"[82894, 61927, 64607, 44125, 14077, 101766, 94997, 56649, 23020, 68095]"
120066,"[52715, 31847, 64588, 50001, 1280, 98027, 48937, 71191, 55744, 74738]"
120067,"[54601, 57225, 66600, 48671, 103408, 31535, 49326, 80506, 20218, 44859]"
120068,"[93737, 61923, 108099, 97025, 47563, 33697, 80713, 62095, 13193, 62072]"
120069,"[102924, 55859, 41892, 104110, 53807, 43745, 94937, 37654, 94278, 16631]"
120070,"[102369, 89661, 82377, 109301, 96172, 9922, 101345, 4787, 70500, 38275]"
120071,"[35419, 70067, 102134, 18832, 13616, 54625, 13314, 71694, 68653, 63021]"
120072,"[95866, 70202, 8335, 76147, 21921, 27285, 87945, 105038, 99978, 81261]"
120073,"[102392, 88538, 19406, 90123, 81404, 19953, 14060, 35137, 99204, 51263]"
120074,"[50700, 12659, 51801, 60701, 61195, 94205, 58566, 25567, 75629, 93548]"
120075,"[17597, 22574, 62104, 96484, 23120, 58269, 90520, 55064, 109519, 59316]"
120076,"[107528, 154, 15797, 34571, 55330, 35560, 75995, 66573, 19877, 108093]"
120077,"[104039, 109282, 62503, 87602, 48839, 37314, 89856, 42662, 93592, 89433]"
120078,"[71729, 72295, 43610, 52192, 31434, 63387, 37070, 64030, 20227, 54205]"
120079,"[49778, 90056, 27855, 101413, 533, 23694, 5430, 31605, 65694, 3180]"
120080,"[41836, 54823, 40968, 98722, 100947, 72850, 36033, 104550, 63475, 61183]"
120081,"[64684, 6956, 1539, 10286, 9402, 26530, 77823, 22769, 30759, 31405]"
120082,"[42782, 70310, 32268, 225, 13194, 73605, 27398, 23725, 67830, 96770]"
120083,"[44695, 54792, 95529, 42723, 14524, 37922, 83401, 57752, 1760, 29488]"
120084,"[12283, 30328, 98594, 15158, 75006, 43070, 24054, 64841, 47658, 29963]"
120085,"[80593, 102625, 66687, 93492, 10107, 28021, 63546, 26149, 37574, 16460]"
120086,"[21539, 66722, 58310, 94951, 17596, 25960, 107269, 77868, 18766, 3999]"
120087,"[35334, 68249, 91666, 85194, 58709, 85751, 87613, 77097, 19221, 58899]"
120088,"[61432, 4031, 24471, 15239, 107584, 56142, 21209, 99114, 22412, 31854]"
120089,"[82741, 47828, 51789, 9302, 1928, 72711, 105891, 364, 1285, 67067]"
120090,"[20086, 73054, 57309, 49640, 89074, 54582, 103871, 73872, 56469, 37730]"
120091,"[75275, 76060, 18718, 6408, 1855, 106984, 5209, 33182, 70946, 108018]"
120092,"[102060, 72402, 63336, 35035, 13425, 52305, 92765, 68518, 5333, 11189]"
120093,"[101456, 75874, 106970, 78842, 12747, 34172, 21954, 24394, 41392, 89934]"
120094,"[76975, 19333, 33057, 193, 17955, 1942, 37536, 85848, 76855, 39892]"
120095,"[99042, 99459, 49718, 165, 81173, 62462, 66456, 33167, 53560, 34227]"
120096,"[65275, 60491, 66482, 48216, 73644, 106932, 98511, 35369, 40744, 90630]"
120097,"[108836, 101218, 76419, 78676, 51241, 42813, 79702, 26062, 25415, 79195]"
120098,"[61564, 109304, 76012, 56439, 31361, 14265, 58097, 88585, 67171, 99701]"
120099,"[31750, 6798, 36261, 35162, 9587, 8817, 88603, 80544, 18776, 51225]"
120100,"[960, 91345, 11550, 11913, 109443, 37773, 76241, 90885, 21613, 65386]"
120101,"[99084, 4434, 80789, 98951, 71341, 62745, 34642, 83901, 94808, 33606]"
120102,"[38467, 74761, 1416, 39483, 64976, 79906, 36551, 1685, 70629, 41188]"
120103,"[22375, 32221, 20766, 67182, 33954, 10285, 7704, 105498, 27180, 22042]"
120104,"[69025, 109097, 7216, 30396, 35062, 85350, 50463, 69832, 24881, 49777]"
120105,"[51798, 70896, 11950, 18901, 12558, 64830, 66985, 21288, 65583, 50442]"
120106,"[104369, 28823, 62523, 50125, 51512, 102257, 26975, 85717, 37735, 44858]"
120107,"[41845, 42882, 92803, 78389, 108604, 105546, 10017, 97274, 59026, 69807]"
120108,"[77959, 32923, 56832, 63278, 25714, 20303, 42973, 34281, 21782, 89158]"
120109,"[8060, 22668, 67772, 79115, 107842, 97725, 88374, 81850, 45625, 49115]"
120110,"[9701, 85069, 50574, 13847, 33695, 20910, 93255, 91760, 80312, 3709]"
120111,"[48444, 53882, 30094, 14938, 38219, 21973, 36489, 67426, 22260, 98859]"
120112,"[69169, 100233, 53321, 67273, 5060, 21495, 92891, 41, 85554, 54227]"
120113,"[14255, 42379, 80659, 6855, 48260, 91923, 73083, 89672, 92663, 83474]"
120114,"[104373, 38051, 1322, 48044, 28124, 43771, 18980, 33512, 376, 42348]"
120115,"[47075, 64936, 83191, 6356, 102405, 37986, 9214, 67701, 30832, 35939]"
120116,"[22211, 3917, 2779, 55673, 51685, 61357, 87425, 14907, 8692, 102860]"
120117,"[69879, 98996, 12853, 67335, 93610, 51057, 72135, 80885, 15117, 96050]"
120118,"[21657, 57161, 50562, 102688, 32351, 103642, 32188, 84202, 91946, 65933]"
120119,"[44591, 61003, 72974, 35682, 54629, 92198, 74996, 18995, 37128, 10776]"
120120,"[63343, 54983, 24514, 67763, 40458, 26180, 42887, 2683, 28590, 58742]"
120121,"[75846, 73564, 61537, 56418, 33698, 10247, 79396, 79152, 18853, 101184]"
120122,"[65010, 33559, 71685, 29035, 47585, 8919, 38213, 99410, 88720, 48874]"
120123,"[3106, 12425, 101569, 80624, 19101, 31848, 90437, 5995, 42964, 46383]"
120124,"[85907, 49883, 41326, 20556, 80559, 69776, 34584, 85691, 58106, 63756]"
120125,"[85193, 20170, 79040, 9779, 32297, 27404, 76547, 8218, 74382, 91102]"
120126,"[68960, 62762, 100568, 7169, 53583, 19218, 58717, 76096, 79624, 70020]"
120127,"[107861, 44918, 36468, 89105, 86528, 48958, 7317, 77907, 66427, 73252]"
120128,"[51718, 93431, 8198, 42802, 45714, 40142, 21648, 20667, 60470, 30536]"
120129,"[106443, 50990, 14027, 95471, 95893, 99256, 44361, 104545, 92244, 91938]"
120130,"[36792, 91332, 53113, 63514, 84086, 7531, 10153, 20999, 54988, 15977]"
120131,"[104675, 88561, 77405, 6095, 57732, 75689, 42675, 105605, 85344, 27770]"
120132,"[85081, 55430, 40720, 91812, 86965, 6192, 16370, 48285, 8936, 8249]"
120133,"[44269, 2069, 104419, 3519, 54661, 46974, 84229, 64664, 42011, 25214]"
120134,"[16296, 33789, 66417, 60320, 34347, 101034, 55922, 13957, 68336, 105256]"
120135,"[30195, 40906, 29256, 72432, 21713, 71493, 47613, 17306, 5361, 29778]"
120136,"[30466, 68349, 63905, 104182, 20308, 81622, 13007, 50654, 50570, 72469]"
120137,"[93422, 73466, 104350, 90410, 18509, 22070, 11779, 24435, 1105, 96893]"
120138,"[107394, 38387, 1572, 101306, 96121, 52555, 52412, 86408, 56545, 37433]"
120139,"[57332, 80215, 100693, 107324, 90840, 100663, 94263, 72491, 85801, 10999]"
120140,"[2147, 17830, 9283, 71108, 95284, 57836, 34869, 60002, 26591, 38719]"
120141,"[58238, 97311, 34613, 72476, 41972, 35280, 30964, 9675, 88262, 96478]"
120142,"[37081, 103679, 71380, 41857, 108491, 50534, 90755, 73207, 54028, 39872]"
120143,"[82076, 15335, 37660, 87313, 108637, 32208, 21443, 65260, 87481, 65632]"
120144,"[78920, 588, 96863, 11791, 15978, 35281, 99834, 5146, 25250, 38254]"
120145,"[45816, 2649, 5010, 93411, 25446, 106366, 53073, 16635, 108721, 1321]"
120146,"[77086, 107509, 68263, 85048, 53312, 87335, 6193, 47383, 48342, 27953]"
120147,"[17850, 51528, 80455, 36921, 104954, 56669, 60232, 88209, 92620, 11237]"
120148,"[84998, 32133, 54309, 99268, 96002, 28337, 45363, 29513, 100775, 44522]"
120149,"[10154, 107016, 108017, 99269, 13514, 4491, 6443, 9058, 2827, 11171]"
120150,"[67153, 91557, 84187, 26974, 92676, 5545, 99668, 47959, 34560, 8135]"
120151,"[76285, 20475, 41298, 29879, 75685, 33619, 85967, 69454, 14918, 9097]"
120152,"[39810, 92518, 107489, 64768, 26102, 108078, 83877, 103475, 13021, 40735]"
120153,"[104030, 72600, 108255, 42943, 75781, 104297, 26440, 88222, 79888, 34492]"
120154,"[73151, 22532, 74670, 4291, 109231, 95783, 51520, 30224, 51501, 20253]"
120155,"[71006, 95341, 101135, 50821, 16765, 10763, 50677, 26111, 11479, 6961]"
120156,"[18556, 109580, 27132, 44256, 52252, 83815, 10826, 71406, 99217, 85629]"
120157,"[84825, 88425, 18137, 51782, 107724, 14157, 44247, 66783, 14824, 3910]"
120158,"[26834, 3990, 9723, 69678, 69012, 9317, 28017, 95895, 34133, 103300]"
120159,"[53800, 21866, 48202, 16101, 89483, 55546, 54156, 68306, 60526, 798]"
120160,"[105988, 82540, 9725, 54660, 97498, 38501, 64479, 60776, 84220, 60367]"
120161,"[61832, 97678, 94580, 240, 61271, 76246, 102556, 2166, 93140, 88630]"
120162,"[54448, 95794, 81966, 48431, 36808, 104661, 103555, 43809, 83142, 43485]"
120163,"[65759, 83963, 25106, 106988, 86934, 107050, 16123, 66266, 19491, 48223]"
120164,"[81623, 31555, 20035, 33206, 18539, 18064, 98666, 34402, 7452, 55030]"
120165,"[86407, 35905, 64364, 20526, 88018, 22091, 44537, 106410, 87450, 82]"
120166,"[75766, 52994, 72670, 34217, 17149, 71629, 16314, 10848, 12754, 62803]"
120167,"[35397, 14911, 86381, 90159, 63028, 65184, 103717, 61764, 103698, 37728]"
120168,"[76772, 23090, 20749, 76693, 46120, 75795, 47858, 18762, 66658, 8776]"
120169,"[36269, 67441, 44724, 27041, 47913, 67747, 100139, 57278, 14269, 31185]"
120170,"[47419, 101979, 264, 7408, 18805, 10215, 11520, 86542, 53204, 89287]"
120171,"[89241, 38363, 58707, 62746, 98488, 23619, 101709, 69411, 87370, 47998]"
120172,"[38216, 34784, 1595, 71970, 10007, 101210, 51411, 81285, 50764, 61595]"
120173,"[104540, 32212, 8326, 54389, 91834, 95607, 68536, 65777, 105287, 53661]"
120174,"[54726, 78196, 78527, 1639, 75881, 45258, 60161, 27986, 27622, 91945]"
120175,"[97068, 27340, 23862, 102602, 4869, 85805, 45198, 99596, 91457, 26982]"
120176,"[102097, 75894, 93710, 73150, 67494, 20936, 79578, 47162, 89468, 80704]"
120177,"[94589, 83275, 26642, 72752, 13677, 62083, 35089, 2749, 108111, 100657]"
120178,"[75533, 52294, 100700, 47866, 27491, 102508, 49720, 108931, 13748, 9394]"
120179,"[31033, 30257, 65224, 9874, 65013, 51246, 74409, 76629, 27493, 85839]"
120180,"[90171, 3410, 9553, 25401, 18973, 57134, 98695, 46230, 89057, 70043]"
120181,"[63043, 62131, 26000, 60826, 12081, 52647, 18895, 27058, 62677, 100161]"
120182,"[59712, 105905, 11283, 2179, 41403, 76277, 93384, 28058, 3658, 16527]"
120183,"[51451, 1646, 65928, 97071, 18836, 54643, 10556, 30496, 74907, 84299]"
120184,"[75626, 93376, 104965, 56817, 95381, 75253, 75607, 65204, 77741, 37159]"
120185,"[107035, 17495, 21472, 39176, 62521, 53486, 17247, 32153, 76979, 13957]"
120186,"[46373, 63112, 92824, 60287, 45871, 97527, 99715, 72391, 19128, 38188]"
120187,"[89524, 16547, 21877, 105747, 36545, 62556, 19776, 44451, 94512, 17435]"
120188,"[70807, 72415, 96452, 84492, 11379, 81885, 56822, 71552, 30982, 93373]"
120189,"[27512, 24321, 101517, 80724, 98811, 103949, 29522, 24932, 75403, 43788]"
120190,"[7729, 45812, 80102, 21152, 10363, 102276, 20894, 79595, 76760, 94755]"
120191,"[27246, 21822, 8378, 91114, 8476, 27303, 61546, 38580, 106152, 160]"
120192,"[44382, 89046, 74549, 87558, 64785, 81484, 64858, 80189, 19404, 84369]"
120193,"[72423, 69049, 102683, 61612, 37246, 52713, 75698, 66853, 30767, 15191]"
120194,"[86882, 66538, 100095, 103671, 59110, 76634, 39998, 36414, 42719, 95756]"
120195,"[43075, 10844, 37893, 67461, 28831, 59118, 104388, 21281, 90517, 43270]"
120196,"[34607, 96736, 98868, 103827, 103696, 77037, 91503, 72194, 14827, 105878]"
120197,"[105206, 33106, 106866, 104059, 55201, 61264, 83833, 74495, 21571, 6302]"
120198,"[100254, 103792, 101121, 67160, 75262, 95310, 11497, 17146, 9345, 90504]"
120199,"[63521, 73496, 60494, 44170, 84795, 14123, 83973, 48324, 34454, 80863]"
120200,"[17363, 42914, 103905, 97650, 18154, 84654, 10079, 38431, 70276, 5849]"
120201,"[67997, 81443, 24601, 27705, 101395, 106473, 16546, 73731, 79100, 71510]"
120202,"[22202, 78426, 66798, 48116, 93490, 5137, 57576, 50321, 82589, 20149]"
120203,"[74954, 1128, 5654, 38072, 92606, 44244, 73685, 29878, 65892, 91260]"
120204,"[72427, 108009, 7119, 84055, 67632, 94910, 97515, 22977, 29988, 17040]"
120205,"[9734, 103134, 8618, 108335, 36117, 102776, 92992, 95209, 31188, 87465]"
120206,"[74717, 101506, 79609, 1827, 95157, 34954, 1940, 10418, 42285, 91039]"
120207,"[92863, 32637, 39105, 13726, 39761, 105881, 3431, 33470, 30920, 50010]"
120208,"[51732, 21247, 25334, 61770, 3762, 73606, 98250, 75229, 14030, 49027]"
120209,"[53193, 95454, 42545, 12986, 92519, 37913, 98634, 69323, 14698, 3767]"
120210,"[62721, 51202, 14848, 3740, 72492, 97741, 73808, 17770, 704, 51626]"
120211,"[96149, 100815, 101878, 71751, 105508, 80004, 46988, 23035, 40520, 101053]"
120212,"[48623, 20165, 100131, 83128, 100356, 88152, 79464, 2304, 3608, 54927]"
120213,"[66320, 99467, 32413, 81652, 16121, 8443, 7262, 85905, 17385, 77025]"
120214,"[37171, 91870, 19490, 5642, 82110, 87773, 28286, 52365, 77114, 33224]"
120215,"[88456, 94462, 19943, 58195, 65598, 12678, 1895, 83070, 44312, 6092]"
120216,"[108362, 2964, 70971, 97204, 108261, 2968, 39990, 20202, 12100, 49216]"
120217,"[29814, 41276, 94524, 13164, 104262, 61912, 58832, 12473, 64907, 90606]"
120218,"[61044, 14183, 96187, 43179, 101662, 17798, 46652, 58933, 77937, 66629]"
120219,"[81459, 14258, 12434, 104798, 20115, 80742, 36886, 75673, 41522, 106298]"
120220,"[44781, 33708, 89428, 94877, 677, 81763, 36618, 104289, 52678, 22539]"
120221,"[45449, 20687, 8683, 22366, 76742, 96148, 99203, 28870, 4170, 81578]"
120222,"[4970, 26243, 99217, 85349, 15893, 4390, 3130, 37708, 10873, 33670]"
120223,"[74432, 57417, 63497, 4868, 8791, 97278, 60956, 20770, 60406, 83403]"
120224,"[97541, 57007, 89917, 30007, 104389, 75927, 105655, 69347, 75339, 96562]"
120225,"[68542, 16835, 6529, 83676, 109020, 50935, 62377, 57484, 42823, 21578]"
120226,"[4575, 32658, 6799, 22046, 57256, 42787, 92289, 31291, 63654, 105331]"
120227,"[1262, 2273, 99820, 104328, 25038, 61005, 62816, 60214, 98011, 65864]"
120228,"[78897, 71649, 43110, 64649, 51633, 32581, 79379, 101188, 10526, 77792]"
120229,"[87780, 63788, 76819, 29270, 20609, 51155, 41888, 44251, 101338, 51247]"
120230,"[4625, 24950, 88931, 67176, 58002, 30567, 50118, 87268, 4396, 88911]"
120231,"[55290, 93656, 88859, 60178, 52454, 100319, 79301, 100513, 52764, 22774]"
120232,"[98707, 15348, 24953, 97684, 108067, 76802, 41091, 19623, 44851, 18916]"
120233,"[75162, 71499, 26924, 35600, 51786, 62515, 10364, 35021, 86307, 80227]"
120234,"[36988, 4379, 91383, 31640, 56420, 83189, 10774, 79149, 92834, 23341]"
120235,"[93769, 101880, 983, 88095, 94344, 101900, 66959, 79510, 35251, 33620]"
120236,"[25878, 1216, 103149, 42350, 51120, 36022, 84682, 37637, 18339, 78130]"
120237,"[105206, 21571, 6302, 49667, 107006, 106866, 95467, 67363, 73931, 79181]"
120238,"[19901, 76465, 81253, 89969, 85840, 20965, 73552, 9924, 106921, 85005]"
120239,"[4013, 43297, 66571, 66327, 26785, 45665, 92949, 16677, 517, 16137]"
120240,"[10607, 20846, 5697, 11959, 67062, 61182, 11046, 19675, 93000, 49808]"
120241,"[56703, 17248, 15360, 51335, 44976, 97112, 88815, 109554, 50764, 79551]"
120242,"[108229, 52052, 49560, 63052, 77351, 65161, 30017, 87421, 100612, 74191]"
120243,"[15057, 38639, 40216, 36256, 46818, 93353, 39121, 60802, 86591, 50462]"
120244,"[75986, 73402, 35426, 90127, 109484, 22662, 27592, 72231, 78076, 17126]"
120245,"[22268, 87280, 59978, 10593, 93995, 71949, 49218, 28908, 90148, 71201]"
120246,"[63539, 82491, 25501, 48113, 71012, 52137, 14198, 2383, 67817, 55177]"
120247,"[18717, 42911, 47525, 59748, 2762, 66276, 32287, 83520, 93929, 42016]"
120248,"[53285, 73367, 21552, 35962, 83947, 90093, 14339, 48578, 41169, 107228]"
120249,"[72370, 51251, 58298, 56601, 92796, 96054, 63520, 104393, 86181, 87004]"
120250,"[22175, 2556, 46826, 82776, 11565, 24714, 79215, 12797, 28554, 57086]"
120251,"[31453, 46024, 14466, 15058, 34952, 38887, 102516, 97574, 87732, 52575]"
120252,"[81409, 1567, 62593, 58781, 16866, 76201, 108654, 106887, 21854, 72397]"
120253,"[9055, 94894, 23702, 15733, 50190, 76982, 91068, 36684, 16596, 79106]"
120254,"[50470, 55640, 101140, 100701, 105263, 107255, 30728, 55684, 74873, 54018]"
120255,"[23888, 105129, 78615, 77027, 67147, 75428, 17414, 25812, 28498, 90653]"
120256,"[33011, 78587, 67771, 9486, 28925, 30733, 38749, 5802, 55386, 16374]"
120257,"[24608, 17229, 102327, 57744, 62553, 88321, 42812, 89459, 43194, 31411]"
120258,"[85047, 90733, 54051, 27765, 58610, 69344, 83084, 108584, 10652, 73455]"
120259,"[76677, 361, 74543, 75935, 81911, 31195, 52218, 57898, 32051, 101471]"
120260,"[55197, 2741, 14128, 70189, 77046, 75129, 61361, 27411, 25622, 78562]"
120261,"[66214, 39657, 5428, 47353, 42796, 5186, 36114, 61804, 18138, 91094]"
120262,"[33439, 48637, 19490, 67488, 98185, 83189, 31640, 56420, 33777, 93298]"
120263,"[406, 95783, 23061, 39434, 12301, 97857, 12536, 93662, 14977, 3804]"
120264,"[12921, 81925, 99543, 79697, 99188, 37576, 76640, 42909, 107137, 64433]"
120265,"[51351, 3300, 47671, 107889, 98171, 6165, 56514, 78861, 47588, 76486]"
120266,"[6449, 26311, 103078, 73039, 70646, 12144, 7818, 15328, 109257, 66514]"
120267,"[91812, 48285, 105541, 85081, 55430, 40720, 13326, 29484, 109364, 33522]"
120268,"[37235, 86618, 29134, 78144, 20620, 75487, 11763, 258, 29160, 67676]"
120269,"[97881, 86135, 60070, 70541, 100501, 12847, 86110, 45317, 12937, 8247]"
120270,"[9994, 18197, 76954, 21064, 7744, 754, 25593, 77618, 61314, 36906]"
120271,"[11910, 33791, 10891, 24181, 21892, 70082, 19461, 35680, 1070, 70622]"
120272,"[31587, 36852, 21784, 78585, 27107, 91010, 93767, 56606, 43166, 36081]"
120273,"[92069, 105014, 24141, 55274, 25865, 81446, 85109, 17725, 48202, 4290]"
120274,"[81580, 7829, 59025, 42078, 2121, 108127, 102140, 31068, 39791, 61275]"
120275,"[108817, 91891, 55610, 96449, 94259, 26925, 48632, 91400, 50541, 36621]"
120276,"[30979, 68511, 90800, 25792, 98621, 72206, 6608, 24746, 33820, 45061]"
120277,"[59695, 92649, 76317, 10907, 73231, 28639, 1021, 29561, 70952, 81135]"
120278,"[109261, 68844, 82639, 23128, 99116, 72837, 60804, 20848, 40060, 98025]"
120279,"[102271, 40091, 93600, 33955, 106669, 83394, 94052, 65527, 7151, 19461]"
120280,"[96977, 97571, 3987, 68538, 9636, 68512, 47035, 51090, 101666, 90715]"
120281,"[14476, 46791, 18063, 64957, 65778, 100907, 86857, 10158, 19339, 36183]"
120282,"[96844, 98593, 22783, 82122, 4938, 12969, 32006, 53454, 62126, 63960]"
120283,"[56039, 83090, 18651, 80050, 89300, 108866, 91736, 34380, 51, 72270]"
120284,"[92668, 51844, 65667, 44018, 77627, 39328, 95644, 48341, 13984, 17172]"
120285,"[62123, 40208, 98272, 63538, 3513, 17928, 69064, 106220, 25046, 16627]"
120286,"[18280, 11444, 60752, 47631, 75965, 8047, 101256, 69735, 37566, 9089]"
120287,"[61697, 42317, 45273, 39669, 108891, 60975, 89169, 10618, 38281, 44583]"
120288,"[107217, 639, 83554, 35926, 71831, 29925, 75961, 54347, 67316, 23397]"
120289,"[1597, 57645, 9024, 10808, 38082, 97684, 98892, 53097, 78970, 33472]"
120290,"[38496, 103634, 55560, 109557, 7809, 67201, 24144, 743, 63921, 84057]"
120291,"[101267, 29421, 52168, 68422, 27295, 23209, 21717, 41185, 106030, 4720]"
120292,"[86963, 89039, 75195, 55378, 99606, 27147, 107940, 83425, 103896, 84692]"
120293,"[23930, 50280, 33318, 49987, 23526, 1432, 52708, 93970, 1332, 45167]"
120294,"[9914, 871, 26254, 99399, 63703, 49334, 61254, 80867, 80302, 18184]"
120295,"[4781, 86482, 10913, 79178, 13108, 70577, 6673, 108866, 27293, 92397]"
120296,"[56882, 105442, 2127, 829, 2215, 48469, 99045, 79481, 70998, 108118]"
120297,"[67901, 73109, 92681, 45676, 58730, 47426, 62880, 70343, 94895, 31508]"
120298,"[34339, 92383, 18579, 46809, 38311, 77565, 109297, 63812, 17420, 55795]"
120299,"[82845, 87584, 72579, 81628, 51086, 11612, 89592, 106986, 85159, 49332]"
120300,"[75754, 109714, 60688, 61175, 27118, 26798, 58056, 12391, 93317, 32853]"
120301,"[25649, 77054, 53440, 30775, 11848, 74961, 74190, 60020, 14206, 41539]"
120302,"[101904, 79561, 48197, 81213, 19789, 27706, 96009, 70259, 90511, 14087]"
120303,"[48336, 78258, 107229, 47470, 83400, 21620, 25437, 95678, 79068, 16429]"
120304,"[8047, 79544, 12990, 88228, 75965, 101256, 48523, 74541, 76743, 99285]"
120305,"[44276, 21088, 75983, 1353, 76262, 10129, 7210, 31150, 70602, 42950]"
120306,"[13527, 82243, 106002, 35325, 83856, 18167, 14054, 105515, 31202, 61417]"
120307,"[35907, 62961, 50479, 70219, 100655, 72724, 73651, 49751, 85434, 57281]"
120308,"[15558, 51569, 8224, 51656, 44158, 59393, 98596, 61910, 34565, 14430]"
120309,"[64373, 41728, 51302, 94420, 4503, 103322, 61687, 36060, 20499, 101857]"
120310,"[51364, 92045, 30008, 13341, 106951, 107084, 37956, 30937, 21637, 60631]"
120311,"[37116, 13763, 103556, 5487, 109665, 68686, 53872, 65599, 71093, 47942]"
120312,"[36206, 10591, 76576, 84356, 61630, 67161, 78781, 101824, 21162, 69338]"
120313,"[45565, 105324, 515, 18149, 69552, 98471, 70707, 21329, 108193, 23330]"
120314,"[44669, 81691, 25248, 82692, 25502, 85467, 55947, 96719, 43235, 55519]"
120315,"[94485, 23827, 57420, 33976, 99054, 41192, 81579, 107727, 87985, 36156]"
120316,"[18490, 57578, 3169, 88640, 54494, 61362, 39505, 58285, 78798, 60650]"
120317,"[9237, 51891, 12026, 5963, 24168, 87324, 48026, 8826, 51229, 69483]"
120318,"[72204, 76455, 20267, 97719, 77389, 106782, 14350, 95696, 15726, 89282]"
120319,"[63400, 98808, 59830, 47404, 50398, 299, 97136, 54971, 84120, 26706]"
120320,"[102237, 45470, 1132, 49141, 10011, 36818, 18197, 96905, 56529, 74292]"
120321,"[100268, 53991, 78968, 69056, 50753, 8535, 15454, 82200, 108422, 52910]"
120322,"[97802, 25149, 12901, 67527, 31740, 7663, 47492, 78535, 87117, 50234]"
120323,"[30329, 29067, 42360, 89310, 81512, 67008, 11696, 25073, 52794, 60663]"
120324,"[20559, 89826, 54151, 54525, 96445, 90780, 95285, 36177, 16471, 38291]"
120325,"[108864, 96021, 62455, 38445, 103940, 106589, 69828, 40611, 30503, 94475]"
120326,"[28971, 69986, 20789, 84712, 103159, 100079, 47966, 19174, 24894, 82007]"
120327,"[48134, 77023, 25365, 27710, 5947, 2499, 26139, 101247, 63279, 43320]"
120328,"[59801, 10861, 45823, 82719, 35683, 16817, 26226, 6591, 90501, 49984]"
120329,"[77075, 38065, 12838, 80966, 72497, 83950, 14872, 105795, 95886, 13178]"
120330,"[109420, 76014, 48129, 75858, 23898, 59810, 107888, 15419, 67864, 17280]"
120331,"[49659, 93106, 10246, 10126, 44228, 49741, 16766, 101960, 53184, 46391]"
120332,"[79042, 85569, 48578, 47223, 100697, 59625, 98677, 104672, 28102, 96635]"
120333,"[99349, 108862, 88423, 49494, 1606, 32099, 57609, 30736, 54268, 64908]"
120334,"[39162, 49138, 73305, 81891, 55101, 18011, 96063, 39112, 9186, 99536]"
120335,"[45848, 50707, 10904, 61876, 80795, 47922, 87563, 6630, 5552, 101999]"
120336,"[4391, 8883, 16389, 81168, 82857, 73825, 60200, 56535, 35709, 32875]"
120337,"[81620, 93609, 61276, 66216, 102938, 23833, 35567, 42280, 38492, 67595]"
120338,"[79928, 7579, 76302, 8819, 56241, 47291, 75681, 41223, 105585, 66441]"
120339,"[81279, 57056, 90032, 46015, 88986, 17654, 107969, 37217, 72727, 44130]"
120340,"[70537, 63495, 76591, 3215, 52926, 96296, 17417, 14053, 40585, 98126]"
120341,"[80122, 87839, 45519, 18762, 47858, 1942, 61324, 33057, 104035, 75248]"
120342,"[1933, 35306, 612, 76497, 99262, 39102, 97143, 31217, 11470, 98406]"
120343,"[73598, 16204, 96586, 76571, 56058, 35705, 74010, 156, 95396, 15519]"
120344,"[70783, 94312, 33434, 57406, 23418, 80, 106300, 19011, 41817, 11253]"
120345,"[35136, 70240, 100992, 55461, 8790, 1413, 38837, 7377, 9090, 6525]"
120346,"[41152, 22735, 106476, 91888, 73771, 20772, 28988, 65820, 20902, 58364]"
120347,"[9937, 93181, 108491, 67876, 22746, 66466, 60919, 90755, 73898, 73751]"
120348,"[53573, 54537, 52900, 10865, 27263, 3692, 63784, 76010, 75996, 89221]"
120349,"[101850, 4588, 43960, 72369, 103112, 61992, 25968, 41884, 109385, 85978]"
120350,"[72636, 53139, 44771, 11319, 67358, 10494, 64809, 98810, 25615, 25541]"
120351,"[17231, 103059, 13218, 29774, 40518, 14468, 8389, 15082, 89646, 27546]"
120352,"[15652, 95122, 53662, 72100, 21220, 36656, 73655, 60043, 98934, 109394]"
120353,"[29983, 8064, 91113, 88650, 84532, 40160, 12842, 4382, 22092, 34460]"
120354,"[50488, 84133, 88084, 59923, 90241, 68602, 50152, 63407, 29983, 4608]"
120355,"[54374, 60504, 11963, 96870, 47908, 30219, 6729, 15424, 4318, 93408]"
120356,"[84933, 46449, 63580, 49175, 66252, 10140, 49575, 79747, 52965, 43051]"
120357,"[15974, 102372, 88963, 86653, 83375, 22914, 1062, 44707, 103240, 45699]"
120358,"[78439, 22383, 83595, 54457, 95108, 106198, 55860, 12225, 99458, 103007]"
120359,"[45328, 23896, 82017, 37935, 2676, 69430, 91879, 16984, 106658, 21656]"
120360,"[55335, 61520, 64490, 78522, 38126, 77123, 20876, 108828, 24397, 10178]"
120361,"[28803, 16107, 85914, 73503, 24737, 97134, 28084, 37132, 98991, 68883]"
120362,"[89543, 78073, 105793, 99108, 77508, 54330, 80023, 26208, 64193, 34055]"
120363,"[16682, 57462, 95740, 16619, 45446, 67561, 80530, 60706, 4762, 79942]"
120364,"[16067, 19880, 10979, 1912, 41033, 57704, 40985, 18642, 51260, 6876]"
120365,"[96290, 55082, 22666, 68618, 8832, 13581, 80464, 16066, 27177, 65097]"
120366,"[40311, 57632, 23825, 95197, 73096, 59617, 97105, 20902, 7434, 84725]"
120367,"[72353, 71257, 89357, 38218, 57123, 44359, 79793, 32312, 12291, 62162]"
120368,"[69413, 33241, 14718, 52043, 74533, 69786, 79579, 56186, 53628, 81245]"
120369,"[49817, 33586, 16763, 9323, 21231, 102005, 35842, 6773, 11714, 93382]"
120370,"[34728, 77199, 17457, 78592, 6921, 37574, 16460, 1700, 107997, 94481]"
120371,"[108769, 64440, 22468, 103613, 99647, 101490, 96394, 14319, 57961, 17740]"
120372,"[91077, 85214, 70194, 11264, 21986, 77389, 89701, 101435, 16064, 30984]"
120373,"[86808, 24554, 12918, 21592, 8730, 57436, 51568, 40470, 13459, 26628]"
120374,"[8932, 69621, 24707, 9251, 50107, 38058, 78108, 16371, 37826, 40981]"
120375,"[6512, 29464, 17409, 73072, 70833, 45719, 88314, 97555, 79557, 66458]"
120376,"[7779, 1475, 24769, 78388, 15103, 30899, 8870, 59558, 56243, 16951]"
120377,"[34728, 65417, 17457, 106799, 68128, 80332, 91492, 27204, 73719, 26156]"
120378,"[66873, 82690, 43270, 31099, 37893, 7588, 14309, 29721, 16520, 87666]"
120379,"[86180, 5556, 68944, 83800, 54763, 1691, 105064, 30250, 62045, 88129]"
120380,"[8595, 90851, 38287, 27194, 56578, 101516, 108065, 27275, 95608, 97786]"
120381,"[92369, 56753, 42351, 45322, 61380, 72627, 96460, 18445, 72514, 33064]"
120382,"[39426, 85601, 75493, 99211, 97098, 28923, 30443, 108588, 30624, 80899]"
120383,"[11613, 34494, 101207, 98005, 100956, 77438, 97181, 74587, 74221, 14655]"
120384,"[82433, 63323, 104457, 23322, 12360, 41811, 2598, 32996, 26023, 57520]"
120385,"[36282, 124, 109448, 2157, 80664, 87368, 70484, 94310, 1051, 35591]"
120386,"[102811, 47718, 105336, 81003, 64569, 69329, 46811, 32970, 25727, 66960]"
120387,"[26199, 37505, 77006, 52790, 62133, 92812, 9096, 87648, 3089, 78485]"
120388,"[81964, 87607, 22803, 70846, 10549, 11604, 93396, 67481, 84564, 65747]"
120389,"[28422, 27955, 1367, 23442, 69943, 21724, 7356, 74584, 95136, 17840]"
120390,"[4618, 51136, 68229, 43236, 32987, 28961, 79956, 66219, 16205, 32865]"
120391,"[30085, 74228, 102351, 56627, 101497, 49045, 20531, 19982, 66384, 51038]"
120392,"[35864, 96229, 93793, 3442, 33608, 24232, 53270, 3386, 16405, 20621]"
120393,"[86893, 32871, 34815, 87152, 108256, 98910, 28499, 74706, 85646, 78938]"
120394,"[62048, 44048, 18469, 68660, 88744, 86793, 72502, 17373, 74864, 34904]"
120395,"[45529, 14307, 22268, 12200, 75309, 54960, 107911, 86502, 93995, 91793]"
120396,"[109575, 97583, 97473, 21775, 109572, 80044, 31801, 103681, 26522, 107444]"
120397,"[67935, 93088, 45264, 4701, 77410, 42409, 15312, 21383, 42187, 85029]"
120398,"[34843, 4351, 6597, 72084, 15840, 49366, 107248, 4794, 60838, 2840]"
120399,"[18241, 23117, 77529, 16941, 38285, 92687, 69916, 60949, 23667, 4845]"
120400,"[76573, 52116, 66022, 75160, 61325, 50875, 90814, 64337, 27401, 31503]"
120401,"[5873, 40195, 75738, 93780, 34719, 60735, 33173, 65709, 5320, 50861]"
120402,"[92155, 65594, 73230, 81737, 91146, 12366, 54336, 105086, 18594, 21301]"
120403,"[67389, 4824, 34738, 106095, 80183, 96549, 57776, 43869, 25865, 70655]"
120404,"[7997, 21689, 12010, 35945, 65427, 90247, 27802, 100817, 92420, 13037]"
120405,"[9154, 26705, 57080, 12245, 65819, 49681, 103874, 70392, 77430, 100722]"
120406,"[101508, 6319, 4057, 2000, 25175, 45302, 88254, 50476, 34802, 30783]"
120407,"[68442, 16586, 25488, 81570, 27586, 24936, 103409, 52976, 19496, 20998]"
120408,"[16885, 29590, 32475, 81298, 24841, 58322, 63242, 3702, 48726, 69385]"
120409,"[103044, 57542, 100817, 15015, 11555, 26845, 51148, 27802, 11448, 13037]"
120410,"[57640, 38254, 55829, 48468, 73203, 52332, 5146, 97327, 43986, 99834]"
120411,"[98725, 32207, 26345, 28717, 7310, 58120, 68964, 17415, 108740, 29753]"
120412,"[8152, 39848, 11761, 52409, 42662, 108210, 105540, 42261, 29001, 75573]"
120413,"[50480, 26563, 108405, 30155, 36632, 8907, 108523, 59776, 956, 107919]"
120414,"[11447, 37630, 68255, 40531, 107762, 86300, 80679, 3498, 78841, 68114]"
120415,"[23131, 26879, 50540, 66629, 1573, 4067, 61163, 90339, 59564, 43254]"
120416,"[29840, 103920, 101168, 45308, 53257, 91965, 74534, 107611, 77090, 34071]"
120417,"[95459, 77777, 92069, 26635, 26973, 798, 41553, 37883, 9490, 69702]"
120418,"[56139, 58479, 40746, 19791, 45696, 37398, 22957, 91314, 108903, 92556]"
120419,"[11508, 34622, 69896, 46356, 36632, 35627, 8907, 34733, 39135, 82969]"
120420,"[72254, 59541, 28640, 107953, 79701, 2851, 87343, 104522, 90432, 19897]"
120421,"[73052, 100829, 58772, 16435, 5499, 44965, 48865, 9048, 104033, 62164]"
120422,"[64290, 13676, 88917, 1314, 89989, 72726, 91662, 26747, 65233, 86156]"
120423,"[69935, 82534, 97289, 79219, 39497, 36641, 29172, 26383, 57529, 49218]"
120424,"[65384, 24806, 55267, 1105, 36707, 93422, 37930, 84920, 50721, 11156]"
120425,"[45803, 40378, 36802, 73118, 103632, 93482, 74385, 3384, 56702, 88258]"
120426,"[94744, 62839, 105889, 72555, 75566, 72441, 22367, 54849, 38312, 73760]"
120427,"[46828, 87430, 36620, 51857, 64070, 77301, 33663, 102502, 14322, 86037]"
120428,"[41654, 60510, 9561, 5959, 92121, 93545, 103943, 41096, 23373, 34215]"
120429,"[7986, 25701, 63760, 72926, 80152, 98504, 10295, 91623, 10794, 85438]"
120430,"[26647, 21342, 65417, 1700, 103312, 31489, 102678, 72119, 86102, 43073]"
120431,"[61603, 73672, 64617, 101096, 63249, 39268, 86435, 24795, 24970, 93738]"
120432,"[63726, 60249, 52711, 55934, 4432, 71052, 12020, 37186, 1810, 76904]"
120433,"[71233, 39266, 41040, 55870, 16487, 78069, 85159, 58825, 100552, 106770]"
120434,"[76442, 109641, 47108, 34429, 71473, 3679, 23275, 90974, 45784, 30867]"
120435,"[52616, 68369, 67780, 53755, 97379, 87010, 28335, 26205, 78725, 6831]"
120436,"[59149, 60555, 55673, 88605, 40168, 92451, 14907, 16961, 25707, 10619]"
120437,"[34009, 42191, 72761, 79268, 72292, 105034, 109060, 92136, 96039, 26270]"
120438,"[65666, 25374, 74908, 92966, 77128, 21728, 74668, 99015, 79387, 64708]"
120439,"[100339, 5742, 97773, 15554, 19556, 33425, 49704, 99549, 16966, 32004]"
120440,"[28907, 1986, 6386, 103466, 99396, 93635, 28416, 47080, 89403, 30047]"
120441,"[82685, 97239, 75719, 1818, 499, 8706, 26745, 92390, 100795, 88964]"
120442,"[45697, 19800, 80867, 4816, 104145, 65272, 85729, 11789, 81855, 61254]"
120443,"[16546, 67997, 81443, 61218, 48037, 984, 79100, 73731, 57272, 15182]"
120444,"[17125, 72922, 23636, 23996, 63509, 104156, 12673, 29708, 33958, 79244]"
120445,"[60441, 58486, 75134, 92088, 2877, 57751, 108214, 10773, 72199, 23833]"
120446,"[55138, 16321, 15634, 77346, 53495, 82563, 79529, 7623, 3969, 106675]"
120447,"[89643, 81171, 13892, 69375, 26479, 73712, 92395, 33441, 19667, 82647]"
120448,"[14584, 29632, 4974, 10816, 5776, 76717, 53436, 3710, 100056, 25093]"
120449,"[56261, 73903, 94248, 81757, 104907, 21396, 86830, 28861, 27500, 9195]"
120450,"[27012, 94219, 35714, 45354, 21889, 81833, 30243, 95838, 65833, 83216]"
120451,"[24754, 14485, 99900, 69393, 2993, 40312, 30118, 109761, 12611, 32861]"
120452,"[34988, 55456, 99631, 11241, 43939, 40679, 47990, 59256, 19426, 31098]"
120453,"[81606, 70178, 13683, 23134, 21249, 95076, 106660, 63201, 1641, 28034]"
120454,"[37749, 31433, 12102, 107031, 95554, 105769, 77436, 88559, 4967, 99915]"
120455,"[104010, 59602, 72020, 55864, 104947, 98131, 13284, 47790, 71390, 92206]"
120456,"[79999, 103433, 71615, 59958, 88352, 81038, 17072, 50551, 37018, 11247]"
120457,"[36588, 75658, 108222, 33641, 62244, 108045, 77494, 88392, 28099, 47663]"
120458,"[92247, 61805, 105506, 65367, 52871, 9639, 99236, 60946, 103777, 56397]"
120459,"[64851, 3512, 106642, 79565, 50664, 65063, 42215, 64290, 88112, 4043]"
120460,"[41533, 67798, 46082, 91095, 21561, 27842, 59860, 15551, 29711, 36720]"
120461,"[58915, 90754, 61356, 9213, 90014, 71556, 82108, 43861, 33652, 83721]"
120462,"[39141, 14939, 106843, 42798, 74898, 89112, 22537, 28107, 74646, 38225]"
120463,"[31097, 36027, 69096, 70888, 102207, 89739, 40547, 25272, 107721, 58654]"
120464,"[107649, 75961, 84696, 20409, 13678, 35926, 63108, 54347, 23397, 107217]"
120465,"[17342, 96266, 89722, 95575, 65657, 67867, 46121, 102430, 42834, 48594]"
120466,"[61927, 6827, 74309, 56649, 104424, 26720, 14077, 64607, 48892, 23020]"
120467,"[37538, 108493, 92554, 67832, 104463, 13952, 80522, 84504, 52011, 102518]"
120468,"[24637, 86705, 88718, 19567, 35731, 89319, 41590, 77156, 50777, 103691]"
120469,"[69936, 95829, 94402, 91947, 19158, 54950, 37506, 75044, 71577, 67675]"
120470,"[35046, 69331, 23038, 82976, 46886, 58634, 10154, 94139, 13514, 62661]"
120471,"[70966, 6993, 83141, 29803, 32180, 46897, 34164, 73281, 49583, 80675]"
120472,"[98437, 40733, 70359, 47911, 84956, 42273, 63139, 77969, 61318, 7661]"
120473,"[34083, 19534, 32585, 35192, 5062, 35536, 18681, 61680, 25287, 98767]"
120474,"[64088, 44987, 46526, 50339, 88030, 96947, 31823, 79068, 81564, 93147]"
120475,"[92398, 12469, 988, 88711, 101603, 12497, 74788, 80917, 106488, 100622]"
120476,"[54757, 15486, 21397, 74962, 54116, 49671, 70236, 34265, 87143, 26182]"
120477,"[86247, 88995, 100609, 83854, 48522, 20199, 77725, 4158, 80398, 77047]"
120478,"[59734, 76104, 62597, 106834, 15243, 77131, 105938, 26162, 67623, 71684]"
120479,"[23139, 76939, 78125, 32532, 34121, 103923, 37354, 32536, 28686, 22871]"
120480,"[94491, 74748, 98166, 10121, 62709, 75640, 23918, 52929, 30816, 23303]"
120481,"[27872, 104588, 74389, 5095, 25380, 99534, 31428, 54187, 33290, 100657]"
120482,"[39196, 87127, 68251, 21513, 80053, 39824, 39111, 83495, 81365, 63724]"
120483,"[108921, 77061, 102603, 94093, 74487, 86515, 19542, 44573, 40298, 95967]"
120484,"[95612, 53762, 34600, 57219, 51400, 97348, 83897, 63902, 105940, 43517]"
120485,"[18584, 42996, 80859, 87048, 107109, 50374, 45046, 62170, 106008, 75924]"
120486,"[68590, 50477, 109433, 108300, 23032, 108856, 90521, 88005, 22773, 54488]"
120487,"[29474, 73936, 106502, 72050, 21419, 40405, 6143, 1499, 86834, 77362]"
120488,"[91135, 104971, 49133, 67775, 24829, 93725, 34033, 100475, 45429, 58122]"
120489,"[81551, 20562, 19478, 44541, 5174, 79021, 25791, 56062, 51754, 20862]"
120490,"[44462, 39744, 105429, 41249, 97425, 1023, 26039, 14382, 27372, 43968]"
120491,"[49894, 72848, 27504, 41058, 60047, 28030, 27296, 103145, 91242, 71322]"
120492,"[104992, 67173, 25459, 31749, 42222, 85840, 86966, 63909, 87182, 71256]"
120493,"[54378, 74330, 4302, 76376, 37968, 84738, 47030, 81816, 67907, 107779]"
120494,"[66641, 28958, 106347, 102994, 26291, 42501, 1591, 65718, 48570, 31691]"
120495,"[105374, 77155, 82208, 58184, 102601, 67523, 16951, 56243, 70840, 104753]"
120496,"[41573, 19581, 80408, 25634, 42640, 78694, 29508, 80039, 75688, 27685]"
120497,"[25608, 108497, 62028, 51067, 41918, 99544, 52000, 184, 59295, 83420]"
120498,"[90616, 39815, 107761, 16865, 32835, 81938, 81674, 59550, 33210, 91433]"
120499,"[35754, 19520, 73309, 51684, 36878, 91343, 45719, 55468, 34921, 16197]"
120500,"[45248, 54266, 3352, 19122, 10341, 13825, 52127, 33858, 93798, 21812]"
120501,"[40979, 88429, 94528, 36958, 89520, 71807, 58739, 32818, 79760, 4886]"
120502,"[96441, 107525, 74136, 51892, 12548, 77862, 13117, 88326, 98466, 87102]"
120503,"[10019, 95999, 46480, 102142, 123, 104853, 71078, 89488, 62738, 109197]"
120504,"[104867, 104331, 27529, 64890, 18526, 12922, 88314, 69228, 43182, 61979]"
120505,"[20363, 40446, 70542, 85500, 52385, 56048, 64510, 8944, 19819, 83664]"
120506,"[79397, 69024, 18365, 95052, 22455, 63615, 60946, 61155, 63382, 15924]"
120507,"[63339, 57535, 84277, 7425, 83081, 58051, 12028, 70630, 83472, 31651]"
120508,"[13480, 10685, 3157, 47534, 19337, 27304, 11878, 44573, 87230, 40298]"
120509,"[34555, 1032, 37248, 76688, 71523, 59928, 103751, 43291, 26158, 108372]"
120510,"[38112, 33131, 86151, 33217, 53876, 51786, 39905, 15923, 62515, 66300]"
120511,"[56409, 75469, 62428, 90342, 97523, 32399, 99056, 11446, 73290, 24958]"
120512,"[108989, 57176, 53109, 55547, 35192, 96413, 61680, 26780, 38644, 97182]"
120513,"[96725, 74332, 67907, 79809, 4302, 74330, 53940, 76498, 4415, 97355]"
120514,"[31749, 25459, 35927, 96079, 51293, 23058, 72687, 3864, 1255, 93855]"
120515,"[79763, 27360, 97210, 106935, 779, 27049, 51958, 35385, 48634, 93406]"
120516,"[21440, 57518, 56106, 27109, 46884, 25639, 90772, 30827, 6091, 63302]"
120517,"[56742, 59284, 10691, 6562, 90446, 23359, 103205, 102241, 72216, 32012]"
120518,"[14697, 64165, 14910, 87573, 3573, 32745, 968, 46647, 50457, 47933]"
120519,"[52787, 15037, 36724, 89554, 84275, 108724, 87602, 93592, 73838, 66887]"
120520,"[15473, 98887, 42855, 17605, 57610, 88705, 7932, 72314, 1783, 101781]"
120521,"[75254, 56906, 11666, 62866, 79911, 79282, 23566, 81127, 82290, 37746]"
120522,"[64684, 66867, 102230, 63896, 40464, 58910, 109507, 107421, 53967, 61964]"
120523,"[18983, 45609, 32691, 106218, 99762, 75921, 4270, 44242, 55324, 52203]"
120524,"[65280, 88677, 77228, 90012, 86806, 293, 83282, 63005, 15373, 33953]"
120525,"[43638, 23436, 94994, 17773, 55197, 25622, 69290, 74359, 38910, 80425]"
120526,"[16306, 42407, 16786, 34967, 20991, 6257, 80937, 67530, 43317, 21450]"
120527,"[28653, 5249, 95370, 80409, 86806, 32573, 65268, 92291, 106420, 81041]"
120528,"[38410, 67664, 76241, 51290, 51734, 57318, 106403, 5529, 2305, 1199]"
120529,"[102967, 83538, 105639, 53793, 2505, 90022, 79458, 26435, 59906, 99019]"
120530,"[63325, 7406, 24533, 17622, 105449, 68141, 71839, 60412, 98829, 25807]"
120531,"[72574, 56056, 75621, 24602, 73341, 69461, 3785, 36269, 97590, 95373]"
120532,"[101085, 84994, 41893, 89051, 37563, 20446, 27422, 50686, 93415, 40949]"
120533,"[10715, 104623, 1979, 91605, 1566, 80272, 36527, 9959, 92657, 12700]"
120534,"[47375, 26048, 14472, 49320, 54321, 28411, 16093, 40325, 20294, 4836]"
120535,"[39528, 104621, 15670, 105806, 2038, 33055, 41962, 71744, 21046, 21390]"
120536,"[45785, 64222, 37619, 92592, 74125, 105333, 96283, 65576, 85431, 50370]"
120537,"[28593, 74342, 6346, 38861, 28330, 74270, 107916, 94288, 84878, 3351]"
120538,"[59354, 90616, 3214, 33210, 93910, 51645, 68718, 17556, 61281, 103450]"
120539,"[55061, 94365, 96202, 98673, 90039, 2515, 100918, 39518, 43607, 100946]"
120540,"[80223, 18953, 60417, 50527, 9671, 54210, 60583, 68082, 31495, 29982]"
120541,"[85796, 79425, 44500, 99997, 76739, 71964, 69176, 25344, 18635, 33285]"
120542,"[49389, 76277, 2464, 105905, 1597, 85002, 101535, 49816, 72166, 91372]"
120543,"[3901, 66337, 1761, 70690, 104556, 96384, 11118, 67645, 79086, 95025]"
120544,"[83800, 2785, 70626, 54763, 99204, 2102, 70851, 23027, 84108, 101924]"
120545,"[62683, 51139, 8667, 91123, 83397, 76779, 9849, 92564, 31846, 101182]"
120546,"[60466, 60915, 93851, 39387, 98222, 31569, 59081, 38152, 73464, 22835]"
120547,"[5789, 62113, 93505, 96526, 76326, 25971, 76009, 60379, 21721, 9071]"
120548,"[13328, 94785, 43760, 51969, 38091, 41290, 61981, 5670, 84969, 105960]"
120549,"[98151, 45163, 96045, 11505, 11997, 74884, 93387, 89702, 8034, 55333]"
120550,"[68936, 106490, 75613, 67475, 22000, 73818, 49342, 100796, 5808, 106080]"
120551,"[97961, 20747, 2385, 15364, 103246, 83752, 69566, 39797, 64705, 90094]"
120552,"[16815, 18523, 54650, 21981, 23754, 56103, 61816, 11198, 10516, 23546]"
120553,"[66502, 84064, 86580, 33175, 78945, 84368, 4273, 83599, 45759, 94140]"
120554,"[59547, 21050, 68948, 4167, 17670, 41311, 60312, 9223, 747, 42837]"
120555,"[6813, 31372, 95066, 93072, 77129, 55356, 82865, 14989, 74881, 15743]"
120556,"[4237, 44091, 38903, 109254, 52683, 22933, 54313, 70735, 93733, 9996]"
120557,"[29742, 90400, 63008, 94483, 41034, 92174, 21912, 65639, 61928, 38607]"
120558,"[16178, 38706, 4744, 15668, 15321, 58789, 70900, 109210, 66764, 29082]"
120559,"[51140, 63114, 64228, 92045, 60842, 52515, 72008, 99069, 4440, 87210]"
120560,"[44008, 104864, 17075, 12934, 26137, 101530, 37513, 19125, 83892, 83295]"
120561,"[27105, 35364, 85513, 98197, 44188, 30299, 51450, 77262, 106485, 70034]"
120562,"[76865, 99381, 41, 57450, 68532, 71639, 84548, 11166, 44968, 75475]"
120563,"[44625, 65448, 47031, 12654, 33675, 48589, 87644, 107702, 33865, 64099]"
120564,"[80739, 63805, 63660, 31909, 26888, 109298, 43703, 36694, 18871, 30226]"
120565,"[23342, 58501, 91774, 46349, 105357, 7532, 16661, 25161, 41895, 107899]"
120566,"[52598, 37957, 27065, 35380, 67068, 29599, 95906, 56939, 57052, 41909]"
120567,"[87744, 26855, 76294, 75089, 53592, 35673, 86188, 57787, 53817, 31847]"
120568,"[10490, 8190, 98463, 94827, 15283, 34484, 109305, 45064, 2421, 24899]"
120569,"[47111, 82935, 96761, 105140, 34024, 72940, 92828, 54999, 80320, 33343]"
120570,"[97700, 34914, 53795, 43634, 76862, 23805, 33876, 9862, 66645, 94176]"
120571,"[63167, 103710, 5842, 59560, 31266, 30825, 13447, 62428, 79431, 2356]"
120572,"[47100, 3509, 72279, 30947, 76663, 27906, 6135, 84797, 30263, 41430]"
120573,"[60700, 101423, 18560, 90016, 92398, 97525, 11151, 100815, 100530, 108801]"
120574,"[25644, 74434, 46078, 107279, 41469, 94542, 27534, 103406, 77919, 60697]"
120575,"[26501, 54900, 33054, 12666, 19247, 86972, 83631, 2248, 22779, 96740]"
120576,"[469, 52445, 15459, 99105, 84805, 14973, 25466, 91949, 56917, 69617]"
120577,"[38234, 34008, 56800, 18418, 17150, 64804, 45099, 66147, 78201, 55957]"
120578,"[103955, 68920, 71791, 67131, 9694, 7953, 93013, 102566, 20081, 85169]"
120579,"[67431, 45416, 75016, 79692, 47848, 31142, 44893, 87547, 84956, 42273]"
120580,"[14011, 39532, 108830, 79199, 60759, 2707, 16068, 19888, 37373, 26577]"
120581,"[45189, 50794, 82374, 95252, 102616, 56306, 42713, 87538, 63576, 66699]"
120582,"[14418, 59554, 69695, 13071, 105094, 93285, 39310, 18839, 109169, 51215]"
120583,"[43794, 53169, 74324, 89904, 69747, 90341, 99232, 85825, 30755, 19767]"
120584,"[76268, 12934, 79677, 19290, 15758, 73283, 39353, 36991, 83254, 91012]"
120585,"[61355, 83919, 2097, 6758, 66933, 82454, 11132, 81546, 10314, 26314]"
120586,"[48865, 100829, 73052, 102241, 104819, 5499, 90626, 81325, 66460, 32012]"
120587,"[52490, 20234, 96194, 33534, 60075, 108274, 74075, 43752, 15338, 39517]"
120588,"[58672, 48390, 45305, 97338, 20155, 12177, 31059, 24156, 38654, 34356]"
120589,"[22383, 88033, 108427, 9352, 11379, 90307, 92810, 25179, 106198, 12225]"
120590,"[92613, 17753, 31010, 15676, 67036, 28057, 54233, 22546, 95009, 13390]"
120591,"[8193, 63559, 52059, 38427, 109282, 47549, 90875, 48839, 18624, 92169]"
120592,"[57231, 80521, 37026, 39697, 36849, 64235, 50731, 27923, 102338, 95482]"
120593,"[102210, 378, 23492, 108944, 85201, 3207, 69835, 8298, 56327, 104330]"
120594,"[102720, 4725, 93639, 95137, 78148, 47010, 105093, 85473, 43964, 3138]"
120595,"[17656, 86725, 88609, 109171, 22063, 52663, 59552, 41755, 22859, 88916]"
120596,"[316, 12919, 60840, 76761, 14192, 106217, 78096, 73919, 35509, 76454]"
120597,"[17739, 83433, 85939, 82995, 43056, 99112, 20008, 15305, 73743, 66789]"
120598,"[33291, 78939, 24972, 80360, 59007, 97452, 20093, 63759, 64313, 11259]"
120599,"[22026, 75376, 86259, 64837, 54593, 23763, 43311, 37437, 28043, 81864]"
120600,"[79001, 78215, 58726, 28830, 72038, 87414, 40019, 29362, 93732, 109543]"
120601,"[88198, 81085, 54247, 44574, 106316, 100442, 28177, 82359, 50594, 58253]"
120602,"[28848, 108841, 26671, 9266, 208, 48625, 34123, 39557, 1040, 100333]"
120603,"[102404, 93383, 50650, 90593, 89109, 3557, 54868, 96366, 54644, 5323]"
120604,"[100901, 28953, 105236, 87132, 2230, 83052, 6326, 82889, 87292, 54540]"
120605,"[86961, 40034, 106564, 12698, 55160, 26479, 43964, 68549, 13892, 52952]"
120606,"[30382, 106480, 81563, 40127, 33087, 86564, 52867, 57345, 62470, 4990]"
120607,"[30363, 46436, 68662, 24490, 4553, 62144, 7197, 28913, 76724, 7843]"
120608,"[10826, 27132, 43851, 48053, 16599, 82623, 109580, 87521, 85349, 51085]"
120609,"[108278, 15183, 107690, 94109, 2338, 8745, 31279, 8927, 31785, 8993]"
120610,"[85261, 80742, 54714, 105741, 49346, 81459, 87630, 45693, 46580, 109133]"
120611,"[43973, 40105, 7018, 27598, 62645, 86347, 106022, 100270, 17809, 3743]"
120612,"[65842, 74417, 61354, 38916, 109431, 58734, 17348, 104836, 93637, 4759]"
120613,"[72473, 15822, 27115, 43995, 52993, 11793, 13604, 106957, 18384, 18410]"
120614,"[76113, 49885, 3828, 107009, 73005, 75621, 37483, 53439, 27775, 100670]"
120615,"[101533, 104670, 71971, 15965, 48922, 105410, 13781, 75327, 58141, 104698]"
120616,"[37994, 88217, 80728, 104865, 56440, 4378, 99289, 45634, 108495, 3263]"
120617,"[80249, 21643, 73072, 16312, 106804, 74025, 65506, 19615, 70683, 92768]"
120618,"[70084, 31160, 40254, 13439, 38783, 95523, 38893, 80121, 97163, 74535]"
120619,"[1983, 99223, 5711, 17486, 53796, 601, 55624, 19085, 66065, 40432]"
120620,"[5315, 105557, 44336, 9998, 62439, 105309, 4469, 56348, 14029, 91302]"
120621,"[79460, 33775, 16500, 61515, 73853, 21304, 8379, 23782, 27247, 17580]"
120622,"[65571, 49021, 78417, 27500, 101792, 37194, 9284, 8574, 23420, 50188]"
120623,"[18915, 65427, 14509, 12987, 16948, 81038, 109469, 17072, 50551, 37018]"
120624,"[6057, 26762, 97952, 53867, 100392, 71329, 47427, 8182, 67744, 65464]"
120625,"[18635, 78272, 25344, 86470, 11845, 21105, 6107, 53039, 2171, 92826]"
120626,"[40385, 85443, 23704, 18221, 88877, 6466, 70574, 5608, 14963, 103295]"
120627,"[35229, 62270, 91769, 22404, 73603, 59047, 10674, 83941, 97185, 23812]"
120628,"[73373, 55781, 56196, 75974, 94117, 27297, 55207, 26685, 104174, 56245]"
120629,"[59554, 16025, 105094, 14418, 93285, 39310, 23646, 21301, 1115, 81543]"
120630,"[73356, 67234, 46894, 1577, 45124, 96288, 44718, 10131, 12884, 102232]"
120631,"[93270, 88782, 42462, 27403, 64356, 92049, 63827, 88607, 76034, 44335]"
120632,"[29266, 5697, 63345, 6872, 38026, 85897, 36091, 22184, 83075, 13591]"
120633,"[95926, 105575, 106598, 4157, 87767, 66490, 43265, 75849, 83262, 8789]"
120634,"[3580, 14152, 20796, 6646, 104445, 14668, 72683, 88471, 14617, 74125]"
120635,"[39020, 52488, 55792, 69001, 23584, 8214, 60413, 45500, 75511, 39974]"
120636,"[24022, 20903, 13166, 84755, 26546, 98446, 101133, 43924, 31807, 49943]"
120637,"[94064, 31265, 34, 15400, 100362, 99412, 68536, 53169, 49848, 65182]"
120638,"[9820, 24444, 77006, 47556, 92006, 78485, 105414, 37084, 68197, 25467]"
120639,"[43765, 69872, 77509, 80284, 36626, 59045, 99987, 21607, 109044, 40380]"
120640,"[25611, 58476, 51732, 21514, 76148, 12076, 96849, 25334, 81112, 99834]"
120641,"[27623, 31405, 67417, 54335, 69959, 15913, 53716, 18672, 35614, 49868]"
120642,"[3824, 79973, 69142, 63828, 49005, 103543, 96588, 109246, 41373, 73133]"
120643,"[64567, 43967, 19131, 22695, 9222, 49357, 46189, 15394, 57738, 55502]"
120644,"[11607, 49015, 97947, 31213, 3070, 107984, 101427, 14628, 33039, 30626]"
120645,"[32178, 9226, 85792, 20471, 9287, 79834, 40999, 49593, 35961, 77255]"
120646,"[47003, 107722, 89652, 3656, 90212, 60962, 22794, 101113, 46669, 21871]"
120647,"[95397, 23543, 84631, 92676, 63170, 807, 68614, 63461, 76692, 7755]"
120648,"[99404, 34899, 74879, 33184, 17173, 62101, 66445, 103139, 51616, 2496]"
120649,"[49049, 83508, 79571, 45590, 95389, 58552, 59945, 109302, 66469, 60122]"
120650,"[86968, 37933, 106602, 35804, 11201, 91281, 93968, 66940, 93479, 102950]"
120651,"[92304, 40431, 59834, 48094, 28611, 71832, 49768, 63797, 31137, 84320]"
120652,"[102169, 21093, 89424, 35654, 52570, 71223, 7150, 15191, 107371, 46861]"
120653,"[68643, 6256, 62650, 101495, 57023, 33079, 15226, 84586, 56645, 67686]"
120654,"[103315, 25801, 86192, 63059, 80468, 3566, 74940, 26012, 93097, 106993]"
120655,"[15964, 43334, 66910, 74615, 109203, 103341, 64196, 96431, 37196, 93869]"
120656,"[96895, 72845, 20884, 40267, 105515, 91197, 16681, 37016, 24540, 1014]"
120657,"[85867, 4748, 86361, 108169, 42351, 17389, 74441, 50357, 33064, 105590]"
120658,"[30776, 46370, 42532, 30754, 22964, 7232, 54684, 84601, 34224, 83889]"
120659,"[87212, 24476, 25707, 34411, 41126, 42835, 45520, 6237, 98902, 90404]"
120660,"[18720, 15792, 31134, 3756, 102600, 33330, 7049, 40410, 37073, 16329]"
120661,"[57574, 49269, 86607, 67736, 93955, 11058, 6429, 103919, 95879, 59802]"
120662,"[102606, 66796, 31648, 102764, 51636, 49205, 26252, 66329, 84999, 53784]"
120663,"[109132, 97228, 85123, 34140, 4411, 58752, 102118, 32888, 35531, 107029]"
120664,"[78477, 59498, 22786, 12091, 13179, 10081, 7601, 90672, 77197, 7954]"
120665,"[87781, 2301, 19574, 57262, 34239, 50376, 97818, 3459, 107639, 73781]"
120666,"[53262, 12451, 101940, 51947, 7967, 105215, 13445, 17402, 18979, 92947]"
120667,"[92001, 77693, 83184, 107640, 106217, 95734, 109614, 94367, 52183, 27948]"
120668,"[12316, 69437, 89561, 94235, 70789, 14821, 10188, 73134, 67183, 90565]"
120669,"[108807, 64774, 22330, 32968, 77833, 67149, 105460, 85886, 101176, 53175]"
120670,"[32586, 92862, 62138, 104441, 108598, 55917, 55916, 95750, 17481, 28399]"
120671,"[56698, 40232, 64140, 47539, 56095, 49380, 34042, 39849, 72651, 103677]"
120672,"[27658, 63907, 54906, 21801, 38921, 18625, 96119, 62634, 60061, 93683]"
120673,"[15517, 48363, 61247, 58078, 105709, 97210, 98217, 20742, 98672, 42989]"
120674,"[41513, 66405, 102163, 28773, 52641, 62234, 50683, 19049, 62228, 16832]"
120675,"[53296, 73171, 103599, 43237, 94327, 36550, 17377, 17851, 91845, 62702]"
120676,"[83228, 18796, 41871, 69008, 75111, 91327, 106196, 82465, 28374, 82158]"
120677,"[50030, 53834, 30253, 55021, 95392, 1120, 59711, 92180, 62431, 84070]"
120678,"[56530, 91118, 46853, 78951, 34860, 62202, 81476, 12479, 93875, 24713]"
120679,"[49359, 40691, 77847, 83578, 101979, 11628, 12190, 28612, 105949, 94590]"
120680,"[102571, 33708, 52577, 44781, 72416, 46695, 33986, 64438, 60461, 95066]"
120681,"[3531, 91262, 36780, 78324, 12449, 29084, 79944, 100292, 53564, 56394]"
120682,"[109310, 16635, 104138, 58128, 53741, 29135, 72625, 81515, 90094, 82919]"
120683,"[72449, 47431, 55185, 15830, 94461, 23357, 37766, 6261, 39371, 9300]"
120684,"[75508, 63672, 34312, 47022, 4272, 35360, 19176, 36057, 67370, 5850]"
120685,"[46766, 11715, 85376, 49454, 59335, 64728, 49353, 71239, 37626, 35734]"
120686,"[107610, 31216, 47530, 10725, 56584, 76291, 28000, 66038, 2359, 46783]"
120687,"[98685, 59010, 33650, 75150, 46125, 31478, 36554, 20350, 95791, 98682]"
120688,"[3904, 106618, 72733, 71185, 50002, 72076, 26135, 49341, 21119, 57514]"
120689,"[6213, 10123, 75598, 51818, 21542, 88576, 94244, 8175, 94753, 92094]"
120690,"[46352, 2824, 55216, 108092, 3569, 19829, 102141, 19007, 24772, 67640]"
120691,"[34620, 12330, 59920, 43299, 16614, 51236, 28502, 18254, 16269, 932]"
120692,"[76301, 38879, 58553, 109617, 38877, 92918, 12269, 59888, 54904, 97460]"
120693,"[39261, 33578, 2614, 18316, 97483, 49840, 39795, 95995, 42459, 38908]"
120694,"[108986, 53212, 935, 27262, 13406, 86528, 48958, 67627, 80197, 39313]"
120695,"[933, 93679, 69084, 39924, 53791, 80164, 39058, 86236, 84459, 61022]"
120696,"[96567, 764, 4771, 31062, 35086, 104343, 47826, 41867, 14546, 78938]"
120697,"[35470, 41688, 97746, 103470, 104181, 88204, 64826, 34386, 29576, 4675]"
120698,"[109711, 45157, 39319, 87543, 59632, 14244, 61763, 62916, 91917, 96787]"
120699,"[67398, 72664, 52413, 21204, 54898, 13028, 25082, 24987, 14491, 57002]"
120700,"[37975, 70986, 62814, 19925, 72505, 70689, 17269, 4740, 59955, 108093]"
120701,"[24256, 45283, 106626, 15385, 52078, 97785, 13899, 60534, 26031, 50199]"
120702,"[73994, 13339, 84513, 63692, 27366, 96355, 92583, 27699, 67741, 109037]"
120703,"[90446, 4705, 62203, 95634, 61192, 70507, 9380, 84813, 59284, 6562]"
120704,"[51989, 7364, 104738, 25035, 30929, 32213, 22927, 6176, 66967, 78603]"
120705,"[93228, 83112, 33674, 8195, 1387, 39733, 29512, 90511, 19608, 49075]"
120706,"[27625, 83303, 1519, 39276, 48182, 39949, 18828, 109112, 62135, 5276]"
120707,"[80013, 63500, 6373, 22428, 52774, 2327, 50363, 90098, 1652, 419]"
120708,"[16266, 77292, 105431, 13020, 97487, 5848, 66601, 82509, 5139, 90513]"
120709,"[41917, 27377, 17210, 54731, 54112, 45465, 85045, 69223, 24271, 104299]"
120710,"[106950, 27085, 19346, 55935, 24171, 32530, 38465, 55984, 31079, 69801]"
120711,"[41704, 23479, 84558, 101935, 5613, 75931, 45233, 84306, 93755, 15924]"
120712,"[56359, 66997, 16427, 83724, 85202, 48435, 12210, 52276, 45070, 82101]"
120713,"[68910, 77035, 95621, 17350, 26733, 28514, 70334, 41754, 60420, 4145]"
120714,"[77703, 3489, 9536, 25813, 61833, 13235, 51256, 79399, 68142, 51058]"
120715,"[59384, 65116, 94930, 9235, 43061, 106635, 73979, 33828, 96741, 84516]"
120716,"[84864, 84881, 7382, 22700, 22001, 99578, 107404, 45823, 96579, 50167]"
120717,"[2005, 50782, 25753, 31091, 81946, 73062, 82074, 8190, 67061, 89597]"
120718,"[100852, 14827, 84809, 26137, 103827, 101875, 46943, 69092, 1724, 3067]"
120719,"[39448, 15434, 57879, 83720, 26071, 32833, 42598, 105601, 39175, 21203]"
120720,"[7064, 71091, 21919, 83792, 45119, 96399, 49574, 45369, 98009, 95817]"
120721,"[9876, 59830, 37656, 98850, 89697, 72269, 85996, 15102, 43447, 77715]"
120722,"[107257, 102551, 57833, 94409, 55228, 65694, 31605, 102536, 31349, 81214]"
120723,"[107258, 15997, 95587, 96872, 86138, 21680, 62304, 16544, 3550, 36751]"
120724,"[24825, 101851, 9245, 15855, 57864, 29500, 100381, 92878, 4522, 106321]"
120725,"[83786, 44658, 68884, 74072, 86711, 41522, 25977, 6878, 84101, 36338]"
120726,"[101528, 102402, 104101, 93644, 87629, 31606, 92093, 61499, 33823, 80672]"
120727,"[94439, 101254, 44049, 9104, 74887, 49080, 27055, 60265, 87489, 50485]"
120728,"[94430, 33821, 18288, 13368, 101579, 86996, 87759, 9699, 38658, 386]"
120729,"[65205, 63890, 61332, 45819, 49974, 64473, 36607, 29773, 10894, 101952]"
120730,"[104901, 89730, 55841, 24401, 21118, 66212, 46641, 30144, 80205, 9457]"
120731,"[107595, 25240, 20018, 21806, 79550, 51168, 101961, 85028, 90226, 31551]"
120732,"[5826, 9327, 67453, 105559, 47964, 62887, 37674, 45523, 12342, 17430]"
120733,"[28520, 81066, 101496, 49610, 82544, 41212, 50465, 40626, 108923, 40151]"
120734,"[74847, 80828, 76241, 90885, 37773, 960, 21613, 23560, 38410, 91345]"
120735,"[98860, 44691, 45718, 8988, 30979, 26826, 80490, 109667, 89894, 101788]"
120736,"[81988, 107628, 68931, 73053, 57236, 57962, 29297, 33656, 98494, 101347]"
120737,"[86697, 24133, 9816, 33433, 67244, 73109, 14441, 20337, 88384, 57286]"
120738,"[8861, 23560, 60841, 45457, 109216, 34921, 55468, 57013, 83281, 93648]"
120739,"[84481, 56511, 66941, 66685, 94803, 46182, 102062, 89014, 7716, 32914]"
120740,"[72918, 83577, 77279, 92347, 50903, 45092, 30104, 40815, 84405, 71925]"
120741,"[32510, 24688, 96420, 9550, 67510, 107954, 46561, 32672, 34836, 21063]"
120742,"[25768, 92386, 21462, 52124, 109402, 29827, 38894, 7642, 73491, 36012]"
120743,"[7298, 2386, 31601, 18519, 72990, 50154, 108275, 68830, 69393, 42579]"
120744,"[18333, 12904, 16517, 32511, 112, 90134, 39805, 101001, 23465, 35036]"
120745,"[28131, 63702, 71763, 25606, 1632, 58224, 44876, 39992, 69767, 57474]"
120746,"[34139, 85442, 62880, 86441, 101442, 36280, 19849, 56120, 47238, 75597]"
120747,"[49538, 39795, 44003, 38908, 95995, 1522, 23403, 45486, 51776, 67847]"
120748,"[19047, 36820, 26476, 81286, 9229, 44257, 14056, 18338, 3982, 70415]"
120749,"[47427, 109049, 53867, 41414, 15232, 15357, 87781, 8182, 6057, 85718]"
120750,"[5913, 32348, 101291, 33636, 10896, 73602, 54337, 78727, 30202, 75644]"
120751,"[55704, 22930, 61385, 47372, 65887, 32458, 105328, 18810, 61232, 20635]"
120752,"[64321, 36729, 41837, 90047, 1292, 35715, 18723, 83777, 23834, 53346]"
